Filename,Label,Contrast0,Contrast45,Contrast90,Contrast135,Homogeneity0,Homogeneity45,Homogeneity90,Homogeneity135,Dissimilarity0,Dissimilarity45,Dissimilarity90,Dissimilarity135,Entropy0,Entropy45,Entropy90,Entropy135,ASM0,ASM45,ASM90,ASM135,Energy0,Energy45,Energy90,Energy135,Correlation0,Correlation45,Correlation90,Correlation135
Alternaria_006.jpg,Alternaria,44.346532671364514,67.04494359428101,38.73070147341447,71.78595990267249,0.8099298180791223,0.7797634938127032,0.8501263732839732,0.798349904798315,1.7581678411274824,2.2594461983953034,1.2747437540038435,2.0937481147821195,2.7117316511184093,2.796941490573076,2.587767414879423,2.7583159953695287,0.43094616207119374,0.42772886880348826,0.43321681763724423,0.4281359837701548,0.656464897821044,0.6540098384607744,0.6581920826303247,0.6543210097269954,0.9960438484667858,0.9940364037750145,0.9965448364328274,0.9936146940167007
Alternaria_009.jpg,Alternaria,68.94831037796284,151.3596895171831,83.41912235746318,103.76452371855456,0.6243858801542023,0.5432330662058109,0.5964655252925676,0.5525507862747304,2.820227418321589,4.495847493414305,3.4048686739269707,4.274608377405539,4.896506704639199,5.196109749327779,5.0266216984619065,5.187664527092052,0.1248830403452529,0.12079139288257318,0.12334809686838127,0.12100349584789573,0.35338794595352696,0.34755056162028164,0.3512094771904387,0.34785556751027535,0.9951844092776093,0.9894303235461465,0.9941725361606203,0.9927539660883827
Alternaria_010.jpg,Alternaria,92.37728219090326,121.67688873695428,94.6188741191544,196.70381467554142,0.6300683992909679,0.5713568356315625,0.6322291384905654,0.5669878370259425,3.6217568866111467,4.808220555410324,3.900264253683537,5.542922640712662,4.544518680261819,4.737325276231333,4.566144040506101,4.784821390358138,0.11958170005761584,0.11608247332568093,0.11852735989618583,0.11522564871734908,0.34580587047882205,0.34070878081681566,0.34427802703075,0.33944903699576034,0.9936132492585741,0.9915871920621439,0.9934612703802577,0.9863997885655472
Alternaria_011.jpg,Alternaria,75.77922805893658,107.58881135755794,77.27386290839206,155.93955237386635,0.6279115284510342,0.567772946670548,0.6437047045117136,0.5723187113460371,3.163997437540038,4.485028856401698,3.215326713645099,4.512256429849786,4.711090376594184,4.935074161408775,4.686584736726429,4.910075308698703,0.13295807156324274,0.12903072176584696,0.13301765110104669,0.12947367132682439,0.36463416126748566,0.3592084656099393,0.36471584980782873,0.35982450073171,0.9947749374226348,0.9925839594670409,0.9946718806771553,0.9892511681604811
Alternaria_014.jpg,Alternaria,95.67224535554132,243.482032616783,153.67216527866753,149.83112469585149,0.6334037495097966,0.5781246365708771,0.6719987324293286,0.5920453595011227,2.1879404228058936,3.6077942448068527,2.591087443946188,2.9614912827525184,5.537830125415566,5.781315931926254,5.480251987905156,5.7049434259776,0.07503367470439784,0.07211688510002076,0.07416048398294518,0.07271759151092312,0.27392275317030135,0.26854587150060744,0.27232422584659116,0.2696619949324026,0.9933239405889313,0.9829984151817395,0.9892907302999859,0.989537763638842
Alternaria_016.jpg,Alternaria,46.46732863549008,104.47730700396147,75.2652146060218,106.04013754549658,0.6165785499707676,0.5710199338561195,0.6462976731825165,0.5372576744001588,2.222613709160795,3.0877757445353815,2.184336963484946,3.170101952583,5.735104741959086,5.9124439244837665,5.623485493474941,5.979730405420404,0.06760844911435286,0.06459631363262991,0.0663139418534298,0.06453072053028974,0.2600162477891581,0.25415804853010243,0.2575149352046009,0.25402897576908373,0.996742664004129,0.9926677706027944,0.9947223788808246,0.9925580909760114
Alternaria_021.jpg,Alternaria,75.44142376681614,149.57232198515956,104.12479980781549,157.1661203724185,0.576317621494122,0.5126373768524213,0.5803545304661721,0.5205061952220749,3.44859064702114,5.0704417945263325,3.7379484304932733,4.932453900138752,5.094486935022238,5.355668923256837,5.1144233115529545,5.322038823226643,0.09679890629020516,0.09359585212787569,0.09670769264406708,0.09337361116447185,0.3111252260589057,0.30593439186838034,0.3109786048011456,0.30557095929500866,0.9947071401340039,0.9895022366158127,0.9926947564555368,0.9889692643546439
Alternaria_022.jpg,Alternaria,112.94831037796286,165.95511673269118,87.31502242152467,180.71579963401638,0.6151033452393666,0.5559946515627229,0.6283199637681324,0.5767665615336255,2.8786034593209484,4.019103541193267,2.7287796284433057,3.898168070944519,5.044029548415148,5.270596377091474,5.025142125778629,5.229084926240647,0.12131833239121605,0.11778896739069346,0.12127703553931958,0.1178661944635094,0.3483078127048201,0.3432039734482884,0.3482485255378974,0.34331646401463095,0.9922004691284873,0.9885420727739184,0.9939705497971185,0.9875229608970418
Alternaria_023.jpg,Alternaria,156.92240550928892,223.76267369140743,111.83652306213965,228.8183554867381,0.6400611645258059,0.5784480776407088,0.6737874258089135,0.5818723067089184,3.425408392056374,4.802871563876209,3.0613388853299166,4.428924772265679,4.677397214671118,4.899270122920751,4.6081022672135346,4.836272263904611,0.08293671886574212,0.07924706114949336,0.08326219067165465,0.07960097902240271,0.2879873588644858,0.281508545428897,0.2885518855797942,0.2821364546144342,0.9891241865721185,0.984478393875295,0.9922489516057365,0.9841276995426597
Alternaria_024.jpg,Alternaria,98.85562139654067,163.41366204830177,64.13793241511851,110.1814635323453,0.6584018672837142,0.5939421139668993,0.6616127707713336,0.614262482797527,2.7421925048046125,3.979971445233164,2.586162716207559,3.4195740915763437,4.508691109926161,4.734229494485763,4.49536649411222,4.671658416949187,0.138225114832212,0.1343286840418599,0.13842202551925822,0.13504586117388875,0.3717863833335105,0.36650877757819106,0.3720511060583723,0.3674858652708819,0.9932082172164202,0.9887779137699789,0.995593463487483,0.9924335219637609
Alternaria_027.jpg,Alternaria,69.26939862267778,74.21098353073658,36.72984064702114,114.14554887490196,0.6474399182519113,0.599987196936059,0.7045915525353647,0.6061243956878275,2.985285874439462,3.5039111986969376,2.1590526905829597,3.840213959661365,4.936643336296285,5.0607883418762185,4.728545616537983,5.085127082760003,0.09243364260696035,0.09065031200227922,0.09389047037365993,0.09046992935335775,0.30402901606090227,0.3010819024821638,0.30641551914624027,0.3007821958716269,0.9952299768246371,0.9948920704658555,0.9974747787535333,0.9921433810394421
Alternaria_028.jpg,Alternaria,43.58420083279949,113.28878521587,74.8963404868674,86.96671962034225,0.5937189399267455,0.5082174351150812,0.6049374403444314,0.5470551947532055,2.1131085842408712,3.5183896720223613,2.5449631646380526,2.938285507450381,5.789832340959291,6.1170456952142285,5.821962014590316,5.990474137937259,0.04984651757519378,0.046921698622480267,0.04901444596453853,0.047479633041477544,0.2232633368361088,0.21661416994850607,0.2213920639149889,0.21789821715993352,0.996903542220888,0.9919364881474336,0.9946802934610923,0.9938100035841924
Alternaria_030.jpg,Alternaria,67.48460522101217,146.94071869532866,135.31077834721333,215.59381849624967,0.5756605094703537,0.4939743520557036,0.5613647738192431,0.4983711422045854,3.444086322869955,5.067003157111545,4.0299887892376685,5.448269621347705,5.549798781065302,5.815050111501535,5.5967701101679435,5.844859117159767,0.044690269130177915,0.04174613131237426,0.042804485964437464,0.041624266881886016,0.21140073114863608,0.20431870034917082,0.2068924502354725,0.2040202609592636,0.9951142856201334,0.9893379489638139,0.9901971463211173,0.9843564648634979
Alternaria_031.jpg,Alternaria,58.084160794362596,83.59707615274789,27.189802210121716,68.08986707957126,0.6202429911688586,0.5762798560213579,0.6701603111844682,0.5738073799755244,2.5127322229340168,3.240061131331818,1.9072909993593852,3.040539725311187,5.157876616612793,5.311294964391255,4.998839340070602,5.297464897844125,0.08812437698839187,0.0872658524843413,0.09074317807298724,0.08668187148557413,0.296857502833248,0.29540794248689606,0.30123608361713117,0.29441785184593366,0.9959559035346368,0.9941822290408173,0.9981088598556863,0.9952614245415231
Alternaria_032.jpg,Alternaria,37.38819266495836,99.87671177783588,78.50856822549648,105.72384323030829,0.6189086342682608,0.5564354378628626,0.643330342548015,0.5572804900057098,2.4520539718129406,3.6552715719198057,2.6297645739910314,3.568561603893101,5.20183831828396,5.418809422900795,5.1394015640162625,5.401471971287603,0.0794412101103927,0.07620042491188245,0.07828624103418587,0.07599890475330018,0.28185317119094594,0.2760442444824424,0.2797967852463389,0.27567898859597584,0.9973959779524976,0.9930376509928205,0.9945315710905338,0.9926300507711237
Alternaria_034.jpg,Alternaria,98.5167560858424,197.82651973697438,127.83424087123637,190.9120834925295,0.5843509296275715,0.5339266491361153,0.6096838884965123,0.5241189017037214,3.6018377642536836,5.07235214864566,3.558456117873158,5.115224516881497,5.220197744277354,5.426777000102837,5.15805507265789,5.442655094880317,0.0992842292197563,0.09612906311839359,0.09872676540298675,0.09573770428535709,0.31509400060895526,0.3100468724538172,0.31420815616878367,0.3094151002865844,0.9931365128961764,0.9862132059939186,0.9910935483649592,0.9866950822777308
Alternaria_039.jpg,Alternaria,70.9124559577194,99.13432805807476,73.13961402946828,152.70697178708602,0.646773529204618,0.6148203629923641,0.6855645445790526,0.5700444170614566,2.0047445547725817,2.6317641617567213,1.9948750800768738,3.0933459349675236,5.266570825933879,5.409762266298223,5.199169038626653,5.517285246700343,0.10110040259885879,0.09793876249720707,0.10009403890803716,0.09748536316771547,0.3179628950032673,0.31295169355222713,0.31637641964602414,0.3122264613509167,0.9951026073016244,0.9931518293493754,0.9949485225219097,0.9894510466472776
Alternaria_040.jpg,Alternaria,42.618954196028184,88.12393170986748,41.78969811018578,59.567033320597645,0.612664858959136,0.5473866241947829,0.6021326687494715,0.5294489071692117,2.6309657270980136,3.8794466005751174,2.823450512491992,3.6913068833075267,5.271829886562844,5.513574677220253,5.324547596674372,5.547093481247508,0.06908470676852982,0.0661150440555823,0.0683121239214758,0.06647725720561022,0.2628396978550421,0.25712845827636877,0.26136588132630434,0.2578318390067647,0.9969917722440902,0.9937744061396372,0.9970500396245777,0.9957918337309135
Alternaria_041.jpg,Alternaria,90.02692584881487,114.07442337469082,42.17913196668802,113.06177481952182,0.6368043119760818,0.6022072753924776,0.709704853687378,0.5987653954054508,2.323930973734786,2.766293309738784,1.5819186418962203,2.7955720002413083,5.360439607271882,5.469306841301048,5.126244462764285,5.494253045746163,0.06525661135330534,0.06403510744376005,0.06683544566012072,0.06366129671669207,0.2554537362289018,0.2530515904786217,0.25852552226060915,0.2523119036365349,0.993737700687111,0.9920604985051292,0.9970678865090257,0.9921309781488538
Alternaria_042.jpg,Alternaria,137.46570707879565,149.0401576544873,76.62053571428572,206.2361599871303,0.6230777575572418,0.5484395134442741,0.6198962823017545,0.5432539976063202,2.8740590967328634,3.763518269018078,2.6808736386931455,3.990508556375556,5.348997588850253,5.594770057147318,5.365746874296587,5.596168756241051,0.03578747717443596,0.03394193973472602,0.035990407213089846,0.03405635867482008,0.18917578379495606,0.1842333838768805,0.18971137871274313,0.18454364978188786,0.9899687929310431,0.9891105045493432,0.9944100135015677,0.9849315260981731
Alternaria_043.jpg,Alternaria,37.214666079436256,76.6186329908102,54.711142696989114,83.70685113314164,0.5788294511016142,0.49948407018325724,0.5904737324160336,0.49970199343947996,2.924867873158232,4.203704076092421,2.998538597053171,4.117597377787609,5.291527055397379,5.53702852061444,5.261198531712697,5.514228390674204,0.04249055009689507,0.03998252260243342,0.04145311337448974,0.03991254489983018,0.2061323606251456,0.19995630173223705,0.20360037665606057,0.1997812426125891,0.9972985292277562,0.9944291569133091,0.9960276746828766,0.9939137816123703
Alternaria_047.jpg,Alternaria,131.19744955156952,152.5922097769913,58.399083119795,176.90707635383777,0.6544468448908284,0.5617648281906851,0.6427189887638072,0.5830073874944259,3.2998278347213326,4.324116712582196,2.8219690903267134,4.294717368135293,5.036467618226317,5.291233721703095,5.032810755224832,5.248211675303275,0.044995916291042354,0.04202134615646284,0.044875339895486074,0.04222665466951935,0.21212240874325927,0.20499108799277796,0.21183800389799295,0.20549125205107724,0.9906152182814142,0.989059953175419,0.9958215327997557,0.9873167070472392
Alternaria_048.jpg,Alternaria,28.146921044202436,64.35538619316696,37.28319186418963,54.276518731524874,0.5949969897279688,0.5370434444626195,0.6290229392067272,0.5457370314258778,2.44240470852018,3.4703895111504353,2.344570787956439,3.2141205332904343,5.337206671052002,5.549305756486346,5.241198034690926,5.506875186887099,0.07582543936285178,0.07339078313215093,0.07602694807386653,0.07394952548542154,0.27536419404645146,0.2709073331088528,0.27572984617894836,0.271936620346399,0.9980418474312328,0.9955237236318594,0.9974089126061081,0.9962247651282268
Alternaria_050.jpg,Alternaria,78.61006566303651,100.58867059462287,86.0209401024984,169.96867019244303,0.6451367585522952,0.5692147051663925,0.6711160838471825,0.629638195393173,2.557375080076874,3.644392607935008,2.4928331197950033,3.332582597679422,4.9389301242846955,5.192347204975347,4.881442266836621,5.042365863226226,0.09157447339388156,0.08801888806860018,0.09183244045289243,0.0887992773635291,0.30261274492968987,0.29667977360885284,0.3030386781466888,0.29799207600795213,0.9946068130251638,0.9930955744428801,0.9940983764634853,0.9883333180223067
Alternaria_051.jpg,Alternaria,24.85820387572069,86.65541233485493,77.22901985906469,100.01365400470551,0.6443977076427233,0.5425806457516782,0.6093222701724063,0.5657103644023354,2.4010049647661758,3.961853244585655,3.23886931454196,4.033923867361098,4.991829200950509,5.303008209610134,5.131411462914826,5.284170267979093,0.04242947348609052,0.039477162747256545,0.04066973500999141,0.039614851245788216,0.20598415833769965,0.1986886074923687,0.20166738707582693,0.1990347990824424,0.9982373591010327,0.9938455025142431,0.9945196015203115,0.9928967689237493
Alternaria_052.jpg,Alternaria,36.19030269058295,54.65145086368115,35.134288917360664,70.88749019686702,0.6986981334733591,0.6531265666782446,0.7233870755640487,0.6508961645008972,2.055413196668802,2.807094451929458,1.8884128763613068,2.791731183011925,4.166488348868983,4.321465893866303,4.104793537327474,4.325177440563215,0.17672270212042898,0.17281162766033936,0.17698820924942532,0.1729391714886598,0.4203839936539318,0.41570617948298455,0.420699666329111,0.41585955740930114,0.9974958297473042,0.9962222429291004,0.9975689001026405,0.9950999339798404
Alternaria_054.jpg,Alternaria,144.3817264573991,254.9068752639305,93.38488949391416,148.90188823422955,0.5867573140226684,0.5367131120239255,0.5971101652657929,0.5223621793733242,3.6689221652786674,5.071929859840335,3.3669923126201162,4.7713406664119535,5.159579018827932,5.355451166919299,5.1134012464994845,5.3759878547810205,0.08628087917155114,0.08411717188352931,0.08680178282650386,0.08374291776310269,0.2937360706000391,0.29002960518459026,0.2946214228913163,0.2893836860693821,0.9899238036226764,0.9822045692366399,0.9934847221774815,0.9896049361561465
Alternaria_055.jpg,Alternaria,78.32999679692504,161.05176054213837,97.81722453555412,135.29630597840293,0.5759849678712549,0.46279895176700064,0.5140385051674037,0.4426858890008877,4.2692184497117225,6.636389229624565,5.227178090967328,6.6257515735285235,5.070265731520282,5.41292586941416,5.257620174852157,5.447169669532212,0.022972543912816133,0.020504208277908477,0.021744968098586687,0.020252356806447405,0.1515669618116565,0.14319290582255978,0.14746175130720063,0.14231077544039805,0.9938667068826647,0.9873365861252769,0.9923326507816717,0.9893617051608841
Alternaria_057.jpg,Alternaria,158.53397261370915,168.43421343682758,79.48534593209483,220.0337629954352,0.5738772502368696,0.5048160667652722,0.583092058339282,0.48457671482394127,3.8095571748878925,4.908383438235235,3.3711162716207568,5.137706368517364,5.471335088361303,5.696238192962084,5.438065844231788,5.722375452831462,0.029524724460979014,0.027707992881756145,0.029740968650532315,0.027510869656767984,0.17182760098709116,0.16645718032501974,0.1724557005451902,0.16586400952819144,0.9880978279336167,0.9873249829228917,0.9940338975980826,0.9834420118893867
Alternaria_060.jpg,Alternaria,44.96678811659193,98.20790685515495,66.65374759769378,95.58396509079209,0.6325495426878097,0.5717399108037273,0.617302948281196,0.53701332937236,2.6141696028187056,3.595105471656378,2.76109064702114,3.8900239296989683,5.165190951187487,5.3577610442920225,5.185824332593048,5.450515206796041,0.07251051877034495,0.06912205006572088,0.07084983338489252,0.0689906070851329,0.269277772514452,0.262910726418153,0.26617632010547543,0.26266063101487613,0.9968827648771093,0.9931843398403494,0.995375211678985,0.9933664422383869
Alternaria_061.jpg,Alternaria,120.09220852017937,120.82653984596513,63.46414557975657,179.3520279917151,0.6755120496939978,0.649724156329292,0.7020006062792864,0.6049400538042479,2.3518978219090325,2.674355004122343,1.86388933376041,3.138269420257797,4.890906484604287,4.9870716470944005,4.8016902489544115,5.1065379456966795,0.13158526764489553,0.12937845255249547,0.13282864618579643,0.12882163096388874,0.36274683685029635,0.3596921635961722,0.36445664513875503,0.3589173037955801,0.9917196133484955,0.99167164866531,0.9956238416194221,0.9876375943264751
Alternaria_062.jpg,Alternaria,59.64037475976937,124.5096422610549,66.03499359385009,87.66401898288724,0.6226557122016263,0.5636058877454755,0.6265188344792081,0.5579148205342774,3.2210522101217167,4.6916286271592025,3.407150864830237,4.529469725914456,4.620278701514429,4.846173829715461,4.6424744121254635,4.85362816238757,0.10517525676346923,0.10136670307248966,0.10408215862243768,0.10148791343206343,0.3243073492282733,0.318381379908577,0.3226176663210458,0.31857167707136713,0.9958841910509847,0.991405239894352,0.9954424797390239,0.993948651691769
Alternaria_064.jpg,Alternaria,102.15196588725178,127.91795531782259,64.67979260089687,160.34792575760622,0.6178724368312825,0.5518628037285469,0.6336752340029264,0.5454902895098355,2.9710722293401672,4.079591385308372,2.846112267777067,4.136258521184821,4.973721342985529,5.204008533675801,4.9713985144120265,5.212902437919428,0.06894433899176139,0.06556805031211009,0.06842356137869295,0.06581405699779208,0.26257254043742156,0.2560625906143068,0.2615789773255736,0.25654250524580147,0.9929242583179722,0.9911287800676724,0.9955196184636428,0.9888797337984802
Alternaria_066.jpg,Alternaria,114.8151625560538,166.14858533250214,63.58480140935297,148.1093325825977,0.6722365860336004,0.6140521014569934,0.6983255353582004,0.6191736425382206,2.5940703074951954,3.6677391461722535,2.3438500960922486,3.4185083150676667,4.590211224564444,4.803706546095897,4.55355073044747,4.778382834648778,0.11107312283084524,0.10721896022174059,0.11120507145059126,0.10774087383334739,0.3332763460416074,0.32744306409166857,0.3334742440588047,0.32823904983007035,0.9921239712298406,0.9886019221621505,0.9956382388830162,0.9898394458315128
Alternaria_069.jpg,Alternaria,61.48068145419603,113.05546059643265,73.21560698270339,117.31840575921493,0.6189999740851768,0.5575791770697651,0.6106950432105737,0.5509700239805526,3.0484264894298523,4.385549679261597,3.203955797565663,4.330209736773312,4.876758987585978,5.107413725418532,4.904490908410649,5.111217812376231,0.11471968607159479,0.11144794336673183,0.11389264812092767,0.11102620248480055,0.3387029466532507,0.3338381993821735,0.33747984846643464,0.3332059460525886,0.9957402783038017,0.9921665889978006,0.9949264668836648,0.9918712171390353
Alternaria_072.jpg,Alternaria,70.63186659192824,307.2082084900159,249.7650544522742,254.65625691246555,0.5847469307170358,0.4860572173825452,0.544370927367672,0.48336523675902676,3.511751281229981,6.357919925998916,5.094530749519539,5.871523658227593,5.2158955657933035,5.567197281828845,5.381651473666784,5.54965209527479,0.0469194068201694,0.0433143317368931,0.044765074487523385,0.04349041227733914,0.21660887982760402,0.20812095458385035,0.21157758503093702,0.20854355007369357,0.9946975163792229,0.9768852197218524,0.9812475805359501,0.9808393029147251
Alternaria_073.jpg,Alternaria,89.1589125560538,136.8355084558306,57.889954356181946,119.80106175471053,0.6121288846284151,0.5580224937100664,0.6085737642874514,0.536884322035809,3.0439221652786674,4.034688009008828,2.932595291479821,4.306923525508255,4.957603165291433,5.1560729612081415,4.977134198349388,5.219154190448473,0.10243550897266242,0.09999527912439068,0.10307926980016126,0.09935071134474023,0.3200554779607161,0.31622030156900216,0.32105960474678413,0.3151994786555654,0.9938149999901272,0.9905067635587587,0.9959847270333613,0.9916885622892516
Alternaria_075.jpg,Alternaria,85.23700752722613,80.79675843069435,45.89660073670724,149.15136037322287,0.6177913250274192,0.5771533659415136,0.6687088619824311,0.5546404934158226,3.1410754324151187,3.7109131492690377,2.4382006726457397,4.178567837680227,5.1020307701708205,5.233223020341693,4.92273088632073,5.26604248795217,0.07573275248947509,0.07442852294668051,0.07787904359036693,0.07405140061914636,0.2751958438811805,0.2728159140275371,0.27906817014909985,0.27212386999149185,0.9939750664340603,0.9942929038184437,0.9967611673230453,0.9894646620013833
Alternaria_076.jpg,Alternaria,61.07487187700192,98.58772547205857,48.453815663036515,95.66287277041565,0.6126440128032666,0.5554248464354851,0.627991873687003,0.5499227328442754,2.825432415118514,3.7478935832210585,2.580497277386291,3.8386253493937135,5.077770228855001,5.269909214752342,5.014019869780898,5.279146154833884,0.09996958166482997,0.0970837777792374,0.10038971433235738,0.09687678829382135,0.3161796667479267,0.3115826981384515,0.3168433592997609,0.3112503627207868,0.9957408334024344,0.9931229848467339,0.9966210298886721,0.9933270087883955
Alternaria_078.jpg,Alternaria,48.1321268417681,52.48402340686521,30.006846572709804,82.93060387299161,0.5425595034595281,0.5009419343655777,0.6169694130348986,0.5006845170223914,3.2792680973734782,3.8841722133966097,2.5237828315182576,4.221198898027308,5.454825834896964,5.594876716763828,5.244641182957511,5.609579999350701,0.053956847420416613,0.05268599627471697,0.055268182174618576,0.0524547736135594,0.23228613264768222,0.2295343030457909,0.2350918590139152,0.22903007141761844,0.9965576420009012,0.9962460226768974,0.9978573503373876,0.9940682976242691
Alternaria_079.jpg,Alternaria,76.72325432415118,133.90196867019245,80.91485826393338,131.85841259627176,0.5287588617621595,0.4597741518886437,0.5417095912833504,0.460411251536589,4.0000800768737985,5.4811277122001245,3.976637572069186,5.436767278650285,5.51506303619615,5.75127395430318,5.491124801744701,5.754074071409796,0.026611306784045042,0.025108080204408467,0.02692387262239399,0.02498352164874706,0.1631297237907459,0.1584552940245559,0.16408495550291619,0.15806176529682014,0.9941312025912873,0.9897433167655474,0.9938126776120495,0.9898998499930284
Alternaria_080.jpg,Alternaria,61.72325432415119,79.69048241468761,34.52998878923767,97.47885539624767,0.5984460925478053,0.5436470187117857,0.5970636086825214,0.49831316659425307,2.952714606021781,3.730177562388144,2.6667600896860986,4.301715296909248,5.2192579908339525,5.399472815617185,5.203701086465635,5.508953647652506,0.052971530319651385,0.05158207075140198,0.05444318213486228,0.05082240852905302,0.23015544816417313,0.22711686584532198,0.23333062836854976,0.2254382587961791,0.9956488705353483,0.9943742571447548,0.9975667430936884,0.9931184884610278
Alternaria_081.jpg,Alternaria,59.109545163356835,85.97068109151601,45.69218449711723,92.93699853204367,0.6755316259179163,0.6412107020096098,0.6921123605934498,0.6165197673939788,2.5442424727738633,3.238874700878763,2.3276745675848813,3.4855717991514004,4.34596545808849,4.468827012222499,4.2976460716777085,4.545282206774778,0.14821781160073835,0.14484026033662525,0.14865199322932332,0.14461970378273867,0.3849906643033547,0.3805788490400186,0.38555413787083564,0.38028897404833956,0.9959549957852419,0.9941204900043967,0.996873177109356,0.9936440655710422
Alternaria_082.jpg,Alternaria,95.2915598975016,179.1242132357377,87.9925528507367,130.93997466267166,0.6186873534204107,0.5694446755402908,0.6232388681742123,0.5593328973212065,2.7087203715566948,3.7923143437430875,2.7660554131966686,3.803092762774236,5.093175779521766,5.3018703557058116,5.105334625754293,5.319701636246315,0.11263801818772284,0.10955533569759839,0.11234768902329453,0.10908965863818995,0.33561587892667244,0.33099144354136767,0.3351830679245217,0.33028723656567466,0.9934138347869625,0.9876196513633418,0.9939182785012459,0.9909499530660013
Alternaria_085.jpg,Alternaria,85.03891736066623,152.93860725130205,86.48430493273543,132.5647811136359,0.634329595348565,0.5631735010153325,0.633993669788601,0.5575140367346141,3.0416399743754003,4.393211204729635,3.2150064061499037,4.405196163204568,4.697541478698535,4.937819544524013,4.727778816941678,4.943623697962295,0.0987063830877258,0.0950382325598134,0.0984203203108296,0.09479484337090378,0.31417572007990335,0.3082827153114709,0.3137201305476421,0.30788771227657624,0.9941030354805284,0.9893899641004531,0.994002806085636,0.9908033876343589
Alternaria_087.jpg,Alternaria,121.85311899423445,172.97769912928072,97.84843449711722,198.57946067686862,0.5542818884821823,0.4876803039465517,0.5634628534348292,0.48628926129330985,2.9218249519538757,4.0526453377305,2.7666760089686098,3.9118421846407525,6.233297654492791,6.485228548336375,6.206428911001311,6.475150791546486,0.026836777479987448,0.025565453697082404,0.02716523802151795,0.02559827531928597,0.16381934403478562,0.1598920063576738,0.16481880360419424,0.15999461028199033,0.990948436889596,0.9871223438407837,0.9927341993735055,0.9852163716609035
Alternaria_089.jpg,Alternaria,131.03951793721973,175.09002795149712,88.05721492632927,189.1391743248406,0.6141738624516843,0.5747140285102863,0.6592777759254519,0.560868367739048,2.599575592568866,3.330048864847473,2.098134208840487,3.2574956262945163,5.714519740697248,5.871987247655538,5.559701710354506,5.887402945928315,0.06937476040419685,0.0672257345120432,0.07033374757576367,0.0674388791383708,0.26339088899238117,0.25927925970282156,0.2652051047317221,0.2596899673425425,0.9908363735904104,0.9877495716343984,0.9938457421134215,0.9867666026826077
Alternaria_090.jpg,Alternaria,36.89325752722613,64.61658187375575,24.396941063420883,46.17502865531179,0.5382689926271479,0.5088286257042952,0.5997755326164472,0.4789519124068617,2.824031069827034,3.4277785597940835,2.0307895579756563,3.492851253795572,6.067806570502721,6.189081687387393,5.822154572708401,6.247277700493013,0.05682401794544032,0.055649825112699225,0.057950090366700784,0.05537999346431313,0.23837788896086887,0.2359021515643705,0.2407282500387123,0.23532954226852423,0.9973873636792189,0.9954265600452166,0.9982754548878333,0.9967318184459515
Alternaria_091.jpg,Alternaria,107.25304292120437,179.0034788553962,77.56005765534913,140.84465804661264,0.6406643834512024,0.5774018416571578,0.6686216319256252,0.5869901823854629,2.2404708520179377,3.213778680448028,2.0373959000640616,2.8751030585774897,5.62884935943787,5.847430551232406,5.559236015838701,5.826494893510096,0.08540036118850909,0.08211900384093122,0.08538963640681214,0.08255558839218442,0.29223340190421265,0.2865641356501738,0.2922150516431557,0.28732488300212433,0.9925594762378144,0.9875742607384648,0.9946193838770141,0.9902231006433061
Alternaria_092.jpg,Alternaria,68.64702114029468,157.01288986305775,112.574831838565,132.06438898831667,0.6106635912631748,0.5337005098443156,0.6204486047660555,0.568365280291569,2.7060778347213326,4.068812966277222,2.9630445227418325,3.829314886685837,5.472804152614127,5.741335480247664,5.465215033538799,5.671214444755348,0.04948535507604277,0.046253616639629735,0.04785985541475357,0.04658040603679901,0.22245304015913733,0.2150665400280335,0.21876895441253444,0.21582494303670977,0.9950632384325456,0.9886843198532265,0.9919122585231789,0.9904823203631611
Alternaria_093.jpg,Alternaria,65.83694346572709,146.49387681232278,100.88731181934656,117.11214784129984,0.5643162950301589,0.4856000156987098,0.5688959179197767,0.5047174006022004,2.949171204356182,4.459048040378853,3.118934176809737,3.840978101309095,5.81918366191715,6.097825979005853,5.8071010320779735,6.008921818417954,0.0432393555131953,0.040507986191510414,0.04199485582071666,0.04121116964312759,0.20794075000633064,0.20126595884925602,0.20492646442252563,0.20300534387825261,0.9952638362062893,0.9894398429173801,0.9927438001591898,0.9915578541274351
Alternaria_094.jpg,Alternaria,135.29190022421528,216.99806953688994,105.75056053811662,185.2973717549116,0.6045323581125408,0.5375032581242272,0.6331149516145953,0.5696506770162693,3.1566904228058945,4.389973657222144,2.8345611787315823,4.117858794667095,5.4054853156702425,5.640953498145143,5.319650260273057,5.572646826462243,0.06326300967538703,0.06003693045727296,0.06253061575403226,0.060320462212355805,0.2515213900951309,0.2450243466622714,0.2500612240113054,0.2456022439074118,0.9904360866175658,0.9846370686383301,0.9925216174290908,0.9868814003283811
Alternaria_095.jpg,Alternaria,118.60193786034596,170.4905789378431,88.30785554131967,163.72619598222366,0.5949414379273921,0.5326559748419837,0.6209570677129271,0.5512481142902184,3.260289878283152,4.416778941864908,2.7383888532991674,3.894307144724406,5.403414009793224,5.61486292177692,5.284797298712821,5.536762777688525,0.08962889026732805,0.08650453557378092,0.08966758011618123,0.08736081852647765,0.29938084485706173,0.2941165340027332,0.2994454543254601,0.2955686358977854,0.9917709773035726,0.9881643227579208,0.9938726558922636,0.9886339150011012
Alternaria_097.jpg,Alternaria,187.47141255605376,289.78250115626696,174.88444907110824,310.0424299704398,0.5934148095536199,0.5263429607484373,0.6057153742671311,0.5405402600482722,3.5846012171684807,5.034044521305476,3.6211162716207563,5.071125500211144,5.563437253949451,5.822586308206601,5.545977584988572,5.77233660141204,0.06847419274425291,0.06528286346444429,0.06762042269258822,0.06565354779319688,0.26167573969371505,0.2555051143606411,0.26003927144296535,0.25622948267753437,0.9868011398851074,0.9795723430437464,0.9876761789549747,0.9781441585463296
Alternaria_099.jpg,Alternaria,63.45657831518257,187.6110720102958,135.06073830877642,156.02543787327312,0.5731484673281992,0.5035576406021076,0.5951421283825499,0.510986100826527,2.935758327994875,4.638199038790242,3.5296684817424726,4.522532124112691,5.740311623512548,6.027618296240868,5.751069181877284,6.002069758645475,0.04352991732409044,0.04056848805437697,0.042097739262106734,0.04057624288897488,0.20863824511361873,0.20141620603709368,0.20517733613171493,0.2014354558884182,0.9954316611618732,0.9864623847012511,0.9902607403037722,0.9887415367754453
Alternaria_100.jpg,Alternaria,127.14612027546445,188.86504856321255,112.71118273542601,218.03153089746422,0.5406477255946674,0.5050989404489612,0.5748250744048896,0.47900216687984154,3.5109905509288923,4.49789861046874,3.3323790839205634,5.002875585674355,5.949037501569968,6.106556085027656,5.868629292200769,6.209679425279861,0.05830836492366433,0.05642732557757379,0.05801273538740689,0.0558908444823852,0.24147125071872289,0.2375443654932143,0.24085833053354597,0.2364124457011204,0.9910007648134388,0.9866201670191279,0.9920277850377911,0.9845539156653671
Alternaria_104.jpg,Alternaria,52.140174567584886,66.16967966377769,62.479620435618195,123.92270103963483,0.6234036643014779,0.5900935032245127,0.6472813964456874,0.5450724954900347,2.0725496476617558,2.6772305897966984,2.0398782831518254,2.986345995294496,5.632927632429357,5.80408942258563,5.572530177437545,5.864600303053635,0.06983582702719408,0.06712597403912031,0.0699178556465456,0.06691874941167231,0.2642646912230124,0.25908680792182437,0.264419847300738,0.2586865852951643,0.9963695222781136,0.9953877481303339,0.9956495951165368,0.9913621659879818
Alternaria_107.jpg,Alternaria,56.95303491351699,154.11425928532645,151.72897982062779,195.00601258822817,0.6297883056859518,0.6033774462809792,0.6955025418521554,0.5698923491473107,2.203635490070468,3.1105391220414647,2.592408712363869,3.714532767600394,5.709696928865323,5.815913231969165,5.55698142991307,5.9558493095751475,0.0507867415386933,0.0482310915768545,0.049680067945304364,0.04772319611013566,0.2253591390174654,0.21961578171173057,0.2228902598708709,0.21845639407015685,0.9959474415332781,0.9890132621124847,0.9892241332271533,0.9860981069712068
Alternaria_108.jpg,Alternaria,120.66287636130686,197.1828510527057,126.48086162716207,209.60244525327272,0.6174874726459394,0.5859928191949562,0.6500138453573829,0.5685177043038524,3.533952594490711,4.6870437772728195,3.2051569506726456,4.67208268816988,5.020927804909023,5.205331832336,4.941586348690478,5.209233760493965,0.08640458256806738,0.08299464729269615,0.0866549105671233,0.08336549134819438,0.293946564137204,0.28808791590883526,0.29437206145815414,0.2887308285379211,0.9916604833137447,0.9863622062819695,0.9912583779879963,0.9855032276088003
Alternaria_113.jpg,Alternaria,37.074091127482376,65.91355144885279,26.597493593850096,46.0872529107764,0.540843692237658,0.4501960541131509,0.5430377068992284,0.4788394106150553,2.755064862267777,3.9304027830843173,2.534793401665599,3.4854310362162924,6.17254544827877,6.448104017953684,6.121739908570183,6.378888055516784,0.023452258923531363,0.022241520910858823,0.023774100362485076,0.02248691942179254,0.15314130378030402,0.1491359142220908,0.15418852214897538,0.1499563917337055,0.9971976559255453,0.995008113795459,0.9979899898105027,0.9965095977788837
Alternaria_114.jpg,Alternaria,48.79682495195388,49.82647951899294,48.73130204996797,113.39542319370989,0.4988285889229357,0.4618132905704423,0.5699965649782468,0.4422608585355,3.015474855861627,3.6009370789680064,2.569066303651505,4.194514267328922,6.484486173293069,6.636378615064281,6.272503594281256,6.694018309992908,0.020414650715231145,0.019512300334486286,0.02034032067004697,0.01950435625402255,0.14287984712768678,0.13968643575697065,0.14261949610781469,0.13965799745815688,0.9962608885778259,0.9961717999309683,0.9962731747920137,0.9912876872191094
Alternaria_115.jpg,Alternaria,43.43802049967969,51.38949104144463,37.36050608584241,87.92225864183877,0.6201391700540668,0.5602007929294384,0.5959997670975101,0.5196478515849111,2.2739830237027547,2.9321723742685357,2.3186258808456115,3.5401475999919567,5.439487865101846,5.649125527395907,5.466382589103793,5.754042877555928,0.07187622350800779,0.06917698838319228,0.07181618308573028,0.06853413230813585,0.2680974142135798,0.26301518660182394,0.2679854158078948,0.26179024486816893,0.9969803139749159,0.996423949999395,0.9974028052655317,0.9938817375557241
Alternaria_116.jpg,Alternaria,55.99399423446508,99.29688913913411,53.28649503523382,96.43924068451004,0.6235537965106469,0.5602374749341543,0.6657794008424378,0.5634663319109724,3.0367953235105705,4.047236019224195,2.4896100256245997,3.9268233827344203,5.282999938169123,5.461645775053852,5.080810449019099,5.432225845549279,0.07121409603347337,0.06960856823047454,0.07345474200876656,0.06964926842495756,0.26685969353477373,0.26383435756260887,0.271025353073779,0.26391147838803364,0.9961109537920748,0.9931006270353562,0.9963016654178417,0.9932991759541195
Alternaria_118.jpg,Alternaria,94.24181213965406,125.89772567314846,81.81171925048045,156.8881739025518,0.6104320782666498,0.554502516075923,0.618260449646439,0.5405867890278742,2.770519698910954,3.6264553882040658,2.5207999679692508,3.6771300448430493,5.623036568213364,5.820995070102342,5.548121742153047,5.836487364893647,0.0567353431715972,0.05433048724763882,0.05684355563980756,0.054413791619851035,0.23819182011898982,0.23308901142619062,0.2384188659477424,0.23326763946130855,0.993364742143705,0.9911256467013706,0.9942435116878569,0.9889411736697875
Alternaria_119.jpg,Alternaria,60.95019218449712,136.7247280259004,109.25792761050607,163.93923063001466,0.5477491266657756,0.4726390856686461,0.5317167968104891,0.4473954777460448,3.241952274183216,4.668221761949768,3.8199471492632924,5.327474914034065,5.922209384733116,6.16236945104011,5.964292843874222,6.276616197594963,0.03721559063613304,0.03502367577590172,0.035716839415037664,0.03443009782813111,0.19291342782744036,0.1871461348142187,0.1889889928409527,0.1855534904768194,0.9955682687450534,0.9900360674544373,0.9920573739512576,0.988052787091597
Alternaria_120.jpg,Alternaria,59.53295163356822,152.36916085181684,74.82455156950672,86.07034124957268,0.6695578925948611,0.6016013819872335,0.6873086645558018,0.6224479227997781,2.6116271620755924,4.063785718594784,2.6913036515054456,3.410243519877737,4.84309041741392,5.0814176756375335,4.8238105772547515,5.0191486212056615,0.11574742297929522,0.11163902042892986,0.11478809675706363,0.1125566855612664,0.3402167294230183,0.3341242589650291,0.3388039208112321,0.3354946878286844,0.9959344996843079,0.9895949339333563,0.9948899002994123,0.9941223828885472
Alternaria_121.jpg,Alternaria,136.2636130685458,213.14496571417078,136.55281069827032,239.82014518691307,0.6187557807310851,0.5614365674989975,0.6247625814008055,0.5476061491263997,3.4650864830237023,4.895775101047678,3.467168481742473,4.792535542641115,5.105098357135994,5.317356967224303,5.086899286455601,5.321454790143684,0.09822424863390958,0.09472368813846876,0.09817175970353706,0.09489569847749932,0.31340748018180675,0.307772136715572,0.313323729876205,0.3080514542694115,0.9903447406237106,0.9848916349884893,0.9903242488866788,0.9830008169395088
Alternaria_122.jpg,Alternaria,92.10133728379243,119.89571477407549,116.64846252402306,225.03380321341672,0.6382524283522886,0.6184910574424367,0.6475812715583085,0.5469493066810616,2.8776024983984625,3.3952019948118806,3.0145339525944905,4.720867099680267,5.341623762250185,5.409677328507998,5.313893271551493,5.64253322587344,0.057825226543234215,0.055194757548550646,0.056823752836675775,0.05408224600500269,0.24046876417371596,0.23493564554692556,0.2383773328919421,0.23255589866740145,0.9935218034385461,0.9915523697611727,0.9917907564653854,0.9841445345701793
Alternaria_123.jpg,Alternaria,42.32959641255606,49.17265579440568,26.835221812940425,75.7367733113475,0.6155425097043895,0.5350262449558347,0.6277356370382328,0.545736870648321,2.762091607943626,3.5308773552655395,2.3643697950032037,3.709787045788172,5.525787562188565,5.73924841521863,5.4487029680874945,5.732666200065675,0.03346713906368691,0.031652317288271274,0.033637474350456525,0.031948171860694076,0.1829402609151056,0.17791098135941827,0.18340521898369339,0.17874051544262168,0.9969145758199713,0.9964090850677744,0.9980452842273456,0.9944691944914842
Alternaria_124.jpg,Alternaria,71.90222613709162,107.65171228056063,28.584280909673286,75.87793842627038,0.6187688237467395,0.5349424155595366,0.6257967985427152,0.5732590203212758,2.128323190262652,3.1088499668201655,1.8128203074951954,2.462868748617507,5.999097367526804,6.2935493901836095,5.978244112831934,6.1545259468679925,0.03838168025353027,0.036785740595424395,0.03880788637649477,0.037340379184444314,0.19591243006386877,0.1917960911891178,0.1969971735241264,0.19323658862763107,0.99482079080629,0.9922350129762155,0.9979409884313934,0.9945268756549273
Alternaria_125.jpg,Alternaria,107.77192104420243,89.5814715759416,74.00616591928251,215.3252830340445,0.6572027926209304,0.6008356488039799,0.6481339549451979,0.5872888597210494,2.887552049967969,3.3030022723159522,2.7023542600896864,4.316495405095618,4.8969708935817415,5.019790453198615,4.894612349817761,5.148948091627467,0.06322832831914538,0.06144017824087906,0.06338552599380737,0.060857216056126665,0.251452437488972,0.2478712937007411,0.25176482278866397,0.2466925537103353,0.9924520280038601,0.9937264500723818,0.9948197285190761,0.9849203871065301
Alternaria_126.jpg,Alternaria,84.30200992953235,93.79734159142552,37.665078475336315,113.96094834000283,0.6544649801923531,0.5799485725438243,0.6717371417845537,0.6050176106806916,2.695747918001281,3.5082547406945648,2.1408552210121714,3.3649178547728686,4.897369215096942,5.116427174689543,4.825718256474228,5.0553838347902715,0.0849336777864726,0.08210562440084043,0.08601379581765567,0.08237842110331016,0.2914338308887158,0.2865407901169403,0.293281086702937,0.2870164126026771,0.9942145693889506,0.9935596340642945,0.9974156271648278,0.9921751491328328
Alternaria_128.jpg,Alternaria,125.02642536835361,268.47119387077964,169.68758007687376,223.39592591847816,0.6091827766680433,0.5255169125344565,0.6096856746536086,0.5359548176179192,4.135049647661756,6.146674978382835,4.381526265214606,5.7181523859317505,5.028490472720694,5.284265463694646,5.038543018183887,5.2818004950521855,0.05163503387819893,0.04810885633769328,0.050982862910982626,0.048534056011319694,0.2272334347718199,0.21933731177730176,0.22579385047202377,0.22030446207764312,0.9911118611000258,0.9808765523500889,0.9879294162022663,0.9840873047386914
Alternaria_130.jpg,Alternaria,80.99495515695067,98.15479901063767,99.48254324151186,181.14810271672465,0.6713380124365169,0.6074890556473223,0.6727305621203403,0.5927087338315113,2.664838244714926,3.4433027006374552,2.931934657270981,4.17177099881357,4.96794806000941,5.132469089672204,4.984704037962105,5.235465722526723,0.05079880148267127,0.04815715527937206,0.04954597821660235,0.047302772064020726,0.2253858945956274,0.21944738613018852,0.22258925898749551,0.21749200459791787,0.9942609999008577,0.9930345860257449,0.992959715397965,0.9871450857340542
Alternaria_131.jpg,Alternaria,126.5961723254324,251.51893261477204,147.93603859705317,202.1917392266082,0.6379550948917265,0.5636671344726527,0.6545272005595962,0.5870857094811484,3.9882286995515694,5.688974240382875,3.74025064061499,5.161716503448691,4.688164195640496,4.895133477951664,4.622440888647976,4.8807509453509095,0.08568384922427512,0.08227174567541182,0.08657424215812201,0.0830367112300904,0.2927180370668591,0.28683051733630405,0.2942350117816063,0.288160912044105,0.9912638557925149,0.9826309200852301,0.9897917266223561,0.9860372957207476
Alternaria_132.jpg,Alternaria,73.5174367392697,105.63530334412516,20.129864670083276,65.47049005610408,0.6187054226357285,0.592657576179565,0.7253888740733041,0.5758096675046538,2.3796644778987828,2.981560055500814,1.4629844650864825,2.6518128255142877,5.362797800473596,5.508449294592447,5.103334396445593,5.4906479399711525,0.06652432499517284,0.06522761438746887,0.06906029151374173,0.06523542906905,0.2579230989949773,0.2553969741157261,0.26279324860761116,0.25541227274555545,0.9949160832712822,0.9926990762119923,0.9986103247446674,0.9954750467704346
Alternaria_133.jpg,Alternaria,47.43625880845612,56.73926682619799,28.83225896860987,82.05033280379658,0.6203355522934761,0.5513855924443869,0.6165499710958449,0.5610720956152088,2.3410073670723897,3.1004645176858574,2.1855581358103784,3.1591827706167424,5.505565213977808,5.712987614985519,5.475224790591621,5.71044443205108,0.08888772070482988,0.08644984897757337,0.08978157908914791,0.08676348154116709,0.2981404378893106,0.29402355173960704,0.29963574401120424,0.2945564148701689,0.9967428131441544,0.9961032655381383,0.9980208506481909,0.9943649543371232
Alternaria_134.jpg,Alternaria,59.3679131966688,124.66339560417461,85.5618994234465,111.33101409640251,0.6887755138699421,0.6334980400095882,0.7036773911379041,0.6368985780362444,2.2375880845611786,3.081743047316455,2.218089365791159,3.1608920348287723,4.338658879128806,4.496691511296868,4.284646809073261,4.51853648038056,0.17327030169334118,0.1701230031527865,0.1735276016721729,0.16914171744232662,0.4162574944590682,0.4124596988225474,0.4165664432862696,0.4112684250490507,0.9958582001954368,0.9913113427126491,0.9940307779197809,0.992240568915608
Alternaria_135.jpg,Alternaria,60.29027866752082,93.47141506967765,85.3400064061499,150.7834060608498,0.6466545082844259,0.5685468622606324,0.6610380291957288,0.6062925635174927,2.353819666880205,3.4241187234812687,2.433135810377963,3.2134971545778117,4.97261336460083,5.217454309206833,4.952857692663742,5.12894213546628,0.08996615330153206,0.08638623992403807,0.09004794105865015,0.08712193545146932,0.29994358353119016,0.29391536183744815,0.30007989112676337,0.29516425164892396,0.9958518966278003,0.9935654571316234,0.9941284204322716,0.9896201176646877
Alternaria_136.jpg,Alternaria,121.56338084561177,180.54272155080537,97.579015855221,186.81210159062118,0.6419604562099668,0.5595175150614868,0.6268370816770494,0.5700023605113457,2.793681934657271,3.931327796657886,2.556754484304933,3.62036236401295,5.3795149383643555,5.6453294600963275,5.3845367498386505,5.605113080208746,0.07145895293306043,0.06859353428050018,0.07194373566913795,0.06899347043978217,0.2673180744601091,0.2619036736674386,0.26822329441929155,0.26266608163175953,0.9915156324378732,0.9873870198690297,0.9931902028669523,0.9869490317563191
Alternaria_138.jpg,Alternaria,119.4829236066624,188.84950431337853,120.80257046764893,202.30354521506564,0.6952250891851284,0.6206370834807651,0.6908406484426752,0.6361707107916421,2.6821949071108264,4.006736511894468,2.7795083279948747,3.56695288463472,4.68485902613879,4.934936088490394,4.699951630191286,4.86144012969018,0.09220692632063231,0.08814576245988884,0.09148394466214793,0.08893605865458216,0.3036559341106844,0.2968935204073825,0.3024631294259648,0.2982214926100769,0.9917677576155655,0.9869810125704156,0.9916764764961121,0.9860535121779045
Alternaria_139.jpg,Alternaria,144.3483744394619,241.4751955599348,110.64694106342088,203.5273582818878,0.6359410495415494,0.5764990947247396,0.6288971388664518,0.5644382787261105,3.892136450992954,5.344808864043114,3.812620115310698,5.537613867160007,4.716333243290788,4.910818492724535,4.72595948071581,4.9747802816933335,0.1058538163725582,0.10254592984931293,0.10513233359053517,0.10188497471210811,0.3253518347459534,0.32022793421141904,0.32424116578641765,0.3191942585826194,0.9900653491557012,0.9833763912545004,0.992383899308511,0.9859887920776385
Alternaria_140.jpg,Alternaria,146.60484064702115,213.86380180578732,122.4439862267777,241.21299442980956,0.6155627554260972,0.5691862877654106,0.6187846035462619,0.5393531611600065,2.684116752081999,3.75505238392085,2.7007126841768097,3.7105712964266315,5.565299071667793,5.773623946917366,5.573967801316396,5.810598054537122,0.07290314124365282,0.07030297702255019,0.07269098890668545,0.07037623316715597,0.27000581705521237,0.2651470856384248,0.2696126645888235,0.265285192136983,0.9897529799097136,0.9850334562459665,0.9914389913149207,0.9831195143605764
Alternaria_141.jpg,Alternaria,117.13887331838563,222.57304590882575,104.43157431133889,152.37525387600795,0.6761779828658246,0.6303887097723166,0.6833038019146229,0.6200210869547315,2.7416519859064703,3.947616079148987,2.7664157591287637,3.7926964145669526,4.5159462837177955,4.699965715098507,4.517930137987267,4.724878126449616,0.15755425997715006,0.1541625747690349,0.15712429684418888,0.15357295218117145,0.3969310519185291,0.3926354222036454,0.39638907255900596,0.3918838503704528,0.9918754213898988,0.9845738994234795,0.9927564091928884,0.9894391704886539
Alternaria_143.jpg,Alternaria,121.51345291479822,227.7414385971968,105.74179212043562,162.27529208309033,0.6683514103724444,0.6208501148813826,0.6757794677394424,0.6099615264051301,2.860546124279308,4.119568058879125,2.8745595771941064,3.9392708479961387,4.631693884979558,4.824080489097167,4.626256730003265,4.839529801685534,0.13686903861563607,0.13351825843567558,0.13693128507146488,0.13296934231005353,0.3699581579255093,0.36540150305612534,0.3700422747085323,0.3646496158095515,0.9916418198269523,0.984341451101907,0.9927266575908817,0.9888426295553108
Alternaria_144.jpg,Alternaria,95.38613068545803,139.39206499225804,126.47669762972453,235.9577309014861,0.6583817792743949,0.5884579219419257,0.6405540590008155,0.5728735704805857,2.995635810377963,4.321985159564841,3.634168802049968,4.967403326027068,4.763942277399327,5.002623589393419,4.852091344064822,5.059579559088141,0.07419289438104013,0.07055172757110091,0.0729397354708438,0.07024054347698917,0.2723837263513372,0.2656157517375446,0.2700735741808957,0.2650293256924395,0.993400215762802,0.990344756891929,0.9912511085139107,0.9836559616560013
Alternaria_147.jpg,Alternaria,46.81300048046124,84.70299020692153,52.841647982062774,80.88497657302581,0.6708795440507012,0.6109441465951057,0.6841911310413932,0.6055641623202674,2.625820787956438,3.729594401656981,2.6462604099935936,3.7048603430593827,4.478702452347954,4.684915142134269,4.478038494826031,4.690314615746978,0.09882311510561989,0.09495879418140504,0.09836000997055826,0.09524227619879241,0.3143614402334038,0.3081538482339707,0.31362399457082085,0.30861347378037857,0.9968290736361831,0.9942603963511971,0.9964203852454033,0.9945191107712048
Alternaria_148.jpg,Alternaria,89.47453555413196,149.77900219187998,84.96072229340167,142.45015986647633,0.737795281885251,0.6868295607106027,0.7221525152745047,0.6804367591147277,2.3344010249839844,3.1376058235637156,2.3416880204996797,3.318385650224216,4.18197841885276,4.362083741226334,4.204401466303738,4.368930057755151,0.16440590061269836,0.16095488609010103,0.16469739601522906,0.16060379699807706,0.40546997498297993,0.4011918320331323,0.4058292695398264,0.4007540355356101,0.9938086891008505,0.9896444836264006,0.9941210284839475,0.990151189810776
Alternaria_151.jpg,Alternaria,43.85037636130686,119.47051016509481,66.38142616912236,67.79418447988095,0.6597432268523389,0.5894977939004378,0.6578683684681083,0.5821876222062897,2.3133408071748884,3.5412938124635525,2.5813781229980783,3.3963482072834763,4.905802777801169,5.126566887975956,4.924305890212905,5.167029779673946,0.060084312706694266,0.05663658358715062,0.05875542266251449,0.056683132004570536,0.24512101645247447,0.237984418790707,0.24239517871136482,0.23808219590000956,0.9969645934158831,0.9917176121034486,0.9954009666473516,0.9953001143778761
Alternaria_152.jpg,Alternaria,134.10379964766176,214.6851334231535,125.92144458680332,207.52910776408135,0.6529540487616189,0.561938059581202,0.6289269743185368,0.5920557379689779,2.6052410313901344,4.103420539323132,2.97429532351057,3.737195600152829,4.975644840253982,5.289395988364589,5.0696418707748325,5.194184011310931,0.09891470246895057,0.09499978754523147,0.09766189222787766,0.09553742008828961,0.3145070785673203,0.3082203555011114,0.31250902743421294,0.30909128115864026,0.9906488824420504,0.9850248173642611,0.9912183834902778,0.9855239799726909
Alternaria_154.jpg,Alternaria,71.66117472773863,216.18092058959564,198.31910634208842,240.1588409177743,0.6374422571103171,0.5576163303017588,0.6123617724684338,0.5311315974131614,2.937279788597053,4.870699189607674,4.119754964766175,5.157091435580847,5.253059455500678,5.556775806771281,5.3956891035367045,5.603069691421291,0.03007791948560176,0.026541819217216583,0.027564407458963297,0.026064416395000015,0.1734298690698974,0.1629166020306604,0.16602532174027942,0.16144477815959243,0.9946631431700662,0.9838410148658171,0.9851878845841204,0.9820487250694981
Alternaria_156.jpg,Alternaria,69.22661755285074,185.01723340505538,148.38673126201152,180.96261738623338,0.6169745144310818,0.5281876023692085,0.6051109368839298,0.5396095452069549,2.94170403587444,4.518369563031632,3.4469891095451635,4.491021335639164,5.119052325977129,5.391327754271659,5.160065071002014,5.374626197238505,0.0869879444853222,0.08347510716351442,0.08594905798067105,0.08333498980751892,0.2949371873557524,0.2889205897188956,0.29317069768425197,0.2886780036780061,0.9951515787743551,0.9870340684137763,0.9896070024332719,0.9873182142359839
Alternaria_157.jpg,Alternaria,161.89385810377962,134.00221198898026,86.63689141575912,279.63212612358984,0.6507708758463648,0.6353001334807328,0.712495229393171,0.6126752834315561,3.150904868673927,3.3912606326288484,2.2152466367713006,4.263106034708118,4.515615725628075,4.591991392711982,4.350029610205392,4.674586971554422,0.1727293635907127,0.1706896380291535,0.17448182470097626,0.16969234466598546,0.41560722273645906,0.41314602506759457,0.4177102161798012,0.4119373067178857,0.9886716390873046,0.9906358231319253,0.9939399638874048,0.9804590935615871
Alternaria_158.jpg,Alternaria,58.64211643177451,172.54982002453295,179.8772621716848,226.72138993343924,0.6545770607336874,0.5758875494701244,0.6252810415698246,0.5628195518504924,2.1390334721332476,3.6114540811196685,3.191163516976297,3.915220495083352,5.388531350727812,5.667961215671474,5.5036610853478365,5.700400752699999,0.036230245481530296,0.03380872682004674,0.03504712237553305,0.03345291770159373,0.19034244266986355,0.1838714953984079,0.18720876682338636,0.1829013879159853,0.9957367245229249,0.9874245551708172,0.9869049139587974,0.9834765267776104
Alternaria_159.jpg,Alternaria,32.619694907110826,70.78457238231213,56.02940823190263,79.7334553278771,0.6777079299489965,0.5340954928597456,0.5836492909389697,0.5708368567946651,2.476797725816784,4.325081944137224,3.567604900704677,4.18156407729896,4.916194902409236,5.320553658243997,5.17907194279723,5.259767840364159,0.04284614591314517,0.038635291797296745,0.04027034775453624,0.039284048259214596,0.2069931059555974,0.19655862178316358,0.2006747312307562,0.19820203898853966,0.9977231240507881,0.9950483182304538,0.996080982441563,0.9944222976359504
Alternaria_160.jpg,Alternaria,103.51169122357463,152.6378370769571,41.95785954516336,101.78244082929477,0.5909505302115603,0.5289387902644289,0.6337312250514622,0.5477667583651076,3.3596252402306215,4.422429568259969,2.5944706918641893,3.9920167306802874,5.459291196742219,5.675646501181703,5.325437551059073,5.609667786238018,0.06578585922145737,0.06382712178913372,0.06782335513585674,0.0644396611212938,0.25648754203948654,0.252640301197441,0.26042917489378326,0.2538496821374685,0.9926690144413496,0.9891937820936386,0.9970332602345554,0.992794163913053
Alternaria_161.jpg,Alternaria,43.21104260089686,44.42078063102013,35.897601697629725,91.38283496551307,0.6283962224919155,0.5802254731011818,0.6622310820619708,0.5869992240542203,2.2262572069186417,2.6931368014639343,1.9471692825112106,3.042993022180217,5.37140419899819,5.543479756299878,5.274521346169206,5.545337009698661,0.09869327252753289,0.09628633896840946,0.09946033778590166,0.09567543451025684,0.31415485437524737,0.3103004011734588,0.315373330809537,0.3093144589414741,0.9970039065506495,0.9969195560929909,0.9975112444837139,0.9936628827054393
Alternaria_162.jpg,Alternaria,84.69740951313261,191.66950873735647,232.01897821909034,320.5183896720223,0.6615137057303138,0.567005709075943,0.6133407294877439,0.5447566307875022,2.8051529468289553,4.5388606245852525,4.180293081358104,5.348448591365199,5.045882711032579,5.356817117226149,5.237814717211304,5.424342046729162,0.03849896693586895,0.03552354244632586,0.036181231219318405,0.03470746938765851,0.19621153619466147,0.1884769016254402,0.190213646248944,0.18629940791011254,0.9937901471899946,0.9859087071677942,0.9829682117751516,0.976435905133119
Alternaria_163.jpg,Alternaria,48.17594891095452,90.55144885278207,51.04516335682255,77.82008485994088,0.6690294133338721,0.604509959809731,0.6817734598926095,0.6292432325005746,2.44168401665599,3.369442377687064,2.31390134529148,3.2793943171992197,4.675291301646824,4.878383065704467,4.640920341309217,4.846776855157334,0.11629396623865895,0.11278040268286081,0.11635764163674,0.11289588249160659,0.34101901155017583,0.33582793612631573,0.34111235925533395,0.33599982513627386,0.9967247981724567,0.9938442589122977,0.9965297202394204,0.9947097445718441
Alternaria_164.jpg,Alternaria,172.60233824471493,206.70665004323433,149.91041399743753,306.98974441472785,0.6936325545689385,0.662940541145161,0.7090219757626289,0.6319789385334494,3.782591287636131,4.709545737899415,3.532491191543882,5.535542641114843,4.069672202884709,4.189457252536756,4.032129072791764,4.284819920811214,0.15068873429510912,0.14810972569599878,0.15192370229552338,0.14687860754101809,0.38818646845956534,0.38485026399367167,0.3897739117687629,0.3832474494905584,0.9881644783362277,0.9858280635122508,0.9897165511532315,0.978952592191272
anthracnose_001.png,Anthracnose,224.75208199871875,437.8102917814555,327.62872357463164,404.2629853807638,0.6214793754502836,0.5495906170989193,0.6089686242309114,0.5650613372681381,3.9525944907110824,6.203261678296366,4.539878283151825,5.726879687908464,4.877997147714954,5.154968183667975,4.918935011397368,5.09204943691347,0.1444640865079932,0.14027667594348422,0.14390686615845635,0.14056551103089676,0.38008431499865025,0.37453527997170605,0.3793505847609258,0.37492067298416176,0.9839545412067591,0.9687584044287871,0.9766099911651597,0.9711522983110191
Anthracnose_002.jpg,Anthracnose,190.0347133247918,271.02594059804136,122.04568385650224,266.31144804842245,0.6178448694770139,0.5833006534943536,0.6298890220753511,0.5817933909320077,4.562860345932094,5.878320497094251,4.012091607943626,5.964045124575198,5.049763394001625,5.195273314364405,5.008854642778367,5.20965705317276,0.21019300846237113,0.20851456285413464,0.21008314522620766,0.2088254604510328,0.4584681106275235,0.45663394842492233,0.45834827939701883,0.4569742448443159,0.986487180268082,0.9807406826914664,0.9913102755373785,0.9810758350045092
Anthracnose_003.jpg,Anthracnose,326.2682174887892,594.9306239819823,316.553951793722,494.8045808280882,0.4506777462557472,0.3876508150705965,0.4457917171192303,0.3883154550287584,7.981221973094171,11.260129904080113,7.94997197309417,10.769349876329706,6.012973915668259,6.293311910488875,6.021424855124239,6.272013253126627,0.05698889736196716,0.054897498593879976,0.0574696152973735,0.05501959695328568,0.2387234746772239,0.23430215234581175,0.23972821130891855,0.23456256511490847,0.9746761453207011,0.9537092218762324,0.9754196978779593,0.9614998990765844
Anthracnose_006.jpg,Anthracnose,166.89087524023063,208.98421444227716,92.90080477258167,246.5867803494943,0.3930882093300254,0.3419704035108817,0.40592972741689526,0.3335296471285314,5.98128203074952,7.672504976975205,5.10283872517617,7.609845361861289,7.299530456616178,7.528420404437272,7.214504510919144,7.543242080734014,0.017921928185266698,0.017326979452991224,0.018211187496563006,0.017016377047293977,0.1338728059960898,0.13163198491624756,0.13494883288329323,0.13044683609537633,0.9869018493859568,0.9835230502021517,0.9926923027751302,0.9805583497707002
Anthracnose_008.jpg,Anthracnose,208.1726057014734,287.52659414024,123.04500320307496,290.5065454764825,0.6037921877208965,0.5679707630079894,0.6218433215398089,0.5683917426473768,4.8471732863549,6.269782219630395,4.066103459320948,6.1599871302459315,5.203703008852499,5.3679230428891085,5.1139151840744965,5.3510390278965785,0.19308584547539753,0.19171190383196676,0.19678003832109311,0.19146695518433593,0.4394153450613639,0.4378491793208784,0.44359896113617436,0.43756937185357925,0.98527817234082,0.9796790850954569,0.9912941593359846,0.9794684773160112
Anthracnose_009.jpg,Anthracnose,152.49735746316463,244.04777896197393,130.61418962203714,246.8788031128718,0.6879493216436618,0.6562287535165482,0.6985336381240783,0.6527928505353163,3.9546764894298527,5.137927567415392,3.394378603459321,5.282913390576928,4.274974633175818,4.395514656293313,4.202101224426799,4.413626649755952,0.31285484477494285,0.3113357134109229,0.3159166882927021,0.311511582667256,0.5593342871440502,0.5579746530183275,0.5620646655792393,0.5581322268667668,0.9882007562701038,0.9811597957353634,0.9898947520059779,0.9809412439685417
Anthracnose_010.jpg,Anthracnose,191.59601217168483,252.11156468056868,117.47617713004485,285.1438396106899,0.43119632694560295,0.3775237484224718,0.450635192921967,0.36923233630329366,5.322109224855862,6.685354622051519,4.688460922485587,7.102616179693941,7.20123754271494,7.4203182669297885,7.118516883552255,7.458342715845463,0.018691996406556718,0.01809232248847269,0.0194437170173437,0.01801628992909188,0.1367186761439589,0.1345077041974648,0.13944072940623803,0.13422477390218202,0.9852336098042775,0.9805455109507302,0.9909657203893082,0.9779965361279578
anthracnose_011.png,Anthracnose,299.29159993593856,371.6936194172414,110.54119955156953,337.3553459751855,0.5784105476751757,0.5283606676409291,0.5887778414528171,0.5347353237652424,5.6063020499679705,7.275392628043997,4.249639654067906,6.78642240945927,5.030381825990015,5.223035081894256,4.942673562686106,5.187814971584526,0.16399100579701933,0.1621819686174301,0.16719263056595834,0.1625552134265724,0.4049580296734704,0.4027182248389438,0.4088919546358895,0.4031813654257503,0.9783780376390254,0.9731829786073046,0.9920200998077774,0.9756604228392706
Anthracnose_013.jpg,Anthracnose,316.4547966047405,573.6391642703452,317.80749519538756,535.0999215749362,0.4621521211418867,0.4080807319311749,0.4718303325600343,0.40934485482901795,8.065342729019859,11.094291057531823,7.795884048686739,10.818838102515635,6.595702156796929,6.847121781542508,6.56146298739128,6.838940443331269,0.06484217141056309,0.061991898682910294,0.06480817657180234,0.06211166887335773,0.254641260228116,0.24898172359213497,0.2545745010243609,0.24922212757569848,0.9759386930072109,0.9563127307291492,0.9758358419952893,0.9592478062574572
anthracnose_014.png,Anthracnose,188.41543882126842,346.7924148886967,260.55325112107624,343.5190733777072,0.6615848698875675,0.5826207048922815,0.6344875682782507,0.5918967477970021,2.9315743113388857,4.687445957087413,3.6428171044202435,4.642361599871302,4.896034500316489,5.170292657649183,4.985232091842407,5.152847918616337,0.14574269686150462,0.14148751608044463,0.14413876499049594,0.14152929069002487,0.3817626184705682,0.3761482634287239,0.3796561141223672,0.3762037887768076,0.9867375252494778,0.9756027568299637,0.9816618894074878,0.9758330401504561
anthracnose_015.png,Anthracnose,149.50800768737992,239.17118783808237,196.44306534272903,325.7629149992962,0.6134903260539575,0.5504497871123966,0.5896050367143038,0.5457266395432396,4.292560858424087,6.33115485933761,4.972133247918001,6.687647046994711,5.014254984292668,5.270631180723587,5.103326518971317,5.281522646539923,0.1657464512344407,0.16101494051589377,0.16289167269060043,0.1609640833178686,0.4071197013587536,0.40126667007850747,0.403598405213153,0.4012032942510176,0.9889178332275533,0.9822846005251342,0.985430783759596,0.9758707550626194
anthracnose_017.png,Anthracnose,237.00524503523383,353.3752136580265,156.89962363869319,319.5920287960747,0.54567176069204,0.5083805069787589,0.5658281888327645,0.5136007441479503,6.614630044843049,8.581471575941602,5.480301089045485,8.332964668503289,5.434411886790483,5.605344807334195,5.327528666774459,5.587988788801043,0.16588102729645438,0.16446029535017562,0.1690205647149002,0.16448262717108578,0.40728494607148735,0.4055370455953138,0.41112110711431515,0.405564578299296,0.981847274821183,0.9729634437396109,0.9879885189068051,0.9755481778773575
anthracnose_020.png,Anthracnose,254.22974055092894,374.3615194353396,182.37928411274828,326.42240945926926,0.8134244602492579,0.7974173778227632,0.8198566287568734,0.7970954155586735,3.30833600256246,4.352148645659476,2.7285393978219092,4.215528162641517,2.5133842733441005,2.582272358775932,2.474499016388173,2.5920676269139893,0.560780205980445,0.5579707311543265,0.5619570119633879,0.5577294905934254,0.7488525929583505,0.7469743845369308,0.749637920574585,0.746812888609607,0.9699610164451689,0.9559165223478686,0.9784506395501464,0.9615616610001553
anthracnose_021.png,Anthracnose,229.5287876361307,328.8418427879105,130.65178571428572,305.3694624866778,0.5288549456076035,0.48674796154558303,0.5520230472952017,0.488815011022496,6.59092729019859,8.453135997104305,5.1607142857142865,8.09865470852018,5.44491429827442,5.623065311718118,5.308794452236464,5.602823293168328,0.12852494163936135,0.12734752192593396,0.13146323425324952,0.1272433048746196,0.35850375401013773,0.3568578455434796,0.3625785904507456,0.3567117952558054,0.9832671770681166,0.9760492342392885,0.9904844284590181,0.9777588143756697
Anthracnose_023.jpg,Anthracnose,123.90659032671364,244.1855657664542,152.25224215246635,249.26919905889923,0.4988649358142069,0.44240009240672223,0.49333838603483066,0.4231587297507169,4.4925128122998075,6.039976673570753,4.6462604099935945,6.621890647308412,6.65997567241954,6.8726274845001525,6.675188723569345,6.975890060094429,0.05572240827010713,0.05312830389592527,0.05557340111369182,0.05330363089006584,0.23605594309423164,0.23049577847744906,0.23574011350148244,0.23087579104372516,0.9911417353208379,0.9825135324039064,0.9891151187836349,0.9821494863614643
Anthracnose_025.jpg,Anthracnose,130.1006366111467,196.7530615938386,112.29452274183217,226.73423957851554,0.5163800477283302,0.4592736251411587,0.5330972542759821,0.45018982707228866,4.197209320948111,5.3680347483359805,3.891976297245356,5.816947857387038,6.4651029752382785,6.664760146081904,6.4054793887229255,6.7235614991298505,0.051702577299319485,0.049642426992809754,0.052083784465758495,0.04948447442707493,0.22738200742213419,0.2228058055635215,0.22821872067330168,0.22245106074612217,0.9905265417924547,0.9856550180441724,0.9918267921810633,0.9834691335973402
Anthracnose_026.jpg,Anthracnose,200.4718930172966,235.4042108226588,68.8965406790519,249.16738723883452,0.5623386487160709,0.51573069480446,0.631982821475388,0.5274295816868781,4.661274823830878,5.739387480142371,2.916880204996797,5.280560638661546,5.81482770402479,5.975859589765009,5.524485361343638,5.918444115513841,0.06604305319686016,0.06472810619238673,0.0679750883237402,0.06514186761134733,0.25698843008365213,0.25441718926280654,0.2607203258737995,0.2552290493093357,0.9857485552759321,0.9832468804061785,0.9951009655162851,0.9822671880907469
Anthracnose_027.jpg,Anthracnose,90.39327754644458,184.6141285768867,135.41315663036517,229.09077198415417,0.49148809663741627,0.4240172361769398,0.4640885394006642,0.4046075696134236,4.37566063420884,6.560558225582657,5.451153106982703,7.262703854893523,6.523651066693444,6.837953772851896,6.673441986874879,6.904956211114278,0.04703417346636114,0.044892432389046416,0.045651046136578124,0.0443557762009948,0.2168736347884665,0.2118783433696007,0.21366105432805982,0.21060811048246644,0.9935082824403069,0.9867175843982093,0.9902628662582704,0.9835176417761957
anthracnose_030.png,Anthracnose,140.53413276745678,231.07438315670936,122.37982463164639,219.8106939612701,0.4316022996199173,0.3691752588722643,0.4518467619994204,0.36754198438327124,5.966307655349135,8.034346156166421,5.503263132607303,7.985481308693116,7.055325938284664,7.315332982587586,6.983870202027888,7.311419847826886,0.03295550359511049,0.03189721902880721,0.03365368966892394,0.03229299440745591,0.18153650760965545,0.17859792560051532,0.18344941991983496,0.17970251641937546,0.9891892095387854,0.9821876280473764,0.9905948057716712,0.9830558896814318
Anthracnose_033.jpg,Anthracnose,67.77570467648943,139.8753041484848,76.77084000640616,121.11606909449213,0.5646803386345828,0.5286189903643833,0.5704023322485061,0.5039645029404095,3.306614349775785,4.427778559794083,3.382507206918642,4.822960445615235,6.127121004497112,6.3153740689617255,6.114257652955413,6.388544074066236,0.08285656504427463,0.08048006953908889,0.08222306290400094,0.08003485772170896,0.28784816317682943,0.2836900941856957,0.2867456414734162,0.2829043260922479,0.9952887205572242,0.9902736145016797,0.9946637114443089,0.9915780588630306
Anthracnose_037.jpg,Anthracnose,68.42162475976937,134.43332864123548,81.86887411915438,121.23089143155904,0.5688420084975452,0.5136526697009255,0.5758786866643006,0.5189784980350471,2.997657751441383,4.213175410726135,3.1575912876361305,4.105270566470269,6.311296334895536,6.538805509902177,6.320032082348064,6.540201657722971,0.07201166643360074,0.06990162576517532,0.07156012028113293,0.06999708251213682,0.2683498955349168,0.26438915591448775,0.26750723407252547,0.2645696175151955,0.9952186764419146,0.9906014985951552,0.9942913803159464,0.9915245072412748
Anthracnose_042.jpg,Anthracnose,153.82967648942986,213.02495525749563,91.42789077514414,216.5501015504032,0.5175881565546139,0.4436543431432688,0.5332192470332062,0.4637235139671534,3.5294682895579763,4.898751231675682,3.274703715566945,4.647670373423958,6.509047223289648,6.788844821585526,6.476029768999391,6.727160995099863,0.043140740663567476,0.04158601899841432,0.04428180285136511,0.04193568045682867,0.20770349217951892,0.20392650391357744,0.2104324187271655,0.20478203157706162,0.9888842703518939,0.9845856804855376,0.993398938433045,0.9843306036508614
Anthracnose_044.jpg,Anthracnose,151.6945467648943,280.3695429226407,204.8495155349135,345.5145086368115,0.5678379865516657,0.515775947271944,0.5627356833609991,0.5138471952648243,4.332359064702114,6.257817370146192,5.095791960281871,6.905125781737015,5.62523584879137,5.860651728097855,5.680917151089671,5.901968757231829,0.12541858189146649,0.12272206181772734,0.12601781105921903,0.12256340382589652,0.3541448600381862,0.35031708753317664,0.3549898745868944,0.3500905651769218,0.9893591596304445,0.9803401628393605,0.9856334604721548,0.9757721223723922
Anthracnose_045.jpg,Anthracnose,121.57258968609865,221.25339339218561,135.04292120435616,232.76450360956386,0.5240020197604356,0.46734844226610955,0.5184109401880187,0.4739031676851756,4.7312620115310695,6.729272657805305,4.977458360025625,6.661465141064571,6.039911739948153,6.298956036279867,6.057829994136098,6.2773820388231005,0.09312148362780603,0.09064629457134551,0.09368751228116855,0.09055318985126137,0.30515812889026245,0.3010752307502986,0.30608415882101536,0.3009205706681771,0.9914940826812143,0.98451825071325,0.9905552457384205,0.983712784547668
anthracnose_046.png,Anthracnose,89.89141575912876,253.727362303686,165.9368193465727,205.41788493635505,0.6135051549460795,0.553622578149364,0.5934751423302411,0.5523440699641179,3.7935618193465728,6.290816223933721,4.774183215887251,5.872468780791891,4.92314368446995,5.201221099049959,5.031833640924353,5.183673403018915,0.17450234788657845,0.16978400941912913,0.17182687684789819,0.1698556800230513,0.4177347817534212,0.4120485522594748,0.41452005602612063,0.41213551172284496,0.9934164954468697,0.9814331784393004,0.9878403829330761,0.9849682857206992
anthracnose_047.png,Anthracnose,156.19032270980142,405.73397816163606,308.90979340166564,404.27330129300816,0.5719457357086186,0.5169802947497928,0.551268189338324,0.5156272808781505,5.481041800128123,8.84954453135997,7.037315823190263,8.892698425466026,5.276775981443778,5.554398287412937,5.392524597599634,5.559945990748451,0.1765821892652437,0.17161234163048178,0.17321998573306865,0.17204410870177236,0.4202168360087964,0.41426119976469167,0.41619705156700554,0.41478200141974864,0.9879460395894594,0.9687092035067677,0.9762290433543164,0.9688218530384776
Anthracnose_048.jpg,Anthracnose,114.77300208199871,205.08449797904643,123.14489910313901,208.49566651249776,0.5709058341642895,0.5054136309679725,0.5811809056630984,0.5181389105859265,3.175268257527226,4.706207645438275,3.333880525304292,4.49140340646303,6.002266023805269,6.274533848190401,6.004469460612277,6.225830305628775,0.08732626013958666,0.08430206367913841,0.08654762648055009,0.08419838949657368,0.29551016926594365,0.2903481766416631,0.2941897797010462,0.2901695874770023,0.9919856525910287,0.9856698173597708,0.9914002684349082,0.9854314635661753
Anthracnose_049.jpg,Anthracnose,94.81241992312619,278.33722777453795,155.16716047405512,138.57656498220354,0.5376071861480992,0.44311423756399215,0.5364348917571721,0.5007560921001863,3.011330877642537,5.249894427798669,3.5419602818705958,3.7037543485692455,6.527557035750042,6.904912186737942,6.580945197195758,6.666611624924178,0.03583087185222476,0.03404258052442222,0.03492671049569535,0.034638475925306146,0.189290443108533,0.18450631567624512,0.1868868922522266,0.1861141475689211,0.993036200190509,0.979538535320455,0.9886153697323523,0.9898129175950997
Anthracnose_050.jpg,Anthracnose,121.02884769378602,292.0519817410364,145.9054292120436,165.21729775382573,0.4088229794286843,0.3124955282670895,0.3901855321310757,0.35527902642831216,5.360766335682255,8.376500633433206,5.7838725176169135,6.692372659816204,7.367164064269188,7.766205301657721,7.440880859826489,7.586298097132264,0.011060101802470922,0.010188188066351337,0.010701597604808884,0.01035893171163256,0.10516701860598181,0.10093655465861383,0.10344852635397414,0.10177883724838165,0.9899169084757586,0.9755774840022964,0.9878160243870541,0.9861838907120721
Anthracnose_051.jpg,Anthracnose,84.45948110185778,129.2342496330109,51.31646380525304,111.69490639264815,0.5854730356473894,0.5274028529981553,0.5856863715678822,0.5355025577225904,3.960682254964766,5.23002674495767,3.278387251761691,4.929477769510748,5.589552464813486,5.785376873745941,5.51507976098084,5.759280016222977,0.145050334764359,0.14322676807914822,0.1470693812729022,0.1431321825506011,0.3808547423419577,0.37845312533938497,0.38349625978997787,0.3783281413675185,0.9940127516279106,0.9908463064948553,0.9963634874329985,0.9920886224657355
Anthracnose_054.jpg,Anthracnose,99.99977978859705,128.50041223430995,83.70655829596411,164.24816505459592,0.5386643686190641,0.46098103246128097,0.5351689432261488,0.4719592469884981,3.2944226457399104,4.459952944961692,3.1176329276105057,4.291520038609263,6.630204038512424,6.913087096709657,6.6074699782006325,6.85864937329424,0.03560778974016209,0.03443707161916099,0.03641098633740279,0.034373952866079326,0.1887002642821734,0.18557228138695983,0.19081663013847297,0.1854021382457045,0.992663833940553,0.9905457885016822,0.9938582044702934,0.9879157049877374
Anthracnose_055.jpg,Anthracnose,84.54420243433697,240.5913249813992,140.05305092889174,143.60349092079068,0.5007569408797017,0.41896316474462136,0.48417500171577676,0.43484017922783724,3.6606342088404866,5.940758913310141,4.193465727098015,4.913430794908404,6.785498431806289,7.137306797855944,6.860595812075873,7.037667761008139,0.03297796670357676,0.030641987594237162,0.031673848799075185,0.031081494942751385,0.1815983664672586,0.1750485292547103,0.17797148310635383,0.1762994468021706,0.9937580552028843,0.9821858791690213,0.98964458440877,0.9893671563627198
Anthracnose_057.jpg,Anthracnose,134.82074791800127,225.59993162943152,119.10940502882767,214.3473023788936,0.4256562858087143,0.36465783678614105,0.4465379337128252,0.36249421577654495,5.994394618834081,8.04341531098554,5.507307014734145,8.010878963984798,7.098784404330848,7.351026748439186,7.015996814508751,7.351877151319317,0.03196242840596544,0.030790681063363672,0.03252528136492133,0.031219945075018702,0.1787803915589331,0.1754727359545171,0.180347668032945,0.17669166668244063,0.9894939175439009,0.9823812605294527,0.9907268126220536,0.9832600601890623
Anthracnose_058.jpg,Anthracnose,83.2461763292761,120.85372720143175,87.41804131966688,176.11999034768445,0.49803376331362037,0.4184783168999039,0.4795870490173003,0.4156904345505244,3.8719770980140935,5.378491423515453,4.1917841127482385,5.812322789519194,6.777262389701784,7.096276604438602,6.878529039514401,7.121203698345112,0.028687041281282827,0.02662482637637029,0.02715916316338894,0.026399962457178686,0.16937249269371585,0.16317115669250584,0.16480037367490688,0.16248065256263186,0.9937068690929928,0.990834310306847,0.993382807809495,0.986642851505958
anthracnose_059.png,Anthracnose,198.5698670723895,364.2458927386434,258.92288597053175,341.8780992981962,0.6617916116314924,0.5984868989905109,0.6428118487632322,0.5958708824763925,4.087043561819346,6.028031933077279,4.502522421524663,6.038207082386535,4.303969408847675,4.533269314863107,4.360575444666997,4.533772752250017,0.2086974980606623,0.20419238562295583,0.20780455423144714,0.20448153490703025,0.45683421288325404,0.45187651590114286,0.45585584808297364,0.4521963455259565,0.9850357658588499,0.972584323133182,0.9804875596318303,0.9742678786911497
Anthracnose_060.jpg,Anthracnose,154.64405829596413,270.1828108347242,142.56632367072388,244.0183997265177,0.4769806840162453,0.4100306710639482,0.5008492295421463,0.4395871427063114,5.711563100576553,7.6146514106457,4.931153907751441,7.146755414345754,6.598973387515098,6.849439783156198,6.477386774036557,6.77113336975577,0.04966367167958497,0.04791400244560897,0.051009540306997087,0.04852073742914088,0.22285347580772658,0.21889267334839915,0.22585291741971608,0.22027423233129398,0.9884449789404184,0.9797704819296923,0.9893491548355021,0.9817295015493238
Anthracnose_062.jpg,Anthracnose,65.9963765214606,153.84974562126726,106.70187379884689,159.59719680669227,0.4452480264171822,0.38713255346297015,0.42790961574576564,0.3549448792560898,4.198010089686099,6.109996179291762,5.074071108263933,6.902712702849445,6.97648197661022,7.237166158109772,7.0868922817953255,7.382013065653867,0.026352770031748098,0.02535835240294439,0.026190942271589055,0.025063364196477835,0.16233536285032937,0.159243060768576,0.16183615872724197,0.1583141313859184,0.9950372126565195,0.9884117353790014,0.9919736564962133,0.9879788300001983
Anthracnose_065.jpg,Anthracnose,68.36551089045483,143.77302982163326,65.85411995515695,100.42544591686942,0.5494286580749831,0.4899512415801943,0.5683820235404766,0.4945586136464579,3.299527546444587,4.65400470550383,3.0358944586803327,4.216312413279978,6.341620344846307,6.576199416017863,6.2610161539767,6.5379897921377825,0.06572161733624304,0.06381382403208753,0.06666341832617996,0.06373718370232993,0.2563622775219534,0.25261398225768805,0.25819259928623045,0.2524622421320264,0.9952074147675833,0.9899103863644448,0.9953843245391167,0.9929524059572465
Anthracnose_066.jpg,Anthracnose,185.78405269058294,299.5668121216996,110.96546684817424,224.4788352872569,0.45182540291661133,0.3800456208633357,0.46659610118434686,0.3935714014803589,4.7703995836002555,6.580707434293872,4.365651024983984,6.144462989402562,7.223178130179938,7.508034295929248,7.177888832514985,7.466575873409763,0.014177280112033754,0.013418055143601518,0.014482564376471494,0.013455929387799681,0.11906838418334967,0.1158363291182931,0.12034352652499217,0.1159996956366683,0.9851492550816813,0.9759930450769674,0.9911394369876199,0.9820105129745591
Anthracnose_072.jpg,Anthracnose,126.05559336963486,216.47668362524882,78.4091127482383,129.51857065293893,0.5242864885317118,0.4642572351901313,0.565709096241203,0.48358471643768586,3.606922645739911,4.758129059502503,2.927410313901345,4.395563956645017,6.500930691475414,6.716347265954303,6.3551603002841,6.674461655015343,0.05298426956726631,0.05157110722888673,0.054218076339192095,0.052176748791860544,0.2301831218123221,0.2270927282606969,0.23284775356269188,0.228422303621736,0.990997999163848,0.9845331682212799,0.9944073003598888,0.9907461537614036
Anthracnose_074.jpg,Anthracnose,113.73975016015376,224.7194393613385,84.54109945547727,113.42868346437692,0.546861501583358,0.4887274565499593,0.60058645474406,0.5183389820553628,3.676849775784753,5.089565444710331,3.0089485906470217,4.308492026785176,6.161831335820674,6.371395908294909,5.966621889250831,6.291609391143528,0.07217110881603288,0.07018658191889578,0.07392363324781541,0.07108627819670951,0.2686468105450591,0.26492750313792596,0.27188900906034325,0.26662010088646637,0.9920151893093673,0.9842184892673719,0.9940694858135346,0.9920341738544366
Anthracnose_076.jpg,Anthracnose,91.58582238949391,195.60634639747428,87.1347093209481,124.76997325504232,0.5803364631849439,0.4905947455075369,0.6008882681313458,0.5325939803259299,2.64724135169763,4.038971224034265,2.8077154067905195,3.671137565605582,6.274570254065853,6.593515662862593,6.2850264453560944,6.519049038122377,0.03756233085780287,0.035621840711875255,0.03720551730462013,0.035594421493020806,0.19381003807285851,0.18873749153751954,0.19288731763550482,0.1886648390480346,0.9933585953955406,0.9857838075091409,0.9936814575129048,0.9909320224545846
Anthracnose_079.jpg,Anthracnose,102.27858744394618,219.5654648193207,103.10532110826392,151.13094974763214,0.5321674655412529,0.48550346482038065,0.5582089831003277,0.4897465025555148,3.972293401665599,5.660781435379759,3.812279788597053,5.253212411269077,6.216910705390555,6.433240409235752,6.138512379662723,6.417517141298031,0.09319489270558158,0.09001497299137384,0.09339779348809066,0.0905407481486979,0.3052783855853237,0.30002495394779055,0.30561052581364184,0.30089989722281046,0.9928865868865566,0.9847228899794683,0.992829457372086,0.989484484052617
Anthracnose_081.jpg,Anthracnose,113.20085281870594,324.8665567375173,181.51153106982702,157.29258581511795,0.5640831944976985,0.4916001066808347,0.5861312994594532,0.5402875072187141,3.2337243754003833,5.406442920629813,3.70483664317745,4.113595688632389,5.894709885484519,6.200025070700953,5.885991040305457,6.041248421434197,0.07711398638561047,0.07333636847578259,0.07639565144454113,0.07476986021541347,0.2776940517649063,0.2708068840996894,0.276397632849019,0.2734407800885111,0.9920576199239317,0.9771849078327535,0.9872762990527096,0.9889534802269722
Anthracnose_082.jpg,Anthracnose,99.88454916720052,273.88720867099676,163.363869314542,194.2261256007561,0.6323667611151946,0.5581529791792754,0.6246919831915168,0.59442192948236,2.7352858744394624,4.778760883991232,3.4872677770659837,3.987834060608498,5.453577605893103,5.7620429664675585,5.5256829540814945,5.6390797367335095,0.13085138266207694,0.12646294691848256,0.12921114652032642,0.1277875634492106,0.3617338561181092,0.3556162916944084,0.35945952000235915,0.35747386400856024,0.993071059151474,0.9810064697406685,0.9886618585144635,0.9865308065621197
Anthracnose_083.jpg,Anthracnose,91.45976137091608,160.75511271089303,94.59579196028187,169.13633895714773,0.4882322103788727,0.43605114466835104,0.5175946721832222,0.43258658971575414,4.666840166559899,5.929960385288263,4.090867232543242,6.300166904623056,6.607949354108239,6.791604435949179,6.46797319912638,6.8316087230367195,0.050741689881030186,0.049400271743557315,0.051927559457720034,0.049047346804886295,0.22525916159177675,0.222261719024121,0.22787619326669478,0.221466355920908,0.993344332602605,0.9882895990926378,0.9931205682141118,0.9876790585145879
Anthracnose_084.jpg,Anthracnose,61.73948991031389,115.56345392024775,59.17957238949391,98.34798608457841,0.5048162425869701,0.43922610499912484,0.5413654046475321,0.4517965514592942,3.150364349775785,4.155744133201955,2.8551409352978863,4.22029399344447,6.978481675476688,7.20669327919139,6.859639500328674,7.197673203283532,0.026610172006317608,0.025471317223095084,0.02659523574245626,0.0253562735290209,0.16312624560847835,0.15959735969963626,0.1630804578803244,0.15923653327368345,0.9953839995001825,0.9913402997036561,0.9955769052083706,0.9926303337659914
Anthracnose_087.jpg,Anthracnose,165.66832158872518,212.93975346377368,101.73776825752725,259.8286915079732,0.5568740956508991,0.5126641684716382,0.5476371381732289,0.4817913830131176,4.190022421524663,5.21046069697762,3.741491832158873,5.800538920951557,5.787312637016051,5.965806849880861,5.778134895685435,6.069045117545422,0.07713847958998997,0.07527638142556181,0.07802470713011977,0.07459824514953212,0.27773814932412505,0.27436541587007973,0.27932903023158867,0.27312679317403504,0.9883896712536865,0.9850647746841646,0.9928709247062295,0.9817760658211221
Anthracnose_088.jpg,Anthracnose,85.93429692504805,178.98127852963057,88.79608424087124,129.59249130286153,0.5318222305995424,0.505957472246699,0.5719433683753545,0.4782122061786313,4.301489429852659,5.135072090731766,3.134929532351057,5.407770114017978,5.64414041255413,5.71588291974876,5.3673485671586185,5.815906526912725,0.07344219813609153,0.07288122974224857,0.07417253551077195,0.0719235229344301,0.2710022105741788,0.26996523802565503,0.2723463521157791,0.2681856128401188,0.9940322149298347,0.9875800212679747,0.9938358779512653,0.9910072097570026
Anthracnose_089.jpg,Anthracnose,289.07875560538116,307.7154778901647,206.592548846893,527.7402923847252,0.4399616902764859,0.4070924932366951,0.45135928432109307,0.35435477041375646,7.256005765534914,7.937762673691408,6.0234425048046125,10.318385650224215,6.554623624165648,6.6398731118451595,6.451534978485984,6.883378591547578,0.024096598461621165,0.023610073619063986,0.024812740193750637,0.022966048708163225,0.15523079095856326,0.1536556982967569,0.15752060244219052,0.15154553344841024,0.9772989611833104,0.9757674579996378,0.9837831756609361,0.9584413340562682
Anthracnose_091.jpg,Anthracnose,239.14155589365788,423.41149027730296,214.47217328635492,354.7661324378129,0.4217260353463985,0.36777139005871295,0.4769310751400887,0.38216683054086725,7.440042440743113,9.892054937762673,6.082559256886611,8.912123710510969,6.403258210152089,6.629544244882501,6.163513995142536,6.5380429681971,0.017629035902012383,0.016604364535106223,0.018102464648894465,0.01698923441855112,0.13277437968980454,0.12885792383515352,0.1345453999544186,0.13034275744570972,0.9807849302017033,0.9659169091453087,0.9828179763187318,0.9714421741849065
Anthracnose_092.jpg,Anthracnose,119.59957559256887,236.32510205312795,179.6341087443946,289.91125902390957,0.4610124161121074,0.37754515665314436,0.4275240906986182,0.3717353135747582,4.423086162716208,6.5343159926803285,5.204616431774504,6.877777554344548,7.105409413202912,7.448131258369681,7.231709125240665,7.4663288339031375,0.02066582573979542,0.019572500940579256,0.020442065927172213,0.01954565471615188,0.1437561328771591,0.13990175460150334,0.14297575293444764,0.13980577497425448,0.9909415547441284,0.9820720447669333,0.9864024275294683,0.9780068940756502
Anthracnose_093.jpg,Anthracnose,210.9780589365791,260.3258661947757,105.80767536835361,303.3257254318406,0.4858246948801451,0.43697423694780474,0.5138103490793727,0.4362611767020721,5.216447789878283,6.407307607231194,4.212263773222293,6.7978644251845015,6.626205291306604,6.818251151912747,6.505678208201408,6.8419569094757104,0.053484278122885205,0.05232860889426756,0.05510122998026857,0.05223554562226291,0.23126668182616622,0.22875447294920281,0.23473651181754526,0.22855096941877737,0.9849739742327434,0.9814416527610533,0.9924713323120261,0.9783762396670266
Anthracnose_094.jpg,Anthracnose,85.15360746316463,320.7229383257254,227.99003042921203,245.59747833256247,0.521824615975484,0.42801554179700896,0.47610460015610145,0.42902227703191564,3.762071588725176,6.676003941362183,5.268177450352338,6.2262462547004755,6.641433283143515,7.034800689150731,6.8368968952763565,7.01345575781652,0.043771623577340185,0.04099614954174513,0.04215150303900969,0.041090594349007394,0.20921669048462693,0.20247505906097454,0.20530831215274672,0.202708150672358,0.9938232799475445,0.9766792683469885,0.9834470788638929,0.982141867005991
Anthracnose_098.jpg,Anthracnose,147.09969570787956,262.58738361921615,140.02530429212044,252.65820748456633,0.5009210288481027,0.44674156104144647,0.5161264195436542,0.45516410909565574,5.145339525944907,6.951235697480342,4.770980140935299,6.811317339982706,6.1319607312140265,6.361752441226438,6.071290276804003,6.337368319589135,0.078002061070556,0.07545207518466027,0.07853086228153787,0.07569255249433955,0.27928849075920764,0.2746854113065713,0.2802335852133678,0.27512279530118827,0.9896086378435386,0.981435646673976,0.9901097959600481,0.9821376176958103
Anthracnose_099.jpg,Anthracnose,125.55156950672645,218.58203462768202,126.01008968609867,230.78774960284744,0.528630860541903,0.47296775008470415,0.5144360191094987,0.4649649200310522,4.917440743113389,6.931368014639345,5.186058616271621,7.115043535964929,5.675797176865985,5.9262325544158845,5.724904102283187,5.950722602764047,0.10505765407468941,0.10192587668797368,0.10481850052026893,0.10163402498911026,0.3241259848804002,0.31925832281707817,0.3237568540128053,0.31880091748473727,0.9911380002778517,0.9845672140691327,0.991105635842121,0.9837054406545619
Anthracnose_100.jpg,Anthracnose,115.6129083920564,223.239598624545,125.92200512491993,202.68784813690203,0.485604788302937,0.4147206561882627,0.4788771734447925,0.4254361496369039,5.15422805893658,7.603330048864847,5.377962844330558,7.033280379657745,5.934932815157632,6.234788890245108,5.961942954379108,6.182138272270042,0.06076011061586453,0.0578550248975359,0.060081129598059224,0.058016855790405567,0.24649566044022872,0.2405307150813299,0.2451145234335559,0.24086688396374784,0.9916357794298116,0.9838215973383772,0.9908871333187221,0.9853110037736104
Anthracnose_101.jpg,Anthracnose,123.27780669442666,228.62251402602107,129.1117873158232,209.39956564580024,0.49729674838287197,0.4269393643818036,0.487816215067185,0.4310710186518622,4.773202274183216,6.8582316153552245,4.945467648942985,6.549960787468077,6.194541303849503,6.485595026767555,6.229366675834368,6.457675271788818,0.05378091819844681,0.051262201161666264,0.0531244093064127,0.05136587655734552,0.23190713270282742,0.22641157470780124,0.23048733003445698,0.22664041245405797,0.9911303601509469,0.9835197073787146,0.9907079108723756,0.9849053968664692
Anthracnose_102.jpg,Anthracnose,341.86148702754645,517.9287337368538,325.37297805893655,620.2060769369984,0.4489850530375564,0.39081521249374457,0.44936601790253744,0.39305397054675156,8.001941864189622,10.809587966779949,7.99509529147982,11.277403527116974,6.007510274213404,6.25598900196087,6.002620133101092,6.273628821495887,0.059301021108707656,0.05686400778454622,0.05913754919328577,0.05678219372352734,0.2435180098241353,0.23846175329504357,0.2431821317311076,0.23829014608986107,0.9737656102244099,0.9601782686645378,0.9750223687516629,0.9523145209762496
Anthracnose_104.jpg,Anthracnose,242.884749359385,357.5393834583442,189.82565262652145,393.45492569727924,0.46474724057426997,0.4022453491472846,0.4735905275040897,0.4116420753252559,7.422265374759769,9.991312916004745,6.756826553491352,9.750407207062278,5.958373166175928,6.217530174759951,5.906061358922608,6.182088100954225,0.06522524355604313,0.06278788054319424,0.06527579897585734,0.06296087350498966,0.2553923326101297,0.2505750996072719,0.25549128943245275,0.2509200540112122,0.9814328447309073,0.972625084959373,0.9854853641884707,0.969875220292944
Anthracnose_105.jpg,Anthracnose,270.4800208199872,503.022019344849,265.62191704035877,427.82891270687117,0.4512306265222841,0.39408220224004537,0.45328426506337516,0.3925831133940013,7.101297245355543,9.9325544450924,7.193826073030108,9.89985722616582,6.168656274773829,6.43380839793435,6.18102884249491,6.452010155839564,0.05589924383141321,0.05317486747727672,0.05543297221963449,0.05325453513433022,0.23643020921915459,0.23059676380486505,0.2354420782690182,0.2307694415089013,0.9796533483013093,0.9620866285815965,0.9800208320690705,0.9677540229906569
anthracnose_106.png,Anthracnose,229.5287876361307,328.8418427879105,130.65178571428572,305.3694624866778,0.5288549456076035,0.48674796154558303,0.5520230472952017,0.488815011022496,6.59092729019859,8.453135997104305,5.1607142857142865,8.09865470852018,5.44491429827442,5.623065311718118,5.308794452236464,5.602823293168328,0.12852494163936135,0.12734752192593396,0.13146323425324952,0.1272433048746196,0.35850375401013773,0.3568578455434796,0.3625785904507456,0.3567117952558054,0.9832671770681166,0.9760492342392885,0.9904844284590181,0.9777588143756697
Anthracnose_123.jpg,Anthracnose,316.553951793722,494.8045808280882,326.2682174887892,594.9306239819823,0.4457917171192303,0.3883154550287584,0.4506777462557472,0.3876508150705965,7.94997197309417,10.769349876329706,7.981221973094171,11.260129904080113,6.021424855124239,6.272013253126627,6.012973915668259,6.293311910488875,0.0574696152973735,0.05501959695328568,0.05698889736196716,0.054897498593879976,0.23972821130891855,0.23456256511490847,0.2387234746772239,0.23430215234581175,0.9754196978779593,0.9614998990765844,0.9746761453207011,0.9537092218762324
Anthracnose_125.jpg,Anthracnose,208.1726057014734,287.52659414024,123.04500320307496,290.5065454764825,0.6037921877208965,0.5679707630079894,0.6218433215398089,0.5683917426473768,4.8471732863549,6.269782219630395,4.066103459320948,6.1599871302459315,5.203703008852499,5.3679230428891085,5.1139151840744965,5.3510390278965785,0.19308584547539753,0.19171190383196676,0.19678003832109311,0.19146695518433593,0.4394153450613639,0.4378491793208784,0.44359896113617436,0.43756937185357925,0.98527817234082,0.9796790850954569,0.9912941593359846,0.9794684773160112
anthracnose_128.png,Anthracnose,122.37982463164639,219.8106939612701,140.53413276745678,231.07438315670936,0.4518467619994204,0.36754198438327124,0.4316022996199173,0.3691752588722643,5.503263132607303,7.985481308693116,5.966307655349135,8.034346156166421,6.983870202027888,7.311419847826886,7.055325938284664,7.315332982587586,0.03365368966892394,0.03229299440745591,0.03295550359511049,0.03189721902880721,0.18344941991983496,0.17970251641937546,0.18153650760965545,0.17859792560051532,0.9905948057716712,0.9830558896814318,0.9891892095387854,0.9821876280473764
anthracnose_135.png,Anthracnose,258.92288597053175,341.8780992981962,198.5698670723895,364.2458927386434,0.6428118487632322,0.5958708824763925,0.6617916116314924,0.5984868989905109,4.502522421524663,6.038207082386535,4.087043561819346,6.028031933077279,4.360575444666997,4.533772752250017,4.303969408847675,4.533269314863107,0.20780455423144714,0.20448153490703025,0.2086974980606623,0.20419238562295583,0.45585584808297364,0.4521963455259565,0.45683421288325404,0.45187651590114286,0.9804875596318303,0.9742678786911497,0.9850357658588499,0.972584323133182
anthracnose_137.png,Anthracnose,188.41543882126842,346.7924148886967,260.55325112107624,343.5190733777072,0.6615848698875675,0.5826207048922815,0.6344875682782507,0.5918967477970021,2.9315743113388857,4.687445957087413,3.6428171044202435,4.642361599871302,4.896034500316489,5.170292657649183,4.985232091842407,5.152847918616337,0.14574269686150462,0.14148751608044463,0.14413876499049594,0.14152929069002487,0.3817626184705682,0.3761482634287239,0.3796561141223672,0.3762037887768076,0.9867375252494778,0.9756027568299637,0.9816618894074878,0.9758330401504561
anthracnose_148.png,Anthracnose,376.8984224855862,565.2702246174265,341.7296404548366,508.2944961692372,0.56540349605535,0.5127941577438082,0.574348158990754,0.5169519838662068,5.781470211402947,7.943111665225523,5.3796244394618835,7.648313861127311,5.6190443259598215,5.847485011724038,5.580195533704881,5.83028586522483,0.1365841154256966,0.1334942118773851,0.1374555716184527,0.13403683800419758,0.3695728824273997,0.365368597278673,0.3707500122973062,0.3661104177761097,0.9725766073723724,0.9588839192390904,0.9751364354164671,0.9630281648587371
anthracnose_149.png,Anthracnose,224.75208199871875,437.8102917814555,327.62872357463164,404.2629853807638,0.6214793754502836,0.5495906170989193,0.6089686242309114,0.5650613372681381,3.9525944907110824,6.203261678296366,4.539878283151825,5.726879687908464,4.877997147714954,5.154968183667975,4.918935011397368,5.09204943691347,0.1444640865079932,0.14027667594348422,0.14390686615845635,0.14056551103089676,0.38008431499865025,0.37453527997170605,0.3793505847609258,0.37492067298416176,0.9839545412067591,0.9687584044287871,0.9766099911651597,0.9711522983110191
anthracnose_150.png,Anthracnose,198.2257567264574,301.0227030505339,302.7789678090968,435.0259204890507,0.5517855633230279,0.46401628551514923,0.5086309379292463,0.46949703614406557,4.165218609865471,6.39027529208309,5.612127642536836,7.147499447002755,5.7616429236688695,6.10840676003491,5.960129365431548,6.129615144479331,0.08342449614858964,0.08074734980544415,0.08223042322904175,0.0805355094794162,0.28883299006275176,0.28416078161041886,0.2867584754266938,0.28378778951783007,0.9856705302260129,0.9782277329933826,0.978134988682617,0.968535594160494
anthracnose_153.png,Anthracnose,372.8651905829596,508.8959359729735,312.0885650224215,567.9093888877717,0.5373138547586647,0.49151551458253573,0.5511304939039565,0.4785654563797048,6.286635169762972,8.202296446741338,5.785153747597693,8.79048442558668,5.874568973012922,6.077648625275584,5.8259538062824765,6.130590516669601,0.1156377731526814,0.1125762015411794,0.11605392678412657,0.11233765065736503,0.3400555442169432,0.33552377194645894,0.3406668853647601,0.33516809313740625,0.9724502394587935,0.9623915711907002,0.976940820835075,0.958030358836953
anthracnose_157.png,Anthracnose,213.35486066623957,442.0620563453921,272.8615470852018,292.42916608015446,0.5925335479225402,0.519746724565227,0.5922127456863602,0.5169826325973641,3.783712363869314,5.803615596533211,4.1308055733504165,5.342154477266787,5.572678387771371,5.836831267248287,5.5905192691788885,5.840010968777028,0.07154743914503857,0.06827579330238345,0.07153306255523562,0.0685404301921898,0.26748353060522917,0.2612963706261215,0.2674566554700698,0.2618022730844593,0.9849083989678901,0.9686978081540881,0.9806992088544162,0.9792932378461613
anthracnose_158.png,Anthracnose,177.59188821268418,302.0588389068753,151.49083119795003,194.84546240624184,0.7605647918031355,0.727645339757191,0.7615493690120362,0.7436244332892632,3.178571428571429,4.658690100343864,2.9161995515695067,3.779122845824368,3.2202466768733835,3.365968383273361,3.201544892990375,3.289168159845951,0.44897777154344926,0.44482227235533006,0.4495693971193126,0.4469015334645477,0.6700580359516997,0.6669499774011017,0.6704993639962029,0.6685069434677158,0.982703103195512,0.9706674681201012,0.9852452648573736,0.9810788164373274
anthracnose_159.png,Anthracnose,185.49087123638694,331.9461883408071,251.41615951313264,366.6989482997848,0.8206409391912807,0.7970723575471218,0.8141251906331399,0.7992101300928297,2.744955156950673,4.21858472923244,3.2774263292761057,4.319330772788514,2.448182140212811,2.5636782106752953,2.481539209805862,2.55419539479594,0.5628935195949547,0.5586638928646707,0.561716157344491,0.5588470964092334,0.7502623005289248,0.7474382200989395,0.7494772560555063,0.7475607643591479,0.9781967695291606,0.9611143102014532,0.970447686005138,0.9570432134668804
anthracnose_160.png,Anthracnose,220.71248398462524,419.1281143799392,252.45491672005124,343.37219730941695,0.5986280234422534,0.5512641487529476,0.5999734911075478,0.560198276314859,5.382327033952594,8.014800217177097,5.628363228699552,7.144885278207885,5.25320161205361,5.483587973427247,5.266776773073222,5.437151166480646,0.19142148744184553,0.18705381074086502,0.19058297386855896,0.18779440725097538,0.43751741387268867,0.43249718003804954,0.43655809907566595,0.43335252076222586,0.9833946636394074,0.9684997718368925,0.9810065170200618,0.9741933261238848
anthracnose_161.png,Anthracnose,165.9368193465727,205.41788493635505,89.89141575912876,253.727362303686,0.5934751423302411,0.5523440699641179,0.6135051549460795,0.553622578149364,4.774183215887251,5.872468780791891,3.7935618193465728,6.290816223933721,5.031833640924353,5.183673403018915,4.92314368446995,5.201221099049959,0.17182687684789819,0.1698556800230513,0.17450234788657845,0.16978400941912913,0.41452005602612063,0.41213551172284496,0.4177347817534212,0.4120485522594748,0.9878403829330761,0.9849682857206992,0.9934164954468697,0.9814331784393004
anthracnose_162.png,Anthracnose,120.38593049327355,160.54437048804522,61.33954596412556,162.3580003619618,0.5745148028894016,0.520988895838397,0.5952470378684017,0.5309885567098914,4.720972133247918,5.997204850288565,3.6879604420243437,5.8247099278087235,5.145213854160409,5.31573062490911,5.017369042646857,5.296291611695153,0.12802238799952634,0.12669449772711897,0.13117944924757494,0.1267034529385389,0.35780216321247466,0.35594170551807913,0.3621870362776323,0.35595428489981534,0.9912649967008386,0.9883410023526598,0.9955446943942323,0.9882092935523521
anthracnose_163.png,Anthracnose,308.90979340166564,404.27330129300816,156.19032270980142,405.73397816163606,0.551268189338324,0.5156272808781505,0.5719457357086186,0.5169802947497928,7.037315823190263,8.892698425466026,5.481041800128123,8.84954453135997,5.392524597599634,5.559945990748451,5.276775981443778,5.554398287412937,0.17321998573306865,0.17204410870177236,0.1765821892652437,0.17161234163048178,0.41619705156700554,0.41478200141974864,0.4202168360087964,0.41426119976469167,0.9762290433543164,0.9688218530384776,0.9879460395894594,0.9687092035067677
anthracnose_164.png,Anthracnose,156.89962363869319,319.5920287960747,237.00524503523383,353.3752136580265,0.5658281888327645,0.5136007441479503,0.54567176069204,0.5083805069787589,5.480301089045485,8.332964668503289,6.614630044843049,8.581471575941602,5.327528666774459,5.587988788801043,5.434411886790483,5.605344807334195,0.1690205647149002,0.16448262717108578,0.16588102729645438,0.16446029535017562,0.41112110711431515,0.405564578299296,0.40728494607148735,0.4055370455953138,0.9879885189068051,0.9755481778773575,0.981847274821183,0.9729634437396109
anthracnose_165.png,Anthracnose,196.44306534272903,325.7629149992962,149.50800768737992,239.17118783808237,0.5896050367143038,0.5457266395432396,0.6134903260539575,0.5504497871123966,4.972133247918001,6.687647046994711,4.292560858424087,6.33115485933761,5.103326518971317,5.281522646539923,5.014254984292668,5.270631180723587,0.16289167269060043,0.1609640833178686,0.1657464512344407,0.16101494051589377,0.403598405213153,0.4012032942510176,0.4071197013587536,0.40126667007850747,0.985430783759596,0.9758707550626194,0.9889178332275533,0.9822846005251342
anthracnose_166.png,Anthracnose,133.67680973734787,191.9729735164592,104.10309897501602,213.9297794043717,0.657547554947103,0.6249025198073942,0.6877364632323886,0.6279600799961118,4.4461483023702755,5.682197510506947,3.686699231262012,5.706730479197249,4.219905616851754,4.35134165933766,4.1079503883957615,4.342627335990411,0.2580469060435752,0.2565512849759714,0.26216000299909953,0.2564494820225606,0.5079831749611154,0.5065089189500728,0.5120156276903074,0.5064084142493691,0.9893192631584428,0.9846891889644778,0.9916827354922394,0.9829380231637115
anthracnose_167.png,Anthracnose,88.48904948750803,191.5632930483219,127.11294843049329,177.89621749884373,0.6305435158621888,0.5715348912068043,0.6098558213169856,0.5627514737428011,3.6728259128763616,5.526895775101047,4.237227738629084,5.551227653884052,4.7004852263062755,4.9443020109940665,4.7774426470661435,4.9542238127562825,0.17402935457533147,0.1692761339687999,0.17097385663523335,0.16930928616471141,0.41716825691240156,0.41143180962195897,0.4134898507040207,0.41147209645942145,0.993676271956149,0.9863208403021783,0.9909170448330311,0.9872967794086145
anthracnose_168.png,Anthracnose,130.65178571428572,305.3694624866778,229.5287876361307,328.8418427879105,0.5520230472952017,0.488815011022496,0.5288549456076035,0.48674796154558303,5.1607142857142865,8.09865470852018,6.59092729019859,8.453135997104305,5.308794452236464,5.602823293168328,5.44491429827442,5.623065311718118,0.13146323425324952,0.1272433048746196,0.12852494163936135,0.12734752192593396,0.3625785904507456,0.3567117952558054,0.35850375401013773,0.3568578455434796,0.9904844284590181,0.9777588143756697,0.9832671770681166,0.9760492342392885
anthracnose_169.png,Anthracnose,110.54119955156953,337.3553459751855,299.29159993593856,371.6936194172414,0.5887778414528171,0.5347353237652424,0.5784105476751757,0.5283606676409291,4.249639654067906,6.78642240945927,5.6063020499679705,7.275392628043997,4.942673562686106,5.187814971584526,5.030381825990015,5.223035081894256,0.16719263056595834,0.1625552134265724,0.16399100579701933,0.1621819686174301,0.4088919546358895,0.4031813654257503,0.4049580296734704,0.4027182248389438,0.9920200998077774,0.9756604228392706,0.9783780376390254,0.9731829786073046
anthracnose_170.png,Anthracnose,50.66828155028827,135.5501216593939,105.75320307495195,137.42810030364575,0.5654918606829873,0.4816762718241625,0.5321651970695561,0.4832942407456222,3.2440743113388852,5.395403084719177,4.309777386290839,5.353857909871504,5.449731507810285,5.793621704194626,5.601912869534004,5.778106687062622,0.07811962989434625,0.07426994663789437,0.07563615531191815,0.07444460803653247,0.279498890685359,0.27252513028690467,0.27502028163740605,0.27284539218490106,0.9964394602606886,0.9904652575450106,0.9925731197437893,0.9903331584919837
anthracnose_171.png,Anthracnose,130.67464766175527,192.58042590842365,113.71316463805249,205.44684188300587,0.6738392081285893,0.6373924464039233,0.7027648990347025,0.6349727577908408,3.101577514413837,4.215729252548814,2.8087363869314537,4.09205895956082,4.439418148877557,4.588129112635022,4.351378870875294,4.583573163138125,0.23473083006579337,0.23038557816844754,0.2350581708584378,0.2315452572221943,0.48449027860814026,0.47998497702370596,0.4848279806884477,0.4811914974541781,0.9901091152938797,0.9854468353784227,0.9913929456009375,0.9844745295540664
anthracnose_172.png,Anthracnose,344.13524983984627,690.2318164451327,484.00276265214603,626.4890908725292,0.59841933082832,0.5574283564193612,0.5995313405052543,0.5574074845157477,6.008087764253683,9.013533350761127,6.801008968609866,8.792656196585495,5.102401504461183,5.314179204521219,5.128220112443554,5.317469174428715,0.19471215609297554,0.19040163136956234,0.19376648066769342,0.19053670136039288,0.4412620039080813,0.43635035392395677,0.44018914192389325,0.4365050988939223,0.9742514967205368,0.9484136113822965,0.9637864859028021,0.9531776007183362
anthracnose_173.png,Anthracnose,197.49931934657275,240.6915481911963,158.56085842408714,287.3763397615073,0.6888902895220209,0.6736219330109289,0.7374504567621942,0.6507317386035071,2.9692905188981427,3.610006233787126,2.385570147341448,3.892457117577268,4.286691850369222,4.366995459751349,4.142099412555215,4.428452446789004,0.2582235861064676,0.2545987607717295,0.2594509002184699,0.2552073946838638,0.5081570486635678,0.5045778044778917,0.5093632301398187,0.5051805565180273,0.9848961081334123,0.9816260046679357,0.9878739528428037,0.9780621647706161
Anthracnose_174.jpg,Anthracnose,165.66832158872518,212.93975346377368,101.73776825752725,259.8286915079732,0.5568740956508991,0.5126641684716382,0.5476371381732289,0.4817913830131176,4.190022421524663,5.21046069697762,3.741491832158873,5.800538920951557,5.787312637016051,5.965806849880861,5.778134895685435,6.069045117545422,0.07713847958998997,0.07527638142556181,0.07802470713011977,0.07459824514953212,0.27773814932412505,0.27436541587007973,0.27932903023158867,0.27312679317403504,0.9883896712536865,0.9850647746841646,0.9928709247062295,0.9817760658211221
Anthracnose_175.jpg,Anthracnose,204.8495155349135,345.5145086368115,151.6945467648943,280.3695429226407,0.5627356833609991,0.5138471952648243,0.5678379865516657,0.515775947271944,5.095791960281871,6.905125781737015,4.332359064702114,6.257817370146192,5.680917151089671,5.901968757231829,5.62523584879137,5.860651728097855,0.12601781105921903,0.12256340382589652,0.12541858189146649,0.12272206181772734,0.3549898745868944,0.3500905651769218,0.3541448600381862,0.35031708753317664,0.9856334604721548,0.9757721223723922,0.9893591596304445,0.9803401628393605
Anthracnose_176.jpg,Anthracnose,135.41315663036517,229.09077198415417,90.39327754644458,184.6141285768867,0.4640885394006642,0.4046075696134236,0.49148809663741627,0.4240172361769398,5.451153106982703,7.262703854893523,4.37566063420884,6.560558225582657,6.673441986874879,6.904956211114278,6.523651066693444,6.837953772851896,0.045651046136578124,0.0443557762009948,0.04703417346636114,0.044892432389046416,0.21366105432805982,0.21060811048246644,0.2168736347884665,0.2118783433696007,0.9902628662582704,0.9835176417761957,0.9935082824403069,0.9867175843982093
Anthracnose_177.jpg,Anthracnose,181.51153106982702,157.29258581511795,113.20085281870594,324.8665567375173,0.5861312994594532,0.5402875072187141,0.5640831944976985,0.4916001066808347,3.70483664317745,4.113595688632389,3.2337243754003833,5.406442920629813,5.885991040305457,6.041248421434197,5.894709885484519,6.200025070700953,0.07639565144454113,0.07476986021541347,0.07711398638561047,0.07333636847578259,0.276397632849019,0.2734407800885111,0.2776940517649063,0.2708068840996894,0.9872762990527096,0.9889534802269722,0.9920576199239317,0.9771849078327535
Anthracnose_178.jpg,Anthracnose,155.16716047405512,138.57656498220354,94.81241992312619,278.33722777453795,0.5364348917571721,0.5007560921001863,0.5376071861480992,0.44311423756399215,3.5419602818705958,3.7037543485692455,3.011330877642537,5.249894427798669,6.580945197195758,6.666611624924178,6.527557035750042,6.904912186737942,0.03492671049569535,0.034638475925306146,0.03583087185222476,0.03404258052442222,0.1868868922522266,0.1861141475689211,0.189290443108533,0.18450631567624512,0.9886153697323523,0.9898129175950997,0.993036200190509,0.979538535320455
Anthracnose_179.jpg,Anthracnose,112.29452274183217,226.73423957851554,130.1006366111467,196.7530615938386,0.5330972542759821,0.45018982707228866,0.5163800477283302,0.4592736251411587,3.891976297245356,5.816947857387038,4.197209320948111,5.3680347483359805,6.4054793887229255,6.7235614991298505,6.4651029752382785,6.664760146081904,0.052083784465758495,0.04948447442707493,0.051702577299319485,0.049642426992809754,0.22821872067330168,0.22245106074612217,0.22738200742213419,0.2228058055635215,0.9918267921810633,0.9834691335973402,0.9905265417924547,0.9856550180441724
Anthracnose_180.jpg,Anthracnose,110.96546684817424,224.4788352872569,185.78405269058294,299.5668121216996,0.46659610118434686,0.3935714014803589,0.45182540291661133,0.3800456208633357,4.365651024983984,6.144462989402562,4.7703995836002555,6.580707434293872,7.177888832514985,7.466575873409763,7.223178130179938,7.508034295929248,0.014482564376471494,0.013455929387799681,0.014177280112033754,0.013418055143601518,0.12034352652499217,0.1159996956366683,0.11906838418334967,0.1158363291182931,0.9911394369876199,0.9820105129745591,0.9851492550816813,0.9759930450769674
Anthracnose_181.jpg,Anthracnose,88.79608424087124,129.59249130286153,85.93429692504805,178.98127852963057,0.5719433683753545,0.4782122061786313,0.5318222305995424,0.505957472246699,3.134929532351057,5.407770114017978,4.301489429852659,5.135072090731766,5.3673485671586185,5.815906526912725,5.64414041255413,5.71588291974876,0.07417253551077195,0.0719235229344301,0.07344219813609153,0.07288122974224857,0.2723463521157791,0.2681856128401188,0.2710022105741788,0.26996523802565503,0.9938358779512653,0.9910072097570026,0.9940322149298347,0.9875800212679747
Anthracnose_182.jpg,Anthracnose,140.05305092889174,143.60349092079068,84.54420243433697,240.5913249813992,0.48417500171577676,0.43484017922783724,0.5007569408797017,0.41896316474462136,4.193465727098015,4.913430794908404,3.6606342088404866,5.940758913310141,6.860595812075873,7.037667761008139,6.785498431806289,7.137306797855944,0.031673848799075185,0.031081494942751385,0.03297796670357676,0.030641987594237162,0.17797148310635383,0.1762994468021706,0.1815983664672586,0.1750485292547103,0.98964458440877,0.9893671563627198,0.9937580552028843,0.9821858791690213
Anthracnose_183.jpg,Anthracnose,121.57258968609865,221.25339339218561,135.04292120435616,232.76450360956386,0.5240020197604356,0.46734844226610955,0.5184109401880187,0.4739031676851756,4.7312620115310695,6.729272657805305,4.977458360025625,6.661465141064571,6.039911739948153,6.298956036279867,6.057829994136098,6.2773820388231005,0.09312148362780603,0.09064629457134551,0.09368751228116855,0.09055318985126137,0.30515812889026245,0.3010752307502986,0.30608415882101536,0.3009205706681771,0.9914940826812143,0.98451825071325,0.9905552457384205,0.983712784547668
anthracnose_50.png,Anthracnose,127.11294843049329,177.89621749884373,88.48904948750803,191.5632930483219,0.6098558213169856,0.5627514737428011,0.6305435158621888,0.5715348912068043,4.237227738629084,5.551227653884052,3.6728259128763616,5.526895775101047,4.7774426470661435,4.9542238127562825,4.7004852263062755,4.9443020109940665,0.17097385663523335,0.16930928616471141,0.17402935457533147,0.1692761339687999,0.4134898507040207,0.41147209645942145,0.41716825691240156,0.41143180962195897,0.9909170448330311,0.9872967794086145,0.993676271956149,0.9863208403021783
anthracnose_67.png,Anthracnose,376.8984224855862,565.2702246174265,341.7296404548366,508.2944961692372,0.56540349605535,0.5127941577438082,0.574348158990754,0.5169519838662068,5.781470211402947,7.943111665225523,5.3796244394618835,7.648313861127311,5.6190443259598215,5.847485011724038,5.580195533704881,5.83028586522483,0.1365841154256966,0.1334942118773851,0.1374555716184527,0.13403683800419758,0.3695728824273997,0.365368597278673,0.3707500122973062,0.3661104177761097,0.9725766073723724,0.9588839192390904,0.9751364354164671,0.9630281648587371
healthy_002.jpg,Healthy,104.11034593209483,132.7271612137787,37.50906870595773,124.11801966659293,0.7152380734310686,0.7024364404841071,0.7516795985104674,0.6849593559283929,2.9684897501601544,3.3766413963683166,2.0022621716848175,3.77733314564942,3.6177608157027272,3.669381978071145,3.4822213912292184,3.738611952138501,0.35970805836511466,0.3579202173485857,0.3624384726441806,0.35650565605892387,0.5997566659613836,0.598264337353135,0.6020286310834233,0.5970809459854869,0.9910169815267248,0.9885769178781477,0.9967636224701881,0.9893178583909473
healthy_003.jpg,Healthy,24.157150864830236,39.87834060608498,18.441984304932735,35.31291600474573,0.8098388009639934,0.7814789488668814,0.8138656083931685,0.7826750877510774,1.7760650224215246,2.4133201954593897,1.559857463164638,2.2668463069838527,2.4164653681469677,2.511473117069982,2.378420479746966,2.4920350476309903,0.4885898384053431,0.48527395850831534,0.4895424066585024,0.4854084664227496,0.6989920159811148,0.6966160768373892,0.6996730712686479,0.6967126139397432,0.99762679605477,0.9960947079522302,0.9981882553056345,0.9965418006877685
healthy_004.jpg,Healthy,18.72125240230621,33.23996058637817,16.023542600896857,27.53729212330833,0.7903819497015928,0.7702501888798668,0.8057125281151893,0.7617889499054338,1.5464846252402302,2.037402722757345,1.370595771941063,2.0466126405115723,2.7277648375756858,2.8150423192129344,2.6906908380605805,2.832940860101848,0.4566868614914519,0.453211922909608,0.45772734025176653,0.4538026953278549,0.6757861063172665,0.6732101625121296,0.6765554968010876,0.673648792270761,0.998252781133892,0.9969071887436993,0.9985045532567723,0.99743779338048
healthy_007.jpg,Healthy,52.44811018577836,76.96052605119748,40.8685938500961,85.35212853666876,0.7764624180396504,0.7581244473948043,0.7942397830676504,0.7547646858570786,2.454996796925048,3.144724406282048,2.123278347213325,3.2069416235999118,2.7616877486667084,2.8421192662781496,2.7108482610224236,2.8552753020144963,0.4638352241598445,0.46050179396164403,0.4649046254247129,0.46107124043310765,0.6810544942659468,0.6786028248995462,0.6818391492314833,0.6790222679950251,0.9946832041160691,0.9922218591014672,0.9958570485991856,0.9913737481302263
healthy_008.jpg,Healthy,141.49429452274185,262.0711053912204,103.81356101857784,180.25775704317402,0.5849144166419773,0.5056518119617444,0.5737501145642899,0.5116848322056193,3.3742592889173615,4.884715156146314,3.1630164958360023,4.2994630899475155,5.849214470783318,6.123169652223428,5.83553608630613,6.0689216364250065,0.05741537460523283,0.05491705278690051,0.05755267549640735,0.055363227412841456,0.23961505504711683,0.23434387721231487,0.23990138702476763,0.23529391707573202,0.9900398108158994,0.9815169098270844,0.9926872719300232,0.9872869602590377
healthy_011.jpg,Healthy,171.11615150544523,254.33099398741174,152.57407110826395,271.3075670132116,0.5322921426592062,0.47047127041507864,0.5412248968630518,0.47052112790660056,5.094650864830237,6.733254237969797,4.599815823190262,6.65897162621408,5.598338127856991,5.815685369339621,5.5287071976675275,5.810337538842566,0.08074771158916019,0.07833399938240582,0.08161857103671542,0.07854475457749163,0.2841614181924777,0.2798821169392675,0.2856896411085208,0.2802583711104659,0.9872243737260727,0.9809699355825693,0.9885938201043761,0.9796996803407556
healthy_012.jpg,Healthy,169.29772581678412,201.67234410504938,111.99067104420244,252.60154034868992,0.7720168171855881,0.7551945934482533,0.8208659060883438,0.7473168610547407,2.413156630365151,2.837499245912848,1.8847693786034596,3.185022823704479,3.156757167260497,3.2354616839455863,3.0581338879416378,3.268922638099548,0.3254548497723735,0.3224919276437955,0.3269789752887309,0.32185580233249245,0.570486502708323,0.5678837272222154,0.5718207545103018,0.5673233666371345,0.9867446668718753,0.9842468349918627,0.9912315794865452,0.9802686195567312
healthy_013.jpg,Healthy,158.08167841127482,296.19119628385846,219.83067745035237,369.474954252046,0.605232586980587,0.5572722060559788,0.6005794301322177,0.5280250813232437,3.5524503523382442,4.993947193790342,3.9970771941063425,5.689678055058416,5.143572327423284,5.356794193359708,5.187270725642561,5.45725313010618,0.09623558503254732,0.09317225315886431,0.0962459164593654,0.09268060877650157,0.31021860845627447,0.3052413031666329,0.3102352598583298,0.304434900720173,0.989024081962431,0.9794269038385122,0.9847367289992904,0.9743366992049148
healthy_016.jpg,Healthy,147.0554131966688,249.57891773411893,129.1534673286355,206.36626515715176,0.7390200171284557,0.6858282526448598,0.7447173497486781,0.703938275440447,2.3831678411274826,3.3359206901405623,2.203195067264574,3.1299644070864083,3.7390810077131618,3.911002377443325,3.7125885815368194,3.8688343102853415,0.23234164723663228,0.22852122919341944,0.23306889147534227,0.22902480273745893,0.48201830591444583,0.47803894108473993,0.4827720906135133,0.47856535889830026,0.9893908397539449,0.9820233403148836,0.9906823570690958,0.9851358594191408
healthy_017.jpg,Healthy,191.45363549007047,251.01642904542615,131.5275864830237,280.77946469866674,0.7181556355976592,0.6886266574610213,0.7616104244682684,0.6950271993574535,2.5776745675848822,3.2138993343924063,2.0372357463164636,3.342114259285326,3.8913068577729177,4.010802618938421,3.7706872343651185,3.9985581962364987,0.2562109446897979,0.25285898086602204,0.25756654940151896,0.2527928216435704,0.5061728407271551,0.5028508535003416,0.5075101470921729,0.5027850650562031,0.9858300462053234,0.9814558526752657,0.9902653202775751,0.9792570718222202
healthy_018.jpg,Healthy,27.138172645739914,38.65897162621408,18.6461402946829,42.76936998532043,0.7928027431256877,0.7649861032306263,0.7981096183610962,0.7607246776946189,1.8539397821909032,2.3616400892839184,1.607383087764254,2.520702205956283,2.6666740718363195,2.755256948667662,2.629783540692739,2.7728973781162836,0.459587017317855,0.45614602579146746,0.46038358138675417,0.4564214416081957,0.6779284750752509,0.675385834757783,0.6785157193365192,0.675589699157851,0.9974237920872244,0.9963412355186451,0.9982299348302868,0.9959522189750616
healthy_019.jpg,Healthy,16.388212684176807,24.2103802610147,10.12724215246637,23.489472943352972,0.8103615807717642,0.7818239707886308,0.8164442108354218,0.7876144159634046,1.3864910313901344,1.8444770656960725,1.1956678411274826,1.7838283496551308,2.5411444203096156,2.6340733847978957,2.507676191726569,2.62575236368047,0.47301911216093523,0.4695932660442996,0.4740236144796379,0.47017500338775386,0.6877638491233276,0.6852687546096784,0.6884937287148213,0.685693082499564,0.9984402545239396,0.9977029358888596,0.9990361413757141,0.9977713350758614
healthy_021.jpg,Healthy,36.205277065983346,49.74272557260352,19.609625240230628,52.1621991192262,0.7899070167143055,0.7570443022130787,0.7993528446236908,0.7620701145060833,1.9078315182575274,2.486798447585916,1.588284753363229,2.488407166844296,2.710054735185408,2.8116045138398134,2.6709838913285533,2.808986934643487,0.4408797732498407,0.4374494976632465,0.4418070992611588,0.43750978985948613,0.6639877809491984,0.6613996504861841,0.6646857146510362,0.6614452281629115,0.9967035053905852,0.995484308015705,0.9982145413835873,0.9952646659037193
healthy_022.jpg,Healthy,18.00544522741832,27.153250618351464,12.190903267136454,27.557602203945383,0.7904012951072533,0.7540105374991576,0.7970876827379147,0.7671663785599787,1.502842729019859,2.0459691528082207,1.3304772581678415,1.961149429910113,2.7707788577033616,2.8800279994738007,2.7424001344316844,2.8663778402709283,0.4403133528446758,0.43681795691391745,0.44131795715911637,0.4372781023732798,0.6635611146267356,0.6609220505580953,0.6643176628384319,0.6612700676526042,0.9983577808204004,0.9975307659047835,0.9988881066305738,0.9974939954003739
healthy_023.jpg,Healthy,16.30877642536835,27.404814092380704,11.441223574631646,22.35661284160148,0.8083275699048056,0.7743275719601449,0.8131168756787667,0.7802976799053303,1.4071108263933372,1.9950934062619397,1.2731422165278667,1.8131874761205735,2.592065709857538,2.70189668006762,2.5683963908101664,2.676746438951971,0.4616576494232027,0.4581629067321633,0.46245911489828434,0.45834198184581304,0.6794539347322986,0.67687732029679,0.6800434654478229,0.6770095877059741,0.9984736276128942,0.997442961333682,0.9989291920323431,0.9979139897358483
healthy_026.jpg,Healthy,34.57807495195388,62.61811015705122,31.535113709160797,52.86122785497396,0.7994451406594494,0.7627643870300592,0.7960985419532094,0.7692959270974729,2.1731662395900067,3.1090912747089225,2.1099055092889176,2.8344426793219246,2.517254408778987,2.6353603051129078,2.5083470726608046,2.6107499336719844,0.4553220158456539,0.45165761163546597,0.45601508610181224,0.452214129743256,0.6747755299695254,0.6720547683302798,0.6752888908473264,0.672468683094801,0.9967731231024783,0.9941739182860914,0.997057096728774,0.995081713066584
healthy_027.jpg,Healthy,147.83071748878925,203.35072090731762,132.41439782190906,288.7373162540972,0.572043676127554,0.5253489801269824,0.5712141707903434,0.5046180533884349,3.724615631005766,4.5981620382473,3.5965326713645105,5.6466448148967405,5.699317782326878,5.888880593163183,5.692080671313623,5.991531833755648,0.07812921649177827,0.07534003475777724,0.07819406614334387,0.07492754387409531,0.2795160397754989,0.27448139237073477,0.2796320191668756,0.2737289606053684,0.9896538411599305,0.9857559217056902,0.9907327758679009,0.9797748593127101
healthy_028.jpg,Healthy,149.30917680973735,201.15019405176048,82.3822069186419,181.19543928090243,0.7895427274186555,0.7494542390225711,0.8136694051392995,0.76871493585922,2.336523062139655,2.9281907941040433,1.6932655349135168,2.781636469665587,3.02973667007454,3.1380374109376143,2.9459525359299885,3.1063886281293707,0.3534914682412864,0.35043134597902037,0.3555426432068572,0.3503663005978879,0.594551484937416,0.5919724199479401,0.5962739665681013,0.5919174778614734,0.9878752015983853,0.9837064669866118,0.9933100719452661,0.9853228385599317
healthy_029.jpg,Healthy,177.89958360025625,245.8418628969012,133.81057815502885,267.04068048824627,0.7741061955563323,0.7353118850227823,0.8114342072271491,0.7466311791745933,2.4239670083279954,3.097548714030043,1.9248878923766823,3.1799955760220397,3.359799375500648,3.4720083040022063,3.2610533083230795,3.461549513665588,0.28536462348505437,0.2818715785391242,0.28680065814815825,0.2819216005077993,0.5341953046265517,0.5309157923240975,0.5355377280343172,0.5309628993703791,0.9865617807951016,0.9814677229388072,0.9898921861153878,0.9798696942046317
healthy_030.jpg,Healthy,153.77051969891096,191.41283757968188,104.2568465727098,216.47499447002753,0.5890554614958452,0.5044588933333305,0.5737258863324148,0.4982919480504095,3.6741872197309426,4.831486657684651,3.4306934657270984,5.056626917894991,5.2134610901460725,5.467534030126807,5.22817505690521,5.476293937304216,0.05525458327726841,0.05272659881348074,0.05516022219094586,0.05243137081470984,0.23506293471593606,0.22962273148249226,0.23486213443410978,0.22897897461275749,0.9890142714052055,0.9863070086851448,0.992556443305695,0.9845141514192981
healthy_031.jpg,Healthy,19.920523702754643,33.71718715437672,16.706077834721334,31.756279032355362,0.7681617113184156,0.7220479917382518,0.769608935158563,0.7333385524544064,1.7264573991031393,2.440145589092883,1.6175128122998077,2.3443463572563292,3.038771261985956,3.168701707558176,3.019301098455993,3.1579523209831306,0.39705036758414297,0.3934041469554141,0.39781116080598167,0.39369220807575994,0.6301193280515548,0.6272193770567154,0.6307227289435364,0.6274489685032242,0.9982740476131503,0.9970866918769453,0.9985525533693802,0.9972561226641072
healthy_033.jpg,Healthy,93.28151024983987,165.1484646785578,114.05493273542601,177.26043153894105,0.6274819909146854,0.5615476752439873,0.6123119178196148,0.5524233217995036,2.649703715566945,3.697480343461562,2.8212684176809733,3.8360312895895756,5.32185701474076,5.560122435417603,5.355134251901466,5.5750004041034575,0.082951780169565,0.07997535263461004,0.08235811668279062,0.07972238853494423,0.2880135069220973,0.2827991383201336,0.286981038890709,0.2823515336153573,0.9935022982238695,0.9884877921127931,0.9920538480014763,0.9876434882878012
healthy_034.jpg,Healthy,54.43449711723254,98.24036276619276,60.726757687379894,102.5101047678417,0.6571291009617213,0.6219457455892534,0.6898242014336937,0.5839360207265174,2.353259128763613,3.129260592410867,2.235726297245356,3.3300287558567434,5.0593096583489,5.2270525185797485,5.0056401884424595,5.29765362094658,0.07349948086614143,0.07116208087088792,0.07453269869215386,0.07113585737858313,0.27110787680578635,0.2667622178474454,0.27300677407740975,0.26671306188220917,0.9962221865991868,0.993178554779961,0.9957874081694044,0.9928820797838614
healthy_035.jpg,Healthy,22.855421204356176,38.24967322890064,19.638252722613704,36.751271893663656,0.7404933427084897,0.6946456801010499,0.7418838743410154,0.7182038944545583,2.001921844971172,2.810030364576002,1.9042280589365788,2.5577429668804923,3.2169283899027943,3.3589272552637324,3.1969663794617427,3.3183693627886557,0.3404565808704862,0.336675746369247,0.34119134514072624,0.3374302664013124,0.583486572999316,0.5802376636941513,0.5841158661949923,0.5808874817047724,0.9981792794506272,0.9969603068660782,0.998435567213304,0.9970793844912208
healthy_036.jpg,Healthy,214.92456758488146,246.65724225301136,123.90114509929532,296.66464236159993,0.7447963635027048,0.7226621380308365,0.7827905023688548,0.7103066820563003,2.7635329916720046,3.210118844135213,2.0704276105060857,3.666512497737738,3.494238333393088,3.580641194111876,3.391541710822225,3.6301070066096166,0.26825256169689715,0.2650348591026377,0.2698468893366332,0.2646422602643713,0.5179310395186768,0.5148153640895323,0.5194678905732607,0.514433922155578,0.983929754001702,0.981592222837252,0.9907357176353041,0.9778602218253254
healthy_038.jpg,Healthy,192.24539557975655,238.6660298819602,116.2748038116592,266.7403929296788,0.6313689398076477,0.5453822978749358,0.6194323705714794,0.5582538243254589,4.359665278667521,5.936837660117838,3.9431654388212687,5.810995596131029,4.634247279049525,4.897700159263891,4.645305400097848,4.850862433944913,0.0880166632773356,0.08430150038962747,0.08834057028026852,0.08456865772704425,0.29667602410261534,0.2903472066158507,0.2972214162543953,0.2908069079768296,0.98643175500484,0.9831419334139857,0.9917935979788709,0.9811589135353191
healthy_039.jpg,Healthy,177.58960602178092,295.96523155502825,145.44496716848172,247.93422349132294,0.647569698270966,0.5629804387025104,0.6282273156964717,0.5714726820879314,3.4310538116591927,4.893261477206459,3.2555853619474697,4.628064107462446,4.865135287579534,5.134516400812448,4.891124186975446,5.095270100461592,0.10201830332231049,0.09901661010196024,0.10258152719307524,0.09900937043666373,0.31940304213064485,0.3146690485287046,0.32028351064810573,0.31465754470004964,0.9876848012806306,0.9794603844676775,0.9899091770441479,0.9827936761319552
healthy_040.jpg,Healthy,154.38216688020498,205.9212934102837,89.87816303651503,189.93790343662653,0.7607152120277155,0.6906963802917941,0.7628894605987577,0.730767853069013,2.205957719410634,2.8636409338615296,1.7273382447149261,2.7028494439864064,3.841218824278322,4.025671192592837,3.800689871058786,3.947671612336094,0.2273186543194215,0.22386190337577505,0.2286278541765886,0.22407823647144462,0.4767794608825148,0.4731404689685454,0.47815045140268203,0.4733690277906283,0.9888237340822009,0.9851160589462313,0.9934934049016237,0.9862713344899473
healthy_041.jpg,Healthy,115.11571108263934,140.4450924008124,47.39497918001282,146.07862615375333,0.7643221252224964,0.7225925498382315,0.7798595401876841,0.7336279671811161,2.9218449711723258,3.7336765267751213,2.151825752722614,3.5641979529047436,3.149070822775247,3.2851301893480205,3.0813236768731542,3.2446269147396007,0.3361694475254864,0.3326614654896327,0.3383273507108786,0.33307805771133636,0.5798012138013221,0.5767681210760809,0.5816591361879212,0.5771291516734676,0.9907416297082207,0.9887312717977957,0.996188180891271,0.9882792605555755
healthy_042 - Copy.jpg,Healthy,14.74867873158232,24.452251201512198,9.525544522741832,19.51424721993203,0.8064705138326191,0.7748671771567756,0.8087924659386256,0.7773083206440444,1.3146620755925689,1.8505097629149991,1.1758888532991674,1.683806229765328,2.607570402639906,2.717307723072778,2.5817154003520555,2.687464668685903,0.47562539141515636,0.4719164721510651,0.4763503280253464,0.47245282950857215,0.6896559949823944,0.6869617690607426,0.6901813732819413,0.6873520419032536,0.9985780427211293,0.9976498361335225,0.9990816182509751,0.9981244394096949
healthy_043.jpg,Healthy,17.200672645739914,27.401677089826862,12.663236707238951,25.16998129863862,0.81396217129452,0.7832506845524261,0.8207689024896575,0.7939535582469825,1.4804612427930817,2.04520501116049,1.2924007046764898,1.8639827867039354,2.4405882782375086,2.534469227068941,2.4046637759203557,2.5133805586213285,0.4974750482195773,0.4939661026064371,0.4981518458472858,0.49428012195137855,0.705319110913335,0.7028272210198159,0.7057987289923989,0.7030505827829023,0.9982794827425413,0.9972678782919413,0.9987333450418588,0.9974903925744394
healthy_044.jpg,Healthy,186.15887251761694,324.46866013794767,202.78503363228697,310.6095035090188,0.5418455365455378,0.4864330301011299,0.5441141675109631,0.4783543881819014,4.78955797565663,6.647831245349796,4.876921844971172,6.6852741860885985,5.353849673655819,5.576756012910066,5.3444715976162405,5.593365039313751,0.09036629239983263,0.08739387286448419,0.09034410922858783,0.08716891351361662,0.3006098674359054,0.2956245471277448,0.3005729682266651,0.29524382044950004,0.9866432672995449,0.9767049754267977,0.9854503551012699,0.977699984911219
healthy_046.jpg,Healthy,110.41988308776425,204.76844497174687,100.20019218449711,163.3043897926763,0.55223082227878,0.46962735181753246,0.5407983949677562,0.48200943455602974,3.9296124279308136,5.787367532023567,3.7675368353619474,5.056083975145287,5.5262160833255445,5.831332874639102,5.5383261786577425,5.747073701798848,0.06899055748868048,0.06539227042188035,0.06898123680155115,0.06630737123229784,0.26266053660319905,0.2557191240832026,0.26264279316507266,0.25750217714088913,0.9921160807583036,0.9853616620871091,0.9928457610975993,0.9883258143569267
healthy_047.jpg,Healthy,74.83532190903266,141.57875686219307,59.39501921844972,92.45160771380887,0.6130994090033339,0.5520510560440377,0.6189350630760302,0.5593610649158337,2.7122437540038433,3.846809708620724,2.4431854580397183,3.3847855376138676,5.3379831237375335,5.562776444232325,5.291319727167972,5.520165634324661,0.11404694382648342,0.11071851135177638,0.11416797349190005,0.1108885026638667,0.33770837097484485,0.3327439125690752,0.33788751603440464,0.3329992532482118,0.9948233391112695,0.9902068747492018,0.9958914070905276,0.9936050422108152
healthy_049.jpg,Healthy,174.8216087443946,245.08268816988075,67.52150064061499,170.42094150294596,0.585780546688288,0.5105392182718089,0.6062784760911926,0.5243472655932735,3.9840046444586803,5.36151943533954,3.122797885970532,4.701622795551891,5.192671967287083,5.427079702410277,5.100170304863404,5.374047783268058,0.05602258954150117,0.05355416127980972,0.05669555100731423,0.05416127172228698,0.2366909156294368,0.2314177203236816,0.23810827580601693,0.23272574357446357,0.9876590707684426,0.9826796456600921,0.9952394436217841,0.9879561012007274
healthy_050.jpg,Healthy,20.461362908392054,28.875706328299387,11.886651185137733,29.406664119527843,0.8169938650024341,0.7874177456995441,0.8188553637765481,0.7872521818253961,1.439381806534273,1.9151802771018924,1.2534433055733503,1.905005127792636,2.470607742666628,2.562953797209851,2.443614776128176,2.56025279801867,0.49017035874779313,0.4868528753843581,0.4910223778392279,0.48688638100096765,0.7001216742451223,0.69774843273515,0.700729889357681,0.6977724421335136,0.9979860456997375,0.9971668614537199,0.9988300304150212,0.9971147665554105
healthy_051.jpg,Healthy,18.698790839205635,30.622815660881983,16.114269698910952,31.254720585573807,0.8003516405876681,0.772097795421055,0.8030506810586087,0.7725350734851446,1.567424727738629,2.13392587826017,1.4924327354260087,2.1325182489090873,2.603350924514557,2.7028516581782602,2.5875049482068175,2.7033012461264825,0.4731001991732691,0.46966415681776835,0.4735432991167996,0.46993748526877116,0.6878227963460277,0.6853204774539926,0.6881448242316436,0.6855198649702072,0.9982096715145015,0.9970770818029193,0.9984571282542782,0.9970167670877847
healthy_052.jpg,Healthy,17.344931133888537,27.924832592652173,14.75372357463165,28.758149168493233,0.8123969483874425,0.7832022245493743,0.8168214718151191,0.7852000482823753,1.5143737988468935,2.059482394578616,1.405429212043562,2.0359548754248022,2.4257444360210325,2.519708643303983,2.4062686445043258,2.516128759021438,0.49655521458672097,0.4931306680377729,0.49732738884967004,0.49361388936162054,0.704666740088335,0.7022326309975725,0.7052144275677221,0.7025766074682679,0.9982595082897536,0.9972067985527079,0.9985195251927669,0.9971234454633755
healthy_053.jpg,Healthy,225.15739109545157,294.37587725472054,167.84629244074313,327.53906171449256,0.7703093696188568,0.744232939760913,0.8112982801207975,0.7361616455444743,3.2683776425368345,4.092139395523738,2.7081598334401025,4.413722375273985,3.2502470382580184,3.3462602140031508,3.1636563912337152,3.37888739472917,0.2659045386565977,0.2622210290450101,0.267403793243692,0.2616241795295529,0.5156593242215229,0.5120752181516013,0.5171110066936228,0.5114921109162417,0.9829878564876481,0.9777969580709397,0.9873180924635621,0.9752956540173323
healthy_054.jpg,Healthy,22.09124759769379,27.47234008325122,10.802410313901348,31.5578837298156,0.8078781383447424,0.7709145012278295,0.8092759533640789,0.7798706339548541,1.4462684176809741,1.9035974984415531,1.1937459961563102,1.8481771199903474,2.6538045972987137,2.7591948784921696,2.6184505757278758,2.7428969662907843,0.46276400961515,0.45944938395316953,0.4638778950486254,0.4596335408035625,0.6802676014739715,0.6778269572340492,0.6810858206192707,0.6779627871819828,0.9979147974647262,0.9974148153800627,0.9989803557597189,0.9970303601582952
healthy_055.jpg,Healthy,171.1830156950673,244.8666170644895,108.45423606662396,197.14906794827968,0.7713279276670808,0.7505441982141892,0.8207532466120919,0.7565552094791204,2.312500000000001,3.054354601942528,1.7918802049967972,2.7116571819260393,3.117800747556818,3.2288268425696858,3.0202999864709974,3.1963085719477378,0.3473146760928931,0.3436477250060364,0.348694609493275,0.34428649288514546,0.5893340954780175,0.5862147430814381,0.5905036913460194,0.5867593142721685,0.9862516900359029,0.9803826800699663,0.9912896589167507,0.9842055385653867
healthy_057.jpg,Healthy,182.96828955797565,232.93506806893362,98.89081518257527,230.80460093707896,0.7085517968746944,0.6830164320813967,0.7585578409343688,0.6834330273977288,2.4654468289557974,3.06497214904784,1.8198270339525944,3.013452914798206,4.017231741917984,4.135331579579443,3.8809607018572754,4.122675070022895,0.2391812788258791,0.23584899026014253,0.2406989579711449,0.23604966912380193,0.4890616309074748,0.4856428628736785,0.49061080091162373,0.4858494305068206,0.9866181638196468,0.982992554318931,0.9927673768404799,0.9831481075566669
healthy_058.jpg,Healthy,146.21188340807174,209.647891572322,86.87792280589366,177.76138671600074,0.7744429494770084,0.7239698614534367,0.7771143695219764,0.7427754125933272,2.219730941704036,2.905789378431097,1.7287796284433057,2.7376782159303428,3.404938797541905,3.5547780935956186,3.3637855738788707,3.512988460294238,0.32296329448243405,0.31983867088364754,0.324886050602172,0.31992505777986635,0.5682985962347911,0.5655428108319012,0.5699877635547732,0.5656191808804457,0.9884199507942459,0.9834345329564853,0.9931192561079778,0.9859540662623951
healthy_059.jpg,Healthy,194.7801489429853,215.61595849504306,93.21985105701474,254.59345653441653,0.7768827598830406,0.7475994297099464,0.8150207327869982,0.7439878615937103,2.8244314541960285,3.4050151822880004,2.091287636130686,3.602485471254198,3.134119422507794,3.234028942901011,3.038154421250746,3.2432800783500553,0.291817190066205,0.2887696910368879,0.29389085819792515,0.28823462483760653,0.5402010644808144,0.5373729533916718,0.5421170152263487,0.5368748688825046,0.9853895357211947,0.9838606327242149,0.9930075764325309,0.9809430742988576
healthy_061.jpg,Healthy,13.641696028187056,22.29692935711556,8.875320307495196,18.44670112007078,0.8014510085457024,0.7671184140318588,0.8104972422424866,0.7679049966158135,1.3215887251761689,1.8408574473647163,1.121036194746957,1.688793259466307,2.6994390707824145,2.8083924038674626,2.65786918061617,2.7830080674082445,0.4592586150882296,0.45556111372730246,0.46005527674440616,0.4560664319322141,0.6776862217045804,0.6749526751760471,0.6782737476450096,0.675326907454615,0.9987257557906563,0.9979236391687948,0.9991709736469331,0.998282184642683
healthy_062.jpg,Healthy,125.4193025304292,239.8075368497255,135.60814381806534,230.96207444348366,0.5675769935820583,0.5170992545958149,0.5821537935708334,0.487429292577798,3.0533512171684816,4.396448752237125,3.2404708520179373,4.439361338454423,5.90355327327676,6.1410331018805975,5.9154564909440355,6.1991689427327685,0.04616768200130679,0.04367681298523094,0.045129953118222196,0.04342055042717299,0.21486666098142537,0.20898998297820626,0.21243811597315157,0.20837598332622928,0.9910821662492441,0.982913878356723,0.9903520943105368,0.9835441114538536
healthy_063.jpg,Healthy,188.65018417680974,247.5451748476744,137.31678411274825,287.8839309055079,0.7100468527785838,0.6838968696993858,0.7636177963976577,0.6903624634009955,2.549407431133889,3.16760843773251,1.9955957719410637,3.3122322990609105,4.024578913373316,4.145103001249085,3.890607879678768,4.134691603514115,0.2422756736120744,0.2389418963032042,0.2435624161719274,0.2388895728540904,0.49221506845288104,0.48881683308086293,0.49352043136219537,0.4887633096439323,0.9861440204716787,0.9818496464833973,0.9899143562575169,0.9788919532731771
healthy_064.jpg,Healthy,136.06634368994236,184.5162782279957,78.07995675848814,163.8309236059442,0.7520420663782852,0.6907190113518432,0.7572796535588049,0.7257189775366858,2.044122357463165,2.666693478654306,1.6171124279308136,2.500311689356311,3.8405327802276314,4.0189170041208255,3.8036868295380057,3.945907002395909,0.2743947540455622,0.2710920929781226,0.27579629711659653,0.2712500465547862,0.5238270268376405,0.5206650487387477,0.5251631147715884,0.5208167110940145,0.9897307662350402,0.9861018670850009,0.9941071296062899,0.9876599291199181
healthy_065.jpg,Healthy,41.63785233824471,61.322568320296,27.735946508648304,61.65191337046793,0.7975545953468277,0.7672014194047725,0.8003927866510443,0.7635963763945286,2.184577194106342,2.8911098151983747,1.8914958360025624,2.8652094351384507,2.583638053439637,2.680075304963584,2.549277964641451,2.683074317823286,0.4470264650332737,0.4436019013841079,0.4480812885222472,0.44371610337888784,0.6686003776795775,0.6660344596070896,0.6693887424525805,0.6661201868873874,0.9961348414302239,0.9943244218828426,0.9974253275488878,0.9942939400616969
healthy_066.jpg,Healthy,78.03251121076234,140.93695831406222,66.1738468930173,121.8451607713809,0.6202031571141584,0.5835564205533184,0.6214171974314764,0.5488863992652855,2.7043561819346573,3.5210038408172295,2.4803811659192823,3.8467292726578064,5.497988937020903,5.653208788517944,5.467658728683027,5.763029650324698,0.12379781912064156,0.12068727146512047,0.12419751957715408,0.12038687600284667,0.3518491425606172,0.34740073613209355,0.35241668458964037,0.3469681195770682,0.9945841866770458,0.990220643534024,0.9954072322411059,0.9915453882708164
healthy_067.jpg,Healthy,16.870155349135167,27.89314082326208,13.403267136450992,25.750809386876874,0.7829850843130566,0.7523554495974418,0.8020486994825495,0.7701397858948635,1.6321668802049962,2.223008707192986,1.4052690582959642,2.0137143316776935,2.70905996681385,2.8152237011791277,2.665248060885144,2.7833853979497385,0.445228851672301,0.44170710990664463,0.44622302015957094,0.44251089775452235,0.6672547127389218,0.6646104948815093,0.6679992665861025,0.6652149259859721,0.9984613744438632,0.9974636218321778,0.9987775684974393,0.9976584282441884
healthy_068.jpg,Healthy,209.73826873798845,276.37085000703814,177.53887732222933,366.79000180980916,0.7537102101999396,0.7073876984040389,0.7450077496023684,0.6707833410837194,3.401945868033312,4.285427014418147,3.158672325432415,5.153331054314384,3.8441011773628855,3.9887762925620227,3.861131149664371,4.086668690264899,0.18948796005119425,0.18578087268669544,0.18996902465187845,0.1846001748063254,0.43530214799745043,0.4310230535443498,0.43585436174469844,0.42965122460703564,0.9855381084617348,0.9809645206979313,0.987758323728385,0.9747367586434005
healthy_069.jpg,Healthy,197.62131646380527,303.68179533069235,235.38004484304932,451.94015564358824,0.5691690159451279,0.5307562574483468,0.5630753687123695,0.4888028340148394,4.212804292120436,5.461119266424018,4.679292120435617,7.048241468760683,5.248444539587335,5.410629140579836,5.266808757828026,5.574604952852579,0.09743283284496355,0.0946840423426933,0.09745062579102201,0.09357151785925705,0.3121423278649718,0.3077077222669157,0.3121708278987997,0.3058946188792098,0.9862450731555865,0.9788551056981272,0.9836169733337249,0.9685321050889816
healthy_070.jpg,Healthy,202.2214125560538,266.30648112771223,98.20221412556053,225.59414024010135,0.7624540157425058,0.7315017851512216,0.7999839571135325,0.732711801109899,2.864229660474055,3.6161394759597014,2.115210602178091,3.4442880411832135,3.238710499269846,3.3453214925013857,3.135172655886323,3.3354150373157463,0.28645519377494133,0.2831544681761102,0.28865664413076786,0.28355680529122207,0.5352150911315388,0.5321226063381541,0.5372677583205304,0.5325005213999533,0.9848240107926577,0.9800560159675737,0.9926303407349226,0.983105007765095
healthy_072.jpg,Healthy,38.20439622037156,65.5170624786342,31.79083920563741,56.07251302057149,0.7919612475356417,0.7681037588621706,0.8059173745878496,0.7733053664192144,2.265054452274183,3.005972370246737,1.9922725816784113,2.8852379899052867,2.4891037459848624,2.57879742399677,2.4500014562803294,2.566701400360432,0.4712124309981402,0.4677337531503235,0.47244078891328256,0.4686327771605047,0.6864491466948882,0.6839106324296498,0.6873432831659029,0.6845675840707802,0.996296179403871,0.9936677009660089,0.9969179577046874,0.9945805274748174
healthy_073.jpg,Healthy,20.411995515695068,31.602445253272737,14.821068225496479,30.06877274829576,0.7771957371777746,0.758509924662806,0.7963128229019603,0.7539116109904767,1.5767136450992953,1.9638842526493596,1.272101217168482,2.004544631904925,2.9490647433012187,3.0235962960921268,2.88172828265332,3.0454323492117137,0.4345596750859685,0.43116728725110465,0.43576079112180893,0.43176203767406335,0.659211403941079,0.6566332973974931,0.6601218002170576,0.6570860199959084,0.9981402148982315,0.9971291079951206,0.998649617483167,0.9972684329143588
healthy_074.jpg,Healthy,101.11807335041638,105.82066802067206,29.470892056374126,130.13436827605622,0.7819354305518664,0.7429680448611546,0.7790264486334058,0.7467603775422222,2.2408712363869316,2.8420438778177726,1.8009689301729663,2.905387198616502,2.976711412056347,3.100640257297309,2.970748195222116,3.0948462275124697,0.412600030806961,0.40905496546333514,0.41355077135260626,0.4094967846037616,0.6423394980903486,0.6395740500234004,0.6430791330408773,0.639919357891103,0.9909569272131828,0.9905628946187017,0.9973643937910615,0.9883945946465779
healthy_075.jpg,Healthy,18.009328955797567,27.316857366928758,13.307335041639977,28.22168151380483,0.7815017456359927,0.7566103483174192,0.7931903617223395,0.7479662640025588,1.65835201793722,2.128335578837299,1.4160393978219092,2.2214804238975248,2.7988541303563306,2.887409781258446,2.7490501658309467,2.90107561795215,0.44304681557395686,0.43980589053968755,0.44398708402282727,0.43971272961196356,0.6656176196390514,0.6631786264195247,0.6663235580578157,0.6631083845133943,0.9983533133953343,0.9975097037063123,0.9987832411518135,0.9974272169037808
healthy_076.jpg,Healthy,204.3398462524023,282.44396629733154,128.40522901985906,269.0891029379236,0.7374413592968588,0.6826250288877025,0.7695970704301989,0.723274659524029,2.754564381806534,3.5938386052404034,2.018697950032031,3.2525890325564566,3.879269739653479,4.042633142314729,3.7710875976690104,3.9472979485423796,0.22117653651381045,0.2178861924138231,0.22311084279922183,0.21844667760829387,0.4702940957675425,0.466782810752306,0.472346104884143,0.46738279558440515,0.9851707659342973,0.9795330562481669,0.990681489472203,0.980500799481537
healthy_077.jpg,Healthy,186.7638933376041,316.84827766494396,168.18633888532992,258.7233203965493,0.6357657630866655,0.5647054267597311,0.6737278424536481,0.6126100718528138,3.0918481742472776,4.402984174224295,2.8051729660474054,3.874117718031732,5.312103347198483,5.56234263021413,5.2345975544850285,5.429438438177275,0.08734603689272641,0.08381288737827572,0.08744312521282444,0.08444739318168842,0.29554362942334994,0.2895045550216364,0.2957078375911339,0.29059833650881145,0.9869234329224631,0.977801017044615,0.98822416955089,0.9818733602657703
healthy_078.jpg,Healthy,175.87564061499037,250.65100846588507,136.9638452914798,274.09487421826304,0.7512949955621546,0.7198411799578774,0.7908029898118288,0.7294683144922022,2.3638292761050606,2.999819019083432,1.876721652786675,3.0944117114762015,3.513676872647885,3.6252182600644502,3.40960233238151,3.6141197544969126,0.30355964135082814,0.30017993812332244,0.3049186818561065,0.3001610834930111,0.5509624681871063,0.5478867931638091,0.5521944239632509,0.5478695862091736,0.9863721367766002,0.9806207651789709,0.9893872480369852,0.9788081884719844
healthy_079.jpg,Healthy,169.90562940422802,226.24134810673849,112.89806213965406,240.8867260552193,0.7724355070450214,0.7154040653618857,0.8044074888892234,0.7643572025076157,2.2213324791800124,2.789358322105813,1.6489029468289558,2.7421021938908883,3.6138264317922686,3.7493179264545597,3.5177383293451663,3.6798502794982406,0.2642174798584989,0.260640121245847,0.26563325824822576,0.26096800123297387,0.5140208943793033,0.5105292560136461,0.5153962148175186,0.5108502728128603,0.987339440593557,0.9831735425237852,0.9915873733695385,0.9820843082554452
healthy_080.jpg,Healthy,209.53086963484944,344.07774135816123,154.6091848174247,266.5772084699069,0.629203569805764,0.5604326120758778,0.6249761097535106,0.5762929471600978,3.6053010890454837,5.228779987532427,3.356101857783472,4.5544853103822724,4.862637131379363,5.104407619635497,4.853359933400004,5.05727626212586,0.12346425979414294,0.1192640291279214,0.12336984340168353,0.12051577124074747,0.3513748138301078,0.3453462452784472,0.3512404353170112,0.34715381495923026,0.9854284130388179,0.9760753316649491,0.9892478793912767,0.9814641561143959
healthy_081.jpg,Healthy,102.319266495836,249.54605964326646,166.01113068545803,199.12924048342018,0.6377426783836142,0.5259417558313603,0.5806475078489441,0.5485127370810781,2.8737187700192184,4.888535864384966,3.739710121716848,4.298538076373948,5.181422741872707,5.53661261678608,5.327156886214935,5.45240208210603,0.0768921785189246,0.07297919258163194,0.07510241281822735,0.07371415559007614,0.2772943896275664,0.27014661312263744,0.274048194334915,0.2715035093513086,0.9928571449162756,0.9825623301446013,0.988417763410732,0.9860853344706381
healthy_082.jpg,Healthy,86.07491191543882,155.35578837298158,88.98906950672645,148.60194252850448,0.6634167829156483,0.6151127400174558,0.6600786293637202,0.6165191480585648,2.422005124919923,3.386675782742464,2.4535554131966686,3.3892497335558724,4.834238472907095,5.033961298761044,4.842171775111172,5.030223416190793,0.17277921606151259,0.16931470696696418,0.17290537717457954,0.16925988895001648,0.415667193872108,0.41147868349036526,0.41581892354073974,0.41141206709334194,0.9939367126311779,0.9890671408296522,0.9937314335955002,0.9895424294960692
healthy_083.jpg,Healthy,17.980661434977574,29.07973214824348,14.192664958360023,27.67761266062056,0.7821127800523427,0.7488130220802672,0.791584572292804,0.7642283495634432,1.5977338244714923,2.1959420056707355,1.4456678411274821,2.031490679482797,2.779807242886883,2.8882896617517018,2.751566268247156,2.8607356539864277,0.443119580415392,0.4395482652496468,0.4438859557497426,0.44009369791691183,0.6656722770368254,0.6629843627489617,0.6662476684760275,0.6633955817737346,0.9983526975153436,0.9973437674975271,0.998699735694688,0.9974718414198177
healthy_084.jpg,Healthy,238.16371716848175,410.5983229101731,240.61338885329914,417.82203543204173,0.5705965833463718,0.5240578812897834,0.5862957984424537,0.5194075398546361,4.491872197309418,6.229644674133805,4.392857142857142,6.392849242896499,5.136143147015723,5.349351842555112,5.105492113467882,5.367435601328916,0.11340768042990713,0.11003322315906747,0.11355624613915073,0.11002681488159177,0.3367605684012116,0.3317125610510815,0.3369810768265048,0.33170290152724285,0.9834460550339105,0.9714599634524533,0.9832757867380608,0.9709578546812296
healthy_085.jpg,Healthy,15.971812940422808,25.247561784874023,11.965647021140295,24.371252186852743,0.7924317451560672,0.7702496941362421,0.8034469587343015,0.7658069368916647,1.477658552210122,1.9438556978825237,1.2759449071108264,1.9060105773291243,2.6963958754882835,2.7847240357529595,2.657428252093169,2.7825543075738004,0.4760958610833347,0.4727764555074332,0.47694768500021395,0.47319124908466836,0.6899970007785068,0.6875874166296481,0.6906139913151297,0.6878889802029601,0.9984491019847127,0.9975560450412922,0.9988381094691042,0.9976408714972367
healthy_086.jpg,Healthy,99.80531310057654,150.375696273804,125.30241031390133,235.60326972189264,0.6590616276207685,0.6099876173229107,0.6611591380534835,0.5918707763477681,2.8631686418962206,3.48317882925456,2.8878923766816142,4.496068692312333,4.786607898472847,4.922398526546642,4.791437511887484,5.058287026558201,0.12262664093788846,0.11965255068827078,0.1223609630812524,0.11839373268060908,0.3501808688919034,0.3459082980910848,0.3498013194389815,0.3440839035476799,0.9930781369343412,0.9895727582032926,0.9913098141489459,0.9836629699987425
healthy_088.jpg,Healthy,128.65050448430495,159.09966015805662,74.30483263933375,182.1239719278489,0.5630557995678712,0.5145806437561817,0.620506480014516,0.5300758748692207,3.2200512491992317,3.9264212029198258,2.458860506085842,3.9191015302941943,5.650787148630558,5.842001568235238,5.489569519972939,5.79327593911999,0.0668251016090758,0.06462059492858097,0.06785201473587611,0.06484121355349405,0.2585055156260226,0.25420581214555454,0.2604841928714219,0.25463937942410647,0.9909921362296312,0.9888489604434422,0.9947982028540862,0.9872352234244417
healthy_090.jpg,Healthy,164.13785233824473,234.1064569969233,112.06746476617553,222.95457378994146,0.6961655558210001,0.6493413945060905,0.7385291574108821,0.6736930279804639,2.425408392056374,3.2209776991292807,1.999839846252402,3.046069697761869,4.2652812200646615,4.43069686138336,4.150476154451899,4.364075317683004,0.19255936772331547,0.18894346043241642,0.19358769476352647,0.1892696578296978,0.4388158699538059,0.4346762708412048,0.4399860165545338,0.43505132781052147,0.9884228966607387,0.9835080011997865,0.992095567219355,0.9842936132107873
healthy_093.jpg,Healthy,118.30613388853298,142.2450481610328,50.246036194746935,149.46308994751553,0.7663035776370086,0.7260882974704411,0.7811991659303443,0.7348088272781101,2.9003843689942346,3.6957107522773436,2.1652786675208198,3.565163184459772,3.120443184186857,3.2527337347625918,3.0569533245197062,3.2190097583635926,0.33650861301064283,0.33298861781023054,0.33864110803578346,0.33337593292818524,0.5800936243492448,0.5770516595680412,0.5819287826150065,0.577387160342335,0.9904525113086835,0.9885478732488067,0.9959450668652157,0.9879667498248078
healthy_095.jpg,Healthy,154.9915118513773,163.41060548171083,84.74635650224215,232.09004806048785,0.7696583586907946,0.7318504923038825,0.7807598826360682,0.7154499286543445,2.4197229340166557,2.8989925395644387,1.8488148622677771,3.1976512698827646,3.5639904105883025,3.674613543819383,3.50111306746041,3.7084418743922134,0.24895169441940368,0.24554084121277864,0.2502335508023,0.24532366783311524,0.4989505931646977,0.49552077778109227,0.5002334962817864,0.49530159280292574,0.9886751803367589,0.9880811062514382,0.993807807969349,0.9830717436314673
healthy_097.jpg,Healthy,22.04528347213325,36.96350218182548,16.394939141575918,32.68748617506887,0.7557829909569491,0.7275768432413626,0.7753034378112795,0.7247420201063103,1.8333199871877002,2.46998733133584,1.574871877001922,2.372901124092582,3.113290768539901,3.228459250918079,3.055652897033212,3.215916534055474,0.38764052054995224,0.3841664654578066,0.3887268410842251,0.3842534273703104,0.6226078384906122,0.6198116370784003,0.6234796236319397,0.6198817849963898,0.9981268767576286,0.9968678071713696,0.998606969985114,0.997230145853608
healthy_099.jpg,Healthy,178.9099935938501,242.22900118643048,97.77562459961564,223.7648856803877,0.7490923614374281,0.7564358449291391,0.8165883051306444,0.715854660519715,2.2663356822549647,2.7098071547789018,1.5161354900704676,2.736994510245531,3.4888896147401756,3.5431286590810656,3.329104700599558,3.5921172548741964,0.31888068443367384,0.31564681409775,0.3209256767342261,0.3157765532589882,0.564695213751342,0.5618245403128542,0.5665030244705019,0.5619399907988292,0.9858822674652216,0.9809299594747709,0.9922845555533811,0.9823835898379317
healthy_100.jpg,Healthy,172.36422966047405,219.30889420659975,95.30809577194105,218.38677632769605,0.7286978413241818,0.7018604343340413,0.7453119819055214,0.6790192306449436,2.506406149903908,3.0724526935993084,1.9072709801409353,3.167688873695428,3.9020226564068055,3.9983886554456114,3.8293841956260586,4.062808005534562,0.25902319862558126,0.25573877200406214,0.2604443108513577,0.25579979126027325,0.5089432174865692,0.5057062111582793,0.5103374480197957,0.50576653829635,0.9871444232612461,0.9836733314384584,0.9928915614252781,0.9837419794202832
healthy_101.jpg,Healthy,283.6139894298527,522.7009994168393,311.96256406149905,451.0947736733094,0.5930526990263103,0.5169472311213644,0.578309953203902,0.5315005394144381,4.432895579756567,6.541856864203986,4.653026905829597,6.182308109955962,5.397479309458424,5.671333534086977,5.437203546236056,5.639312806240881,0.0898178531018221,0.08635264575006814,0.0897889173718878,0.08680007332112709,0.2996962680812394,0.29385820687887576,0.2996479891003572,0.2946185216871592,0.9801403221048138,0.9633777563590686,0.9781552523199842,0.9683947367136364
healthy_103.jpg,Healthy,85.25992953235105,151.21969072372258,85.64662075592568,148.61710470751473,0.639767031895065,0.5670684400141424,0.624721007031257,0.5631302736511059,2.8370435618193466,4.204387781777233,3.0486467008327995,4.147599991956404,5.214367509125024,5.474949871680173,5.256208057668187,5.497451916935336,0.08649094811031402,0.08308531243947151,0.0863744090627451,0.08328149428758867,0.2940934343203092,0.288245229690747,0.2938952348418482,0.2885853327658713,0.9941144552126031,0.9895547136848251,0.9940877616822693,0.9897344836338912
healthy_104.jpg,Healthy,25.327594490711082,38.823945786161,18.724135169762977,39.35904602947978,0.8002421650004296,0.7658687974612697,0.8047968196014117,0.7746734030943119,1.6923846893017296,2.352430171529691,1.5812780269058297,2.259566852339681,2.6053706726374575,2.7167888110538563,2.5970754492210664,2.7071906935510057,0.4563373984444668,0.45260492589333884,0.45702016733149037,0.4532185347881381,0.6755274964384994,0.672759188635383,0.6760326673552768,0.6732150732033101,0.9976372834983132,0.9963891956551183,0.9982532955049619,0.9963394288876143
healthy_105.jpg,Healthy,186.96652786675207,233.1967463653,111.83994634849455,241.20285949848179,0.7221930940324126,0.6885191494718736,0.7668966528222427,0.7027052227594037,2.5911675208199876,3.107020048663758,1.839505925688661,3.131955197168655,3.8864317200283374,4.004425555715581,3.7465827353614305,3.97295610926769,0.245878643794327,0.2431913268978776,0.24799813947270222,0.24317123590168,0.49586151675072243,0.4931443266406677,0.49799411590168635,0.49312395591948277,0.9862117765231697,0.982833541838179,0.9917526387490484,0.9822441828171731
healthy_106.jpg,Healthy,24.205397181294042,39.96883106436888,16.05845611787316,31.23042892477227,0.7881148577306338,0.7592495384804977,0.7929376788313507,0.7547460475009661,1.6460201793721971,2.1866516519535883,1.4567184497117232,2.1929256570612723,2.8017593254594484,2.9064851762554667,2.7808441602165033,2.912504438833883,0.4411759446259312,0.43761279662687635,0.4418652402382521,0.43775953880129037,0.6642107682249145,0.6615230885062715,0.6647294489025231,0.6616339915703322,0.9977640776708153,0.9963188888990187,0.9985166341069615,0.9971236917482463
healthy_107.jpg,Healthy,137.2480781550288,183.96802670473966,79.041399743754,165.21647328520584,0.7785315944429847,0.716663956975873,0.7812959004197518,0.7508953434395929,2.0009609224855858,2.602867542078063,1.5966127482383088,2.473486295722818,3.507040461677536,3.671222137993006,3.4736735212627954,3.605566983899423,0.29039827465629003,0.28706159384103136,0.2918203030402461,0.28717407098914327,0.5388861425721486,0.5357812929181378,0.5402039457836698,0.5358862481806594,0.9895302912069187,0.9859958768656677,0.9939704770439125,0.9874232937258192
healthy_108.jpg,Healthy,95.30809577194105,218.38677632769605,172.36422966047405,219.30889420659975,0.7453119819055214,0.6790192306449436,0.7286978413241818,0.7018604343340413,1.9072709801409353,3.167688873695428,2.506406149903908,3.0724526935993084,3.8293841956260586,4.062808005534562,3.9020226564068055,3.9983886554456114,0.2604443108513577,0.25579979126027325,0.25902319862558126,0.25573877200406214,0.5103374480197957,0.50576653829635,0.5089432174865692,0.5057062111582793,0.9928915614252781,0.9837419794202832,0.9871444232612461,0.9836733314384584
healthy_109.jpg,Healthy,13.307335041639977,28.22168151380483,18.009328955797567,27.316857366928758,0.7931903617223395,0.7479662640025588,0.7815017456359927,0.7566103483174192,1.4160393978219092,2.2214804238975248,1.65835201793722,2.128335578837299,2.7490501658309467,2.90107561795215,2.7988541303563306,2.887409781258446,0.44398708402282727,0.43971272961196356,0.44304681557395686,0.43980589053968755,0.6663235580578157,0.6631083845133943,0.6656176196390514,0.6631786264195247,0.9987832411518135,0.9974272169037808,0.9983533133953343,0.9975097037063123
healthy_110.jpg,Healthy,10.802410313901348,31.5578837298156,22.09124759769379,27.47234008325122,0.8092759533640789,0.7798706339548541,0.8078781383447424,0.7709145012278295,1.1937459961563102,1.8481771199903474,1.4462684176809741,1.9035974984415531,2.6184505757278758,2.7428969662907843,2.6538045972987137,2.7591948784921696,0.4638778950486254,0.4596335408035625,0.46276400961515,0.45944938395316953,0.6810858206192707,0.6779627871819828,0.6802676014739715,0.6778269572340492,0.9989803557597189,0.9970303601582952,0.9979147974647262,0.9974148153800627
healthy_111.jpg,Healthy,114.05493273542601,177.26043153894105,93.28151024983987,165.1484646785578,0.6123119178196148,0.5524233217995036,0.6274819909146854,0.5615476752439873,2.8212684176809733,3.8360312895895756,2.649703715566945,3.697480343461562,5.355134251901466,5.5750004041034575,5.32185701474076,5.560122435417603,0.08235811668279062,0.07972238853494423,0.082951780169565,0.07997535263461004,0.286981038890709,0.2823515336153573,0.2880135069220973,0.2827991383201336,0.9920538480014763,0.9876434882878012,0.9935022982238695,0.9884877921127931
healthy_112.jpg,Healthy,191.45363549007047,251.01642904542615,131.5275864830237,280.77946469866674,0.7181556355976592,0.6886266574610213,0.7616104244682684,0.6950271993574535,2.5776745675848822,3.2138993343924063,2.0372357463164636,3.342114259285326,3.8913068577729177,4.010802618938421,3.7706872343651185,3.9985581962364987,0.2562109446897979,0.25285898086602204,0.25756654940151896,0.2527928216435704,0.5061728407271551,0.5028508535003416,0.5075101470921729,0.5027850650562031,0.9858300462053234,0.9814558526752657,0.9902653202775751,0.9792570718222202
healthy_113.jpg,Healthy,40.8685938500961,85.35212853666876,52.44811018577836,76.96052605119748,0.7942397830676504,0.7547646858570786,0.7764624180396504,0.7581244473948043,2.123278347213325,3.2069416235999118,2.454996796925048,3.144724406282048,2.7108482610224236,2.8552753020144963,2.7616877486667084,2.8421192662781496,0.4649046254247129,0.46107124043310765,0.4638352241598445,0.46050179396164403,0.6818391492314833,0.6790222679950251,0.6810544942659468,0.6786028248995462,0.9958570485991856,0.9913737481302263,0.9946832041160691,0.9922218591014672
healthy_114.jpg,Healthy,115.11571108263934,140.4450924008124,47.39497918001282,146.07862615375333,0.7643221252224964,0.7225925498382315,0.7798595401876841,0.7336279671811161,2.9218449711723258,3.7336765267751213,2.151825752722614,3.5641979529047436,3.149070822775247,3.2851301893480205,3.0813236768731542,3.2446269147396007,0.3361694475254864,0.3326614654896327,0.3383273507108786,0.33307805771133636,0.5798012138013221,0.5767681210760809,0.5816591361879212,0.5771291516734676,0.9907416297082207,0.9887312717977957,0.996188180891271,0.9882792605555755
healthy_115.jpg,Healthy,209.73826873798845,276.37085000703814,177.53887732222933,366.79000180980916,0.7537102101999396,0.7073876984040389,0.7450077496023684,0.6707833410837194,3.401945868033312,4.285427014418147,3.158672325432415,5.153331054314384,3.8441011773628855,3.9887762925620227,3.861131149664371,4.086668690264899,0.18948796005119425,0.18578087268669544,0.18996902465187845,0.1846001748063254,0.43530214799745043,0.4310230535443498,0.43585436174469844,0.42965122460703564,0.9855381084617348,0.9809645206979313,0.987758323728385,0.9747367586434005
healthy_116.jpg,Healthy,137.31678411274825,287.8839309055079,188.65018417680974,247.5451748476744,0.7636177963976577,0.6903624634009955,0.7100468527785838,0.6838968696993858,1.9955957719410637,3.3122322990609105,2.549407431133889,3.16760843773251,3.890607879678768,4.134691603514115,4.024578913373316,4.145103001249085,0.2435624161719274,0.2388895728540904,0.2422756736120744,0.2389418963032042,0.49352043136219537,0.4887633096439323,0.49221506845288104,0.48881683308086293,0.9899143562575169,0.9788919532731771,0.9861440204716787,0.9818496464833973
healthy_117.jpg,Healthy,146.21188340807174,209.647891572322,86.87792280589366,177.76138671600074,0.7744429494770084,0.7239698614534367,0.7771143695219764,0.7427754125933272,2.219730941704036,2.905789378431097,1.7287796284433057,2.7376782159303428,3.404938797541905,3.5547780935956186,3.3637855738788707,3.512988460294238,0.32296329448243405,0.31983867088364754,0.324886050602172,0.31992505777986635,0.5682985962347911,0.5655428108319012,0.5699877635547732,0.5656191808804457,0.9884199507942459,0.9834345329564853,0.9931192561079778,0.9859540662623951
healthy_118.jpg,Healthy,41.63785233824471,61.322568320296,27.735946508648304,61.65191337046793,0.7975545953468277,0.7672014194047725,0.8003927866510443,0.7635963763945286,2.184577194106342,2.8911098151983747,1.8914958360025624,2.8652094351384507,2.583638053439637,2.680075304963584,2.549277964641451,2.683074317823286,0.4470264650332737,0.4436019013841079,0.4480812885222472,0.44371610337888784,0.6686003776795775,0.6660344596070896,0.6693887424525805,0.6661201868873874,0.9961348414302239,0.9943244218828426,0.9974253275488878,0.9942939400616969
healthy_119.jpg,Healthy,11.965647021140295,24.371252186852743,15.971812940422808,25.247561784874023,0.8034469587343015,0.7658069368916647,0.7924317451560672,0.7702496941362421,1.2759449071108264,1.9060105773291243,1.477658552210122,1.9438556978825237,2.657428252093169,2.7825543075738004,2.6963958754882835,2.7847240357529595,0.47694768500021395,0.47319124908466836,0.4760958610833347,0.4727764555074332,0.6906139913151297,0.6878889802029601,0.6899970007785068,0.6875874166296481,0.9988381094691042,0.9976408714972367,0.9984491019847127,0.9975560450412922
healthy_120.jpg,Healthy,103.81356101857784,180.25775704317402,141.49429452274185,262.0711053912204,0.5737501145642899,0.5116848322056193,0.5849144166419773,0.5056518119617444,3.1630164958360023,4.2994630899475155,3.3742592889173615,4.884715156146314,5.83553608630613,6.0689216364250065,5.849214470783318,6.123169652223428,0.05755267549640735,0.055363227412841456,0.05741537460523283,0.05491705278690051,0.23990138702476763,0.23529391707573202,0.23961505504711683,0.23434387721231487,0.9926872719300232,0.9872869602590377,0.9900398108158994,0.9815169098270844
healthy_121.jpg,Healthy,102.319266495836,249.54605964326646,166.01113068545803,199.12924048342018,0.6377426783836142,0.5259417558313603,0.5806475078489441,0.5485127370810781,2.8737187700192184,4.888535864384966,3.739710121716848,4.298538076373948,5.181422741872707,5.53661261678608,5.327156886214935,5.45240208210603,0.0768921785189246,0.07297919258163194,0.07510241281822735,0.07371415559007614,0.2772943896275664,0.27014661312263744,0.274048194334915,0.2715035093513086,0.9928571449162756,0.9825623301446013,0.988417763410732,0.9860853344706381
healthy_122.jpg,Healthy,129.1534673286355,206.36626515715176,147.0554131966688,249.57891773411893,0.7447173497486781,0.703938275440447,0.7390200171284557,0.6858282526448598,2.203195067264574,3.1299644070864083,2.3831678411274826,3.3359206901405623,3.7125885815368194,3.8688343102853415,3.7390810077131618,3.911002377443325,0.23306889147534227,0.22902480273745893,0.23234164723663228,0.22852122919341944,0.4827720906135133,0.47856535889830026,0.48201830591444583,0.47803894108473993,0.9906823570690958,0.9851358594191408,0.9893908397539449,0.9820233403148836
healthy_123.jpg,Healthy,19.638252722613704,36.751271893663656,22.855421204356176,38.24967322890064,0.7418838743410154,0.7182038944545583,0.7404933427084897,0.6946456801010499,1.9042280589365788,2.5577429668804923,2.001921844971172,2.810030364576002,3.1969663794617427,3.3183693627886557,3.2169283899027943,3.3589272552637324,0.34119134514072624,0.3374302664013124,0.3404565808704862,0.336675746369247,0.5841158661949923,0.5808874817047724,0.583486572999316,0.5802376636941513,0.998435567213304,0.9970793844912208,0.9981792794506272,0.9969603068660782
healthy_124.jpg,Healthy,209.53086963484944,344.07774135816123,154.6091848174247,266.5772084699069,0.629203569805764,0.5604326120758778,0.6249761097535106,0.5762929471600978,3.6053010890454837,5.228779987532427,3.356101857783472,4.5544853103822724,4.862637131379363,5.104407619635497,4.853359933400004,5.05727626212586,0.12346425979414294,0.1192640291279214,0.12336984340168353,0.12051577124074747,0.3513748138301078,0.3453462452784472,0.3512404353170112,0.34715381495923026,0.9854284130388179,0.9760753316649491,0.9892478793912767,0.9814641561143959
healthy_125.jpg,Healthy,14.74867873158232,24.452251201512198,9.525544522741832,19.51424721993203,0.8064705138326191,0.7748671771567756,0.8087924659386256,0.7773083206440444,1.3146620755925689,1.8505097629149991,1.1758888532991674,1.683806229765328,2.607570402639906,2.717307723072778,2.5817154003520555,2.687464668685903,0.47562539141515636,0.4719164721510651,0.4763503280253464,0.47245282950857215,0.6896559949823944,0.6869617690607426,0.6901813732819413,0.6873520419032536,0.9985780427211293,0.9976498361335225,0.9990816182509751,0.9981244394096949
Lasiodiplodia_001.jpg,Stem and Rot,39.04600416399744,84.5030062941141,40.86793321588725,55.29363148263588,0.4846510344254945,0.4585827584989935,0.5617179013895435,0.4136560994729111,2.6089045483664317,3.139858030525448,2.1220571748878925,3.4944398640632226,7.220323364567222,7.314225262917862,6.980893611153888,7.479634821709493,0.011754862302339394,0.011140415438048371,0.011815571407872507,0.010982535861370782,0.1084198427518662,0.10554816643622177,0.10869945449666482,0.10479759473084667,0.9969164233275841,0.9933180288910692,0.996778022863151,0.9956277319749773
Lasiodiplodia_002.jpg,Stem and Rot,105.5137331838565,157.5199581732993,58.471412556053814,135.80828088238252,0.515480170758498,0.4502766549044533,0.5395653868993086,0.477138568179559,3.742472773862908,4.8532646946449765,3.159913516976297,4.820004423977961,6.395384563159729,6.596905660120046,6.270934263243123,6.595707894887472,0.043567001491515135,0.04225998317140845,0.04500741095019444,0.042297075563295546,0.20872709812459697,0.20557233075345635,0.21214950141396618,0.2056625283402291,0.9923320978893508,0.9885424393224123,0.9957561010371286,0.990121685932541
Lasiodiplodia_003.jpg,Stem and Rot,146.84981582319026,191.65730257998348,88.43565823190264,217.45862575157352,0.6011899490466344,0.5620024981936198,0.6334795110549333,0.5608054999109541,3.2045964125560538,3.9704800016087187,2.674727738629084,4.274688813368456,5.389424520556547,5.556048333789491,5.30792042414059,5.580404658016606,0.13371118103937119,0.1314437464676355,0.13485111265751695,0.13104148517218145,0.36566539491640604,0.36255171557673743,0.3672207955134308,0.3619965264642486,0.9897198149805786,0.9865858835650649,0.9938078351245383,0.984780046017838
Lasiodiplodia_004.jpg,Stem and Rot,211.09645259449073,263.92402823302297,107.13969410634209,279.7575660077621,0.6184464912345247,0.5742301331650991,0.6529582028759767,0.585000564813866,4.18541800128123,5.168171489472943,3.0239029468289558,5.021657383015946,4.8159086929830055,4.972831146872432,4.671497194654991,4.93122129512686,0.16468291763007287,0.1624018539146131,0.16672816682362288,0.16239043163262187,0.4058114311229698,0.40299113379156754,0.4083236055184942,0.402976961664835,0.9849913441294242,0.9812566226603312,0.9923847398575075,0.980132155232637
Lasiodiplodia_005.jpg,Stem and Rot,129.7689581998719,231.02982163325225,115.03465326713646,208.96832833960062,0.5819447248856399,0.4895579033252507,0.5665967180029652,0.5202667967311585,3.367692985265855,5.132779665788575,3.387952434336964,4.398881940115425,5.7206583344288084,6.053113953075557,5.7654534357313345,5.924606880760215,0.0626692025128877,0.0600439705652302,0.06286396668059506,0.060537948979938125,0.2503381762993565,0.24503871238077912,0.2507268766618271,0.24604460770343684,0.9907907046397928,0.9835883312885314,0.99183912492698,0.9851555139000925
Lasiodiplodia_006.jpg,Stem and Rot,262.42773062139656,410.6583683564922,217.40835201793726,398.03398419433324,0.5457317907479274,0.4931901939901888,0.5674337256403631,0.4919152076994454,5.487347853939783,7.121759938868668,4.657791479820629,7.136278630175551,5.405162725917656,5.594835168232457,5.291738316290742,5.604483453082599,0.09370906283837739,0.09135820719070953,0.09458316450801102,0.09094940922982601,0.3061193604435652,0.30225520209040163,0.30754376031389585,0.3015781975372656,0.9813320096005909,0.970774739825269,0.9845360967003163,0.9716731774077333
Lasiodiplodia_009.jpg,Stem and Rot,196.55297085201792,318.4678758873092,147.4479300128123,276.1497516539645,0.5234753420986132,0.4690955794788665,0.5453718933893736,0.47454100395795773,5.03403267136451,6.783225079933238,4.318365631005766,6.370105974381145,5.879114774354582,6.099302089723552,5.777997392798403,6.074707127502833,0.0780904999917794,0.0756620974563875,0.07881073357649482,0.07587274711050968,0.2794467748816926,0.2750674416509295,0.28073249469289235,0.275450080977497,0.9861359734015573,0.9775203643804888,0.9896014415708803,0.9805074663298341
Lasiodiplodia_010.jpg,Stem and Rot,143.26281229980782,243.23095175853123,165.17488789237666,269.7269601238713,0.532390554614562,0.46392304895027237,0.538839996178428,0.4735897651604162,4.343970211402946,6.035070079832693,4.338284753363229,6.0623780892437,5.589177315113675,5.835736935291258,5.556132430304844,5.817453544817007,0.07497552871769071,0.07264157148705909,0.07552398484800373,0.07240651012717442,0.27381659686310234,0.2695210037957322,0.2748162747145877,0.2690845780180916,0.989854472433374,0.9827598059265366,0.9883040615583376,0.9808817705733547
Lasiodiplodia_011.jpg,Stem and Rot,122.14726137091607,198.86838665567373,110.1247197309417,201.31508777574453,0.5754289540522565,0.48578275515977976,0.5519845750687691,0.5066725632397628,3.5490470852017935,5.129079611494299,3.684537155669443,5.007540871523658,5.630027392904331,5.920556028655588,5.669402912159759,5.88219346344466,0.0688540174576562,0.06639471426494788,0.06938904782287347,0.06651146400241502,0.2624004905819656,0.2576717180152837,0.2634180096782934,0.25789816595395754,0.9913610141196845,0.9859237181312038,0.9922137660931319,0.9857505359819745
Lasiodiplodia_012.jpg,Stem and Rot,117.17060377962846,244.17599388686682,173.90907270980142,241.51255806471073,0.5691244516493376,0.5111208456594609,0.5729490343171604,0.5165738799289312,3.755725496476618,5.530535502423134,4.086803331197951,5.400591204327455,5.2937868293809505,5.550151439771126,5.297404620505713,5.519649750694191,0.0904962616209576,0.0875200939936014,0.09008539273134626,0.08720415974738326,0.3008259656694508,0.29583795225359677,0.30014228747603405,0.2953035044617372,0.9918581361241666,0.9830239394842518,0.9879150007280684,0.9832091118551182
Lasiodiplodia_015.jpg,Stem and Rot,169.09991591928252,243.1264453337087,165.07775464445868,322.1952784089766,0.5459753465149839,0.4798666172156726,0.5525927709554318,0.4795064808011576,4.039297725816784,5.365380361559653,4.069827033952595,5.907719841541153,5.879099378638209,6.119268438452568,5.880661276714706,6.14512942733135,0.06079957955986243,0.05825265694796438,0.06060390264051311,0.05779122255441965,0.24657570756232744,0.24135587199810238,0.24617859907090445,0.24039805023007083,0.9878620425828679,0.9825225475385981,0.9881490984144294,0.9768385843261438
Lasiodiplodia_019.jpg,Stem and Rot,224.01501441383726,294.43103621629234,178.52852738629082,365.36574232339274,0.5607124470076992,0.5004815938797924,0.5651779306084591,0.5018657057975107,4.668842088404869,5.870679080616944,4.324531550288277,6.4217860805566165,5.424784648465823,5.630011119215768,5.403430223573095,5.654463992624983,0.08440837288518309,0.08262508691455049,0.08564073428332325,0.08222254559182707,0.29053119089898605,0.2874457982203784,0.2926443819438932,0.2867447394318282,0.9840752787083981,0.9790544023354274,0.9873097688547244,0.9740081618518577
Lasiodiplodia_020.jpg,Stem and Rot,239.1282030749519,391.66667336966356,211.8334000640615,360.61461119266426,0.517298802875464,0.47290896132080235,0.5308386531761559,0.4518663985361364,5.1981502242152455,6.961451064771059,5.028947789878282,7.164551871141587,5.569229042002503,5.765655123927155,5.532787771278935,5.819241647218085,0.06588516179087332,0.06385575452688413,0.06609331124599666,0.06378375132739648,0.25668105070470887,0.25269696184735607,0.2570861941956368,0.2525544522026814,0.9828778705346454,0.9719124337325328,0.9848190563783039,0.9741392682156261
Lasiodiplodia_021.jpg,Stem and Rot,148.6692624919923,207.09511552615172,86.75172165278667,198.06074926099456,0.5484308589305569,0.483396111679157,0.5560559653134468,0.4808768542362163,3.853199071108264,5.028393894910414,3.397141255605381,4.942890466327494,5.674646310217727,5.901695696806807,5.654733114995292,5.9212681806488625,0.053284677473590544,0.051044588230173396,0.05355463814929213,0.05123753267999614,0.23083474061239254,0.22593049424584852,0.23141875064327033,0.2263570910751332,0.9893248541998352,0.9851106974543197,0.9937735490140776,0.9857602319075522
Lasiodiplodia_023.jpg,Stem and Rot,207.81141896220373,304.618572663838,176.57076793721973,328.97136479720075,0.5848463327153749,0.5344428220164955,0.5871627612553204,0.5222433298426815,4.437780269058297,5.9279897041967455,4.158412075592569,6.115888113575578,5.300414785993258,5.505280721662698,5.251980912223944,5.525779844225612,0.09068228962327862,0.0884561028328488,0.09135447820586812,0.08769640300394956,0.30113500232168067,0.29741570710513726,0.30224903342420817,0.29613578474063135,0.9854451401149276,0.9786448688471575,0.9876287775621844,0.9769376286569156
Lasiodiplodia_024.jpg,Stem and Rot,228.02950832799488,406.74165979609484,255.54980781550287,392.00925013573567,0.5914545476829023,0.5308142359943829,0.597848026958638,0.5361983923800402,4.56177930813581,6.436767278650285,4.59240871236387,6.4427195399062915,5.141583238168083,5.3701944509769195,5.1177253887567415,5.360328715592139,0.10316525942098519,0.09968309158238146,0.10317623548491238,0.09990327934945258,0.321193492183427,0.31572629219369974,0.3212105781024535,0.3160748002442659,0.9841001586149035,0.9716313918829562,0.9821812473304377,0.9726589186833434
Lasiodiplodia_025.jpg,Stem and Rot,146.26613549007047,224.1529489834905,121.7562459961563,236.87916507470487,0.6295503836688425,0.5519917067690041,0.6213739608210451,0.5584026258880213,3.460081678411275,4.856321261235898,3.3565022421524664,4.79040398962376,5.0505395282020595,5.3001370046569605,5.04594391347897,5.273170167425547,0.08947159179923551,0.08590946306891613,0.08944067767260284,0.08634501303566566,0.2991180231935808,0.2931031611377061,0.2990663432628333,0.2938452195215462,0.9897770440527791,0.9843244128113896,0.9914901098949033,0.9834344360753099
Lasiodiplodia_026.jpg,Stem and Rot,184.81614349775785,267.2876591123892,123.92865150544523,275.43899937662127,0.6298712759854059,0.5589055132170568,0.6181080519919337,0.551291813514676,3.457158872517617,4.5424601339258786,3.2140855221012172,4.8890989161254,5.019363195691129,5.246672633401701,5.035891697593065,5.277492937024006,0.10221675176042158,0.09905855394101663,0.1022633137164657,0.09871852380318387,0.3197135464136945,0.3147356890170173,0.31978635636384756,0.314195041022585,0.9869831080263229,0.9811693786806563,0.9912715099527579,0.9805951104848458
Lasiodiplodia_027.jpg,Stem and Rot,249.148102178091,438.43612379094685,221.7900384368994,347.8983289428703,0.504002403808742,0.4320387786862116,0.513944493369115,0.44470662623373614,6.552730621396542,9.148625550483619,6.147821909032672,8.548653703070643,5.42904011118374,5.679209447061548,5.387036973764461,5.641649225813566,0.07260338017866787,0.07032264181117819,0.07366854431214888,0.07027963710347022,0.269450144142971,0.2651841658379666,0.27141949876924626,0.265103068830729,0.9804841244655361,0.9656198227395639,0.9826343091827096,0.9727193870015867
Lasiodiplodia_032.jpg,Stem and Rot,74.30319106342088,162.77918317279654,80.37381886611148,99.88292545597136,0.5734271658848262,0.5227060798097417,0.554264855324508,0.4799174511132992,2.928631486226778,4.288322709083231,3.1789918321588724,4.16352631261437,5.614122672057922,5.857796861217291,5.683203847316538,5.911258226280195,0.058507475031571624,0.05613633882936634,0.058078058146903665,0.05603778358572351,0.24188318468130773,0.23693108455702122,0.24099389649305158,0.2367230102582415,0.9947504024321432,0.988484948806313,0.9943201839623189,0.9929342500829496
Lasiodiplodia_034.jpg,Stem and Rot,116.89193625880844,171.33658428683466,93.7529428251121,192.11713487100084,0.5708419195086752,0.5012668947441381,0.5685035562471721,0.5068253240790989,4.152506406149904,5.7382814856522355,4.073250320307496,5.731846608618714,5.08047114255146,5.329466306343881,5.092440791513194,5.314834635572673,0.07778378778701224,0.07513573373633332,0.07834416679826858,0.0749522748311635,0.27889745030568536,0.2741089814951953,0.2799002800968027,0.27377413104813886,0.9917313313197265,0.9878728790130822,0.9933706306919369,0.9864020416425469
Lasiodiplodia_037.jpg,Stem and Rot,121.8126601537476,241.5901385509461,132.7583279948751,214.76377968589756,0.5309874179537855,0.46317120186813737,0.5331074217392002,0.45943995288458456,3.967648942985266,5.651752498542098,3.9755365150544524,5.575338333769028,6.149386184902706,6.415870494397112,6.1526352906380595,6.4313460775742834,0.04332512230639557,0.04133059510686431,0.04343781156591942,0.041196810815244025,0.2081468767634902,0.20329927473275528,0.2084173974646057,0.20296997515702667,0.9911866163530666,0.9824882621812889,0.9903942144349291,0.9844327793122161
Lasiodiplodia_039.jpg,Stem and Rot,47.20193385650224,114.93931106597759,72.64033472133248,92.66928753845843,0.5519379615573323,0.4840487480441436,0.5459838758069193,0.4747884403286994,3.026565502882767,4.548352068209696,3.311859385009609,4.333950009049046,5.593252154022134,5.862111868867808,5.626989329586202,5.862976177046825,0.057151260148884504,0.05406141885047443,0.055685427300727605,0.05430774620276239,0.23906329736888618,0.23251111554176163,0.23597759915027444,0.2330402244308102,0.996663475713437,0.9918623898913018,0.9948607941141321,0.993439089515632
Lasiodiplodia_041.jpg,Stem and Rot,158.625,285.24297693498755,151.60518097373475,223.0078626153753,0.5505658419700006,0.485769225867924,0.5536211929162814,0.48210972148419196,4.637572069186419,6.517967383217035,4.6354900704676485,6.341490880572703,5.336762055197962,5.587537681977551,5.341790175663958,5.585199401265383,0.06865660320422658,0.06612325845839923,0.06914885747877215,0.06586184016361213,0.2620240508125668,0.2571444311246099,0.2629617034451446,0.25663561748832164,0.988332856512612,0.9789867253525135,0.9888461625104709,0.9835714606682363
Lasiodiplodia_047.jpg,Stem and Rot,163.4056894618834,260.1737215709143,114.19618834080717,232.7242655191136,0.5011054850729307,0.4368531243628695,0.4983937394235966,0.4386027491083615,5.02228139013453,6.936214281405215,4.654468289557975,6.637475115123972,5.906567483599651,6.167206958850363,5.8900905956129375,6.148885432827225,0.059769805342404815,0.05794145445494898,0.06069700831760693,0.058075782221876295,0.24447863984897497,0.24071031231534093,0.24636762838816087,0.24098917449104698,0.9882002008519194,0.9812072935467808,0.9917642219959297,0.9831900055853657
Lasiodiplodia_049-n03Wtp.jpg,Stem and Rot,202.1650384368994,278.28212913993843,173.18289557975658,357.05608397514527,0.5420014148668951,0.49100402654920094,0.5465512380924817,0.4812647700732108,4.517136450992954,5.81596251684128,4.246756886611147,6.382513221661405,5.880199410768565,6.083585461381262,5.8536128336914235,6.141407266913393,0.0844398202351131,0.08163718467528822,0.0846137303823201,0.08143501085016303,0.29058530629595347,0.2857222159288427,0.290884393500786,0.2853682022408296,0.9857152838943866,0.9803227978926556,0.9877631240454217,0.974752727565546
Lasiodiplodia_051.jpg,Stem and Rot,291.64858263933377,441.3407066299342,305.33131806534266,564.3360212350942,0.5368080774911484,0.4923177897306111,0.5444520061693008,0.4732486251168363,5.7263773222293395,7.441895071286372,5.735225816784112,8.575117134871,5.464250478282324,5.657920782201725,5.452042730115167,5.743207764817287,0.08980121437079278,0.08697014186817542,0.08979366107542677,0.0863472295980877,0.29966850747249496,0.2949070054579501,0.2996559044561391,0.2938489911469626,0.9789997431195753,0.9681983857505259,0.9780145130314579,0.9593357327234947
Lasiodiplodia_054.jpg,Stem and Rot,206.60950512491993,372.7502262261457,182.43842088404867,284.7353053550242,0.5532797731739733,0.4856088266788662,0.5516044326268097,0.49622819192756484,4.802370275464447,6.964467413380523,4.582399103139013,6.1652556858171295,5.495495892486268,5.763333111387785,5.476804666561506,5.7039993878037905,0.08705146338306684,0.08387683509294915,0.08709202843057329,0.08405855823342018,0.29504484978231166,0.28961497732843366,0.29511358564216134,0.28992853987391476,0.9851496080303489,0.9731888994686932,0.9868869437598514,0.979519618340743
Lasiodiplodia_056.jpg,Stem and Rot,166.96112267777067,292.0724325846086,166.03795643818066,279.0054093185063,0.5602188136766644,0.49931498900735805,0.557003114555559,0.49710654163497,4.088685137732223,5.61137364515675,3.9958760409993594,5.707816364696656,5.678480077435921,5.927589987586935,5.689721374160066,5.934888918062629,0.08211057182480062,0.0790051050532087,0.0821294274101472,0.07920602532665859,0.2865494230055273,0.28107846778650386,0.2865823222219877,0.2814356504188099,0.988274268937138,0.9794720794656739,0.9883391031864419,0.9803904777302859
Lasiodiplodia_057.jpg,Stem and Rot,173.04628443305572,306.84131995415146,201.7023542600897,346.79856823986,0.5490861636265292,0.48559894795859754,0.5611631886733807,0.49234150090086737,4.447549647661756,6.261617969394116,4.357863549007047,6.22682941543164,5.7312046291906835,5.980545512587316,5.690291701393404,5.968396130336482,0.07469527408708257,0.07160315131746697,0.07465208941230601,0.07172565081340877,0.27330436163201377,0.26758765165356,0.2732253454793424,0.26781644985588315,0.9877702774035972,0.9782928941990087,0.9857450632486908,0.9754661685931353
Lasiodiplodia_058.jpg,Stem and Rot,170.5622998078155,295.4471234088761,150.10229820627802,257.7106718413803,0.5353660819148619,0.475373672208939,0.5394183934950735,0.4765104572668077,4.350816784112748,5.902913792756742,4.018297565663037,5.807194996883107,5.895804339236239,6.1379885209930904,5.863111360076861,6.138741795063615,0.057308472852388,0.054966815957810354,0.057934983575584256,0.055343097596979,0.239391881341845,0.23445002870080942,0.24069687072245924,0.23525113729157401,0.9878395661964788,0.9789112165660481,0.9893028040819087,0.9816048148163563
Lasiodiplodia_059.jpg,Stem and Rot,212.787435938501,304.95509662370046,203.00508488148623,390.61617969394115,0.5697630937354468,0.5096990915688566,0.575254723101679,0.5096234427878183,4.083239910313901,5.436184117919121,3.9658071748878925,5.694182468981881,5.741670595682981,5.968734680983449,5.729147654943368,5.979911667111281,0.07510135538893763,0.07231265853291466,0.07523668369456588,0.0722120041967729,0.27404626505197555,0.26891013095998195,0.2742930616960004,0.26872291341970245,0.984933279147279,0.9783859013197506,0.985625932602166,0.9723145579546589
Lasiodiplodia_062.jpg,Stem and Rot,145.7792280589366,250.57033119507733,149.87319827033951,235.70475979810573,0.5042726678181074,0.43688815449698243,0.5120715281193405,0.4416798599129021,4.493473734785394,6.256188541897082,4.474135169762972,6.019264413119105,5.906039631509728,6.165977875875388,5.886678291616752,6.135552649374521,0.041278598466699734,0.0397016036938506,0.04186062161475145,0.03972967112023262,0.20317135247544063,0.1992526127654305,0.20459868429379366,0.19932303208669241,0.9893888154521602,0.98172247804987,0.9890895790862587,0.9828068275265758
Lasiodiplodia_064.jpg,Stem and Rot,100.53541399743756,169.098815580446,86.55012812299807,148.15212451487056,0.6076670372953038,0.5439865826152952,0.5904276334713586,0.5336083578883714,2.853639493914158,4.031148826640391,2.8670323510570146,3.9675641979529046,5.507663180473379,5.764843413661959,5.5564210001247805,5.783933622343895,0.09622093832436608,0.09307924002892679,0.09585817254840112,0.09295866938507895,0.310195000482545,0.3050889051226327,0.3096097100357176,0.3048912418963178,0.9930564344205473,0.9883169564107929,0.994022318589883,0.9897641640918686
Lasiodiplodia_066.jpg,Stem and Rot,182.12888372837924,302.5536809507531,127.63577033952592,212.2295642381709,0.5083646015676151,0.442810232520163,0.5093118327216805,0.4401379521479831,4.60137732222934,6.294435842265076,4.105020819987188,5.799231836554124,6.0055387855427504,6.244369537635375,5.94422718242283,6.2363004350849955,0.046299376733823346,0.044683715630733305,0.04734373313563597,0.04472521728954548,0.21517289962684275,0.21138523039875162,0.2175861510658157,0.21148337355344388,0.9868155768381361,0.9780784654453072,0.9907714029444389,0.9846229015910347
Lasiodiplodia_067.jpg,Stem and Rot,129.3319386611147,257.08538277463856,175.5267857142857,258.44342335458185,0.5854961014626896,0.5251509565114818,0.5696839349562945,0.517390211758411,3.865330717488789,5.755052383920852,4.325312299807815,5.7094854109272255,5.40697951082236,5.652862659219594,5.468395908268263,5.688494254843421,0.11583098033240674,0.11213867803928428,0.11501622375064945,0.11247585351645513,0.3403395074516133,0.3348711364678722,0.3391404189279854,0.33537419924087053,0.990861584079607,0.981834075929387,0.9876034510310022,0.9817381153508671
Lasiodiplodia_068.jpg,Stem and Rot,57.76051008968609,103.94427798668787,62.262411915438825,112.62496732289006,0.5854561594752641,0.5166108508054505,0.5675534388942073,0.5130906758328901,2.7668361627162072,3.9485813107040157,2.9511931454196034,4.044541414466408,5.9171066737853275,6.173383958059264,5.97372860431471,6.206757871908712,0.08114831357577972,0.07778036970029875,0.07999638533517486,0.07817512424307511,0.2848654306436281,0.2788913223825703,0.2828363225174144,0.2795981477819106,0.9959635953733066,0.992730577406151,0.9956462965746254,0.9921234867570741
Lasiodiplodia_069.jpg,Stem and Rot,114.3508368033312,146.51390536708965,80.79298126201152,180.91817651672062,0.6258273586925364,0.5687015704652815,0.6289235605214485,0.5416030097272173,2.8027506406149905,3.486054414928915,2.567684977578475,3.873072050513785,5.660535583382465,5.843648219614799,5.649065859262109,5.931095583152812,0.043827812408111656,0.0420200499435934,0.0437402299304706,0.041624679543010114,0.20935093123296983,0.20498792633614646,0.20914165039625798,0.2040212722806377,0.9918158753628817,0.9894948518386624,0.9942139289882121,0.9870280418460943
Lasiodiplodia_070.jpg,Stem and Rot,260.09869474695705,377.367511914577,194.52204115951315,401.10054495364875,0.5525608129010027,0.4828357174926329,0.5520384071368984,0.4942340182577023,4.780389173606663,6.205936174063424,4.107803491351698,6.415310985541636,5.694217664655917,5.93742125943068,5.644976389834837,5.929450030897905,0.06097707899519476,0.05860598362972876,0.061476043146519964,0.058536020282314055,0.24693537412690544,0.24208672749601282,0.24794362896940902,0.24194218375949667,0.9814940086704936,0.9731193829931687,0.9861646750362931,0.9714288331938579
Lasiodiplodia_073.jpg,Stem and Rot,201.9110546124279,365.6654266122383,191.64099535554135,321.3012930081039,0.5143399712270269,0.4464691687142196,0.5184700455586404,0.45839664520208706,5.373018097373478,7.62287598785417,5.285173766816144,7.244344346357256,5.677651864580577,5.940403463326692,5.6621713658626165,5.908326365499912,0.07129028063770178,0.06862786279312894,0.07125731437285497,0.06862510376632872,0.2670023981871732,0.26196920199353385,0.2669406570248432,0.26196393600327644,0.9854953071008271,0.973705846230056,0.9862319791602833,0.9768959683087685
Lasiodiplodia_075.jpg,Stem and Rot,161.99731742472773,299.98640632226665,153.41800128122995,228.31514810271676,0.5596543886922327,0.4959530146943955,0.5729952776388368,0.5077402822991622,4.479940743113389,6.382392567717026,4.316864189622036,5.853526111524463,5.185046313881257,5.440386954314173,5.152406465647269,5.368001141709696,0.08548446078222283,0.08241604200875847,0.08566206401675393,0.0823727172410017,0.29237725763510203,0.28708194302107976,0.29268082276902585,0.28700647595655693,0.9883229088782816,0.9783609836044539,0.9889413231703341,0.9835308696360103
Lasiodiplodia_079.jpg,Stem and Rot,82.74453475336321,252.33873594884273,170.69338565022423,196.65569386072514,0.5098296575080763,0.4221951567033442,0.4820772720246371,0.42154145371500507,3.9293922165278667,6.478412998451607,5.071548686739271,6.123690401978726,6.0769034475191415,6.431164476367012,6.223287104469369,6.419815381194907,0.03575532126472419,0.033091358015923,0.03399552147095164,0.033162489996996294,0.18909077519732206,0.18191030211596868,0.18437874462896106,0.18210571104991818,0.9939477652691993,0.9814918774038316,0.9875017464613723,0.9855760247132778
Lasiodiplodia_080.jpg,Stem and Rot,253.38392857142856,325.59852400008043,169.46582719410634,405.0387299161455,0.5654138332293047,0.5090319951947566,0.5751368329881261,0.4945552071918975,4.828915759128764,6.2286191156065875,4.270639814221653,6.677290916768888,5.179586695815785,5.3708318501765255,5.135640305187646,5.437251499090604,0.07729930462584245,0.07468197957084327,0.07789441749409348,0.0743969269745182,0.27802752494284166,0.2732800387347076,0.27909571385833476,0.2727580007525319,0.9819617807857377,0.9768021048958552,0.9879380832973151,0.9711422341407531
Lasiodiplodia_081.jpg,Stem and Rot,208.35742312620116,429.1366003740272,209.47541639974375,320.9713446882101,0.5458174683571205,0.4664792889752573,0.537988783470349,0.4824554892963171,5.151745675848815,8.132920428723683,5.281390134529148,6.802590038005992,5.663977912568022,5.999576945334953,5.679980966782075,5.884275207639078,0.05422084665564656,0.051248808781687194,0.05439690652834536,0.05160549659942751,0.2328537022588358,0.22638199747702376,0.23323144412438337,0.22716843222469865,0.9850019432033907,0.9690525658897854,0.9849215605040144,0.9768529658566808
Lasiodiplodia_082.jpg,Stem and Rot,128.13162636130684,207.64461380683304,105.53387251761693,194.99722495927927,0.5819215992963185,0.5219407824436988,0.59185449304483,0.5184353569793817,3.839545964125561,4.886907036135856,3.517656950672646,5.111403808642844,5.5066924246991285,5.700292763003027,5.460681518707739,5.725419758389493,0.05623945492317084,0.05408625716817798,0.05672681700922316,0.05442094009937249,0.23714859249671047,0.23256452259142618,0.2381739217656357,0.2332829614424776,0.990883772821917,0.985212439864416,0.992494524367478,0.9861131327343755
Lasiodiplodia_083.jpg,Stem and Rot,221.80132927610506,359.1158277866034,181.9468890134529,311.5022019344849,0.5580474428500267,0.4860893756355896,0.5623471031530478,0.5022062482938457,4.555733504163998,6.23087132256832,4.1743073350416395,5.897182730398761,5.403255766953587,5.650744889512534,5.3624958181966305,5.603146196954796,0.05979858176661894,0.057606976337923416,0.06090147650809479,0.058104513626274744,0.24453748540176604,0.24001453359728742,0.2467822451232965,0.24104877852060305,0.9841867490659445,0.974369446625666,0.9870344793830865,0.9777676916606175
Lasiodiplodia_085.jpg,Stem and Rot,211.4802610506086,351.33286412354965,186.35838404868673,321.8088841521044,0.5172018830181327,0.442146872971796,0.5236560107282733,0.4615918460612672,4.776024983984627,6.616742745681595,4.6939461883408065,6.482374469625369,5.733085245397017,5.997539932129455,5.71993983919126,5.954930949649853,0.05668392189012664,0.05416709912009121,0.056546450672081444,0.054441728434235954,0.2380838547447656,0.23273826311995027,0.2377949761287682,0.23332751323887194,0.9844891253945103,0.9741967025470732,0.9863285572469525,0.9763650622850609
Lasiodiplodia_086.jpg,Stem and Rot,216.6687219730942,295.1141788493635,112.85892456758488,288.0039212531923,0.49031700901045683,0.42690073218570623,0.532806989660171,0.4407129080566831,4.970091287636132,6.529530052886646,3.913737187700192,6.156226748979469,5.888136713000954,6.120861276856527,5.742229184261099,6.067829658745563,0.03911778669951084,0.037682438458505066,0.04058325925624025,0.03803674088871868,0.19778216982203134,0.194119649851593,0.2014528710548456,0.19503010251937694,0.9841340014054369,0.9783739088357545,0.9917495898165515,0.978894951503293
Lasiodiplodia_087.jpg,Stem and Rot,89.81694426649582,209.26055219288543,175.5002802690583,253.95576022039455,0.6170175419187764,0.5674143336583453,0.5893751827037633,0.5261243843569874,2.6669202434336965,4.193448490820245,3.450632607303011,4.450924008124032,5.679339751128811,5.948806290023428,5.803348824955627,6.008064369808821,0.07090206882880465,0.06789536018312618,0.06924901128177222,0.06738786949228698,0.2662744239103798,0.26056738127234225,0.263152068739298,0.25959173617872927,0.9937150396910713,0.9853410004479763,0.9877040246084512,0.9822100375044738
Lasiodiplodia_088.jpg,Stem and Rot,52.99151185137732,165.8120613726397,169.78179051889816,236.3967101691166,0.5813193941673114,0.481240409968151,0.5326751945484265,0.47600571725566193,2.6003763613068545,4.696615656860182,4.127562459961563,5.060186209254158,5.7852519035052,6.185059176690697,6.019517195915364,6.196874245782228,0.03956329125768553,0.036644421649492366,0.037422815316541166,0.03655639179183566,0.19890523185096348,0.19142732733205142,0.19344977466138638,0.1911972588502138,0.9961308953102723,0.9878630166117626,0.9875683871618641,0.9826964159265317
Lasiodiplodia_089.jpg,Stem and Rot,118.82569266495835,202.0698787427859,143.82134849455477,255.2194695248245,0.5441574644520499,0.49509177684648875,0.5592045328387483,0.4859624283616141,4.017757046764894,5.351706247863419,3.9672085201793723,5.705986446540249,5.824591163700424,6.031720601784761,5.803718327179512,6.085958234345634,0.06947494827257097,0.06654936008267462,0.06866899939348566,0.06661293132747392,0.2635810089376148,0.25797162650701455,0.26204770442323216,0.25809481073333096,0.9915952102465377,0.985690024147314,0.9898250467009159,0.9819261313523904
Lasiodiplodia_090.jpg,Stem and Rot,92.04616431774502,219.0387500251362,188.59853459320948,269.80413843029214,0.6150062384890269,0.5632733126820877,0.5792764069998848,0.5158953029698815,2.6332879564381804,4.21190854431016,3.5428811659192823,4.544189507128637,5.757706094187747,6.0358808348813575,5.90736332805197,6.110532813624598,0.06583701699723982,0.06283056822363987,0.06407604375152098,0.06232828684875472,0.2565872502624396,0.25066026454873114,0.2531324628559541,0.24965633748966742,0.9935360172615372,0.9845985833222369,0.98673915191584,0.9810290829505149
Lasiodiplodia_091.jpg,Stem and Rot,115.82242953235107,218.77922339077801,184.98230301089046,306.9332582597679,0.5822385598070441,0.5190866689220934,0.5788275991370728,0.5054541890640415,3.467488789237668,5.01558446781556,3.9981582319026265,5.5431639486014195,5.559502695386762,5.834703808648806,5.6219273286838325,5.860167540067343,0.06424790216128302,0.06135983609214992,0.06338559412455562,0.061092278022568544,0.2534716989355676,0.24770917643912574,0.2517649580949573,0.24716852150419266,0.9917810911889813,0.9844536600349449,0.9868722475288525,0.9781894793045989
Lasiodiplodia_092.jpg,Stem and Rot,122.04970771941063,202.93565122966478,147.76749679692506,257.1815841862897,0.5449840116451021,0.4937501342690218,0.5572394244812491,0.48610262013284267,3.914738148622678,5.272999658147158,3.9382206918641893,5.584930322347121,5.888816863605884,6.107233448194776,5.878465913267121,6.153156544018978,0.06311684637655739,0.06026805101462472,0.06202770603084534,0.06030798795788606,0.2512306636868943,0.2454955213738628,0.24905362079448945,0.24557684735716856,0.9913361887165905,0.9855739814818977,0.9895067740811611,0.9817178190549298
Lasiodiplodia_093.jpg,Stem and Rot,79.57937620115311,166.96895171831324,113.94010249839846,177.4051559452231,0.5417181058699099,0.4756419872747919,0.526428145800529,0.4678474428106376,3.564922325432415,5.244967725069879,4.126521460602178,5.550785256087997,5.978372419154747,6.254269160254212,6.054259167832386,6.29565368468192,0.06326440936149438,0.06028835754083621,0.062374937194671645,0.0603398467715287,0.2515241725192519,0.24553687613235656,0.2497497491383558,0.24564170405598618,0.9943575405884904,0.9881454313818647,0.991917833530543,0.9874044750672469
Lasiodiplodia_094.jpg,Stem and Rot,246.21464606021786,405.04976975205614,255.13561018577832,433.46727261758735,0.5044794629751777,0.4406729680230741,0.5214845765994427,0.4579533587598966,5.922205317104421,8.139596613645962,5.617672966047405,7.9571678497456215,5.596809265243046,5.847375040655123,5.5273990174906995,5.792565147775515,0.06379562059750328,0.061057122570205576,0.06409373790799451,0.06110164124484021,0.25257794954727003,0.24709739490776825,0.25316741083321626,0.24718746174682932,0.9823621828624554,0.9709418480044425,0.981723211250669,0.9689031846616478
Lasiodiplodia_095.jpg,Stem and Rot,115.0913276745676,152.9288543907981,78.6772301409353,167.20306058838906,0.5824786944304274,0.5249722059913547,0.5795932974088773,0.5043012382252328,2.984344971172325,3.8045205011160492,2.950092088404869,4.3457338776166825,5.443289142459188,5.655507965030219,5.479420702362918,5.735936710048298,0.05966089192902573,0.05816970559207878,0.06064081487799075,0.057448411553725216,0.24425579200712055,0.2411839662831648,0.24625355810219424,0.23968398268078994,0.9918485509347452,0.9891529507805242,0.9944276482812927,0.9881404994821019
Lasiodiplodia_096.jpg,Stem and Rot,126.78527386290838,230.23901546381387,134.49191223574633,223.77148142934703,0.58412841123909,0.5173923256768425,0.5951783299099642,0.52100677552741,3.5412796284433057,4.999537493213215,3.5008007687379887,4.892798970419674,5.58272118441854,5.8233804787823775,5.5481833486227,5.80249285847122,0.08014775702932343,0.0769523587859672,0.08019372063709031,0.07728217449950364,0.2831037919727029,0.27740288171893096,0.28318495835247026,0.27799671670633747,0.9910581576621581,0.9837484124567354,0.9905146280929499,0.9842049280274714
Lasiodiplodia_097.jpg,Stem and Rot,159.81880605381167,303.7242454101229,191.49499519538756,294.02282370447824,0.5743898254426991,0.5013081768015268,0.5753176054050129,0.5136047569224533,3.4988989429852655,5.207846528182751,3.7829916720051244,5.034225502222045,5.666569743662331,5.952552009335303,5.677202653281,5.9072268330971305,0.0620684562336794,0.05905573593258823,0.061187950474095094,0.05925240343088669,0.24913541746142678,0.24301385954835628,0.24736198267740153,0.24341816577833028,0.9886903117250138,0.9784757800320084,0.9864430291776879,0.9791632968764822
Lasiodiplodia_098.jpg,Stem and Rot,26.1906830557335,100.26226145709747,90.55010810377965,103.30105170021517,0.5955547518068812,0.4928735266680764,0.5190778615830076,0.4581939075051868,2.0230821588725174,3.5837036739126065,3.3243713965406796,4.024573186671761,5.86482979479567,6.26117501697146,6.17455453581478,6.36054916369163,0.020088911395939466,0.018095914520579758,0.018366922163598656,0.017670034289705094,0.14173535690130204,0.13452105604915446,0.13552461829349918,0.13292868121554915,0.9980093360040638,0.9923538394160194,0.9930982328975095,0.9921220964068129
Lasiodiplodia_099.jpg,Stem and Rot,197.13953395259443,302.1755715980615,162.54882687379882,298.7224557099479,0.558002782930606,0.49079042847910415,0.5548267594165579,0.4876455646018536,4.413917360666239,5.920830903496953,4.255225016015375,6.141185223913612,5.5420288297735025,5.7923691689752035,5.553382902208421,5.805538007996223,0.07429564136054918,0.07193528771908876,0.07481185261040861,0.07157427878741214,0.272572268142871,0.26820754597715696,0.2735175544830873,0.2675336965457102,0.9859058342346444,0.9783704230166208,0.988376783851367,0.9786175953328327
Lasiodiplodia_100.jpg,Stem and Rot,144.15679051889813,269.45390013875203,136.29398222293403,225.2383719761105,0.5338166115310715,0.48649943137289986,0.5502896975624627,0.46882371304035353,4.174927930813581,5.7484566349614905,3.8977218129404227,5.579259586961331,5.989850142483748,6.202618817440631,5.934886517152638,6.241008472660059,0.06430836639689157,0.061587668502583015,0.06460835449757579,0.061854406304560065,0.25359094304980917,0.24816862916690943,0.25418173517697096,0.24870546094639753,0.9898273684399739,0.980959966160221,0.9903822628592294,0.9840843045053957
Lasiodiplodia_101.jpg,Stem and Rot,78.33163837283792,88.92841199300207,72.15448830877642,171.2199119226206,0.552593490639047,0.4926226856180811,0.5715068799115377,0.513448177419148,3.229500320307495,3.9847774940175746,2.9181013773222295,4.357799272054535,5.963583176198293,6.17232060202735,5.895067740252503,6.137316941833102,0.06085000412856302,0.05908738083370303,0.061689996940624825,0.059510905600542605,0.24667793603920685,0.24307896008026494,0.2483747107509636,0.2439485716304619,0.9944875013571556,0.9937380123782013,0.9949236549098851,0.9879433698967968
Lasiodiplodia_102.jpg,Stem and Rot,59.23622677770659,129.0557622312936,60.96360506085842,72.98698948299784,0.49724862388738267,0.433060795290114,0.4960607990126521,0.41888825745649133,3.103659513132607,4.307949084035473,3.178251121076234,4.094391602485471,6.696505276611955,6.932046710872267,6.693671441086947,6.960162519711689,0.008883358862111728,0.008343021060370541,0.008749037088096566,0.008085769813975125,0.09425157219968125,0.09134013937131112,0.09353628754711492,0.08992090865852682,0.9952367223548176,0.989609659577096,0.9951004303277582,0.9941237829752064
Lasiodiplodia_103.jpg,Stem and Rot,174.58552210121715,225.67288704779907,130.0855421204356,307.87256932574553,0.5725031676326505,0.5261295074717689,0.5790682369430673,0.5042765801268488,3.549527546444587,4.495948038367954,3.2143457719410633,5.048020269862655,5.976871135564796,6.167973724089062,5.949490384643829,6.249755154509247,0.08229000276684578,0.07972804953387284,0.08252526505361871,0.07917356885192686,0.2868623411443994,0.2823615581729794,0.28727210977332746,0.2813779821733159,0.9877965099281013,0.9842136168938667,0.990906837933681,0.9784635434463317
Lasiodiplodia_104.jpg,Stem and Rot,183.82929612427932,317.124635524543,173.80305092889176,297.4494761607915,0.5114512828714328,0.44274607662623133,0.5161661014209971,0.4467267616634367,4.292500800768739,6.079410404391804,4.208239910313901,5.784612600293592,6.135022008737224,6.402836865205922,6.111270151141752,6.375884975115882,0.042273689123685586,0.03982095657290158,0.041605751899786644,0.04014315493815286,0.20560566413327622,0.19955188942453433,0.20397488056078533,0.20035756770871635,0.986726516472287,0.9770507894095201,0.9874394015581837,0.9784746124906035
Lasiodiplodia_105.jpg,Stem and Rot,121.79051889814221,253.11532506183516,159.46516655989748,228.0137143316777,0.5198793695259116,0.4482372683481835,0.5103727162036726,0.44661387797384045,3.9025064061499037,5.748436525970762,4.217688981422166,5.493333869573086,6.262274604020384,6.551784566512786,6.29448517869416,6.525754781910906,0.04738840025534058,0.04532682585328261,0.04695948333013402,0.04539138881920568,0.21768876924485694,0.21290097663769092,0.21670136900844447,0.21305254943136842,0.9910790546608049,0.9814312963052232,0.9883237592412051,0.9832727666776552
Lasiodiplodia_110.jpg,Stem and Rot,173.50204196028187,252.60031370025536,143.5233624279308,296.74417341993603,0.526738910723509,0.4704859676255273,0.5404311936530142,0.4750886888481005,4.4355781550288285,5.8404753765408515,4.077053971812941,5.905065454764825,6.3313342675624655,6.56127976703248,6.264198890988537,6.539490344281418,0.06467455113411119,0.06280248462239754,0.06500993796773921,0.06242142412074534,0.25431191701159267,0.2506042390351718,0.25497046489297387,0.24984279881706686,0.9876123196938416,0.9819469794741419,0.9897582706945555,0.9787920744230115
Lasiodiplodia_111.jpg,Stem and Rot,168.50630605381164,315.97834261698404,215.45127322229342,344.48456634961497,0.5180248323407987,0.4726409902338877,0.5335073232829353,0.4610646094460025,5.147041159513132,7.119085443101611,5.123238308776426,7.317762271511595,5.658895662789012,5.875334327999552,5.603003576624168,5.887354512727339,0.09425640623326388,0.0912607124113469,0.09365814231790646,0.090854631220441,0.30701206203220077,0.302093880128921,0.30603617811936296,0.3014210198716092,0.9880161087675413,0.9775169472410333,0.984677092686334,0.9754886217335587
Lasiodiplodia_112.jpg,Stem and Rot,147.26229180012814,294.0151621790102,207.0197789878283,327.7321482434796,0.49626036657768496,0.44590428110329106,0.4992238229195024,0.4338531302602955,5.354780589365792,7.568782802791128,5.8044923126201144,7.987130245932956,6.0192813058159365,6.262593983656078,6.023512639883643,6.304671982859967,0.07448030774982804,0.07151689867258869,0.07444082517968051,0.07163007053095158,0.27291080548382113,0.26742643600173244,0.27283845986165606,0.2676379467320574,0.9892988081753531,0.9786104406315965,0.9849563772275692,0.9761575349045427
Lasiodiplodia_115.jpg,Stem and Rot,172.338765214606,347.33628265197365,258.98326393337607,384.50891833738865,0.49039313803818724,0.41291447073252086,0.47353508085721785,0.4242676747290247,5.195908071748878,7.911882402622211,6.119674887892376,7.686138872689979,6.074325571834921,6.413222862926819,6.159325106897968,6.358118030694805,0.04295746494309104,0.0411079677664844,0.04294170449756044,0.041109143881015914,0.2072618270282568,0.20275099942166597,0.20722380292225226,0.20275389979237368,0.987238913602249,0.9742295534890242,0.9808220469801106,0.9714715478689696
Lasiodiplodia_116.jpg,Stem and Rot,111.11382927610508,180.62526895775102,83.44514734144781,169.33499567656702,0.582076551372143,0.5360892879949433,0.5727667326751508,0.5033585694060744,3.0385169762972457,4.1492891471777025,3.022661755285074,4.371895674556095,5.952796279060393,6.176021831583837,5.975147037217996,6.237878804168957,0.07423048972946124,0.07182067751127133,0.07455828399235082,0.07152992691602468,0.27245272934852616,0.26799380125531136,0.2730536284182117,0.267450793448112,0.9922764992500559,0.987435370257669,0.9942007776543115,0.9882207426714315
Lasiodiplodia_117.jpg,Stem and Rot,205.795183376041,318.8773753745299,173.5367953235106,315.20808783607146,0.5878278615134425,0.5234335238603707,0.5972313706964744,0.5264047293844882,3.855361146700833,5.35991071608116,3.5522501601537484,4.979167085603973,5.596966231362309,5.8442645402217615,5.5672409206118445,5.804344120476783,0.06031125462602972,0.05801023339821627,0.06048806634157388,0.05790110424400631,0.24558349827712309,0.24085313657541657,0.24594321771818364,0.24062648284011948,0.9853717958123712,0.9773023280194019,0.9876661835789486,0.9775635076808711
Lasiodiplodia_118.jpg,Stem and Rot,113.48806854580398,187.39918357497635,108.44939141575912,191.51887228779987,0.6237790256810635,0.5600512669351998,0.6217669066505278,0.551853915418739,2.6428971812940425,3.6452774035271167,2.588685137732223,3.555953266705544,5.508863922061064,5.735483376743472,5.518928385418432,5.75381764733445,0.08657931288925264,0.08350894881284733,0.08665671382772173,0.08361636484716292,0.2942436284599084,0.28897914944308234,0.2943751243358068,0.2891649440149392,0.9921067435392722,0.9869585186439807,0.992457190694818,0.9866718213248358
Lasiodiplodia_120.jpg,Stem and Rot,57.80076873798847,118.21239116008766,67.06662395900064,107.41233485491362,0.6485503408988998,0.5834282247073033,0.6088163306202898,0.5474872744692638,2.0677850736707235,3.1043455528967,2.539037475976938,3.315892135373726,5.783114454932711,6.030845368418099,5.945505505580126,6.171002484532613,0.06845575876800727,0.06542384415360973,0.0672464389885398,0.06538478307903509,0.26164051438568775,0.2557808518118777,0.2593191836107383,0.25570448388527545,0.9959705481548503,0.9917498776271293,0.9953227473069739,0.9925036208284737
Lasiodiplodia_122.jpg,Stem and Rot,107.35307895579756,225.279635625088,163.5137331838565,264.8899233847453,0.518010152197319,0.45819766216890734,0.5019603002828235,0.4524020537739902,4.62493994234465,6.728609061111222,5.309537155669442,7.099780812001045,5.972924658915481,6.239542920668443,6.029494444604472,6.261315699137718,0.07909626393163188,0.0761010113897135,0.07867182860696811,0.07614065213084509,0.2812405801651531,0.2758641176190073,0.2804849882025206,0.27593595657479125,0.9924288523399389,0.9840986997017129,0.9884672507209507,0.9813028185790353
Lasiodiplodia_123.jpg,Stem and Rot,196.0555733504164,338.37491202316556,188.58976617552855,319.87126224134806,0.5570283428677218,0.48724249148980303,0.5483161884033392,0.5012965519000272,4.765134529147982,6.927305998511936,4.699311338885331,6.292626033099398,5.382839219572826,5.665749835330991,5.384737580576264,5.580178942751766,0.0789790706284952,0.07562745232086787,0.07841257848566015,0.07587309042192016,0.28103215230378037,0.27500445872906837,0.28002246068067493,0.2754507041594197,0.9861955065985586,0.9761535009143043,0.9867263244167225,0.9774575197760038
Lasiodiplodia_124.jpg,Stem and Rot,321.23554612427927,499.01544370488045,248.34010650224212,495.74246415572406,0.4551756656407583,0.40243467313353487,0.4741627129326977,0.40412281004374206,7.284633247918002,9.727865028454222,6.613288757206918,9.625832009491447,6.474661683064214,6.716604629437034,6.4079652389020945,6.71242123643496,0.05325461838784833,0.05114316894922126,0.054022495604428546,0.051112860495940965,0.23076962189128866,0.22614855504561876,0.23242739856658154,0.22608153506189083,0.9758263440128374,0.962380668440379,0.9813160942368696,0.9626274089058311
Lasiodiplodia_125.jpg,Stem and Rot,165.26289237668163,307.0906714392005,133.81758488148625,217.69502704659251,0.5876172726713637,0.5298476709641968,0.583901456350276,0.5317376049286192,4.190142536835363,5.945585071085283,4.088685137732224,5.563634901164311,5.252395025233472,5.481294753345269,5.250983941307799,5.47087069397076,0.10713989626069213,0.10367223228096124,0.10717740404106334,0.10406684691119575,0.3273223125005262,0.32198172662584634,0.3273796023594985,0.32259393501923705,0.9884739762490662,0.9785787340940743,0.9906670841865634,0.9848145727159087
Lasiodiplodia_128.jpg,Stem and Rot,190.45251441383732,379.6067485772889,246.5686659192825,358.0290373826137,0.6059717158030107,0.5346838934437326,0.5960293791503448,0.5451798031451358,4.091287636130686,5.979810573307326,4.196628763613068,5.725270968650083,5.120311592487985,5.376023206789805,5.122340567376385,5.346300899166479,0.09627593025819849,0.09296472323092776,0.09651553247363465,0.09312689662646481,0.3102836287305511,0.30490116961226593,0.3106694907351455,0.30516699793140284,0.9866270481764919,0.9733348480794813,0.9826876430078836,0.9748505559778772
Lasiodiplodia_129.jpg,Stem and Rot,117.35794362588084,285.9392708479961,161.11891415759132,184.91013292042868,0.6057827021336049,0.5017225970780145,0.5822934241490758,0.5533051501222321,2.813140614990391,4.676506666130427,3.413637091607944,3.9814997285286253,5.798536884637887,6.177128656466966,5.9233185563349675,6.038822762304271,0.06195941156841765,0.05877952977174736,0.06073726176713244,0.05931547709654518,0.24891647508434964,0.24244490048616688,0.24644930871709184,0.24354768957340814,0.9917421532439183,0.9798521362424442,0.988661272732218,0.9869708551944486
Lasiodiplodia_130.jpg,Stem and Rot,132.29946748878922,279.16756821975105,188.61196748878925,265.44394618834076,0.5705288870417664,0.4947680780095304,0.5464568321206051,0.4980319400242351,3.5467849135169764,5.642019747028897,4.280689461883409,5.454764825353416,5.764784355540554,6.101126681120551,5.878386462484581,6.0682155029827545,0.0646757297960558,0.061842773951570305,0.06406119064724945,0.06175655770012777,0.2543142343559554,0.2486820740454975,0.2531031225553123,0.24850866725353418,0.9906883318813555,0.9803257281335322,0.9867225056287257,0.9812928973235654
Lasiodiplodia_131.jpg,Stem and Rot,91.14954356181936,167.03233525709342,67.29690502882768,112.90062136781356,0.5612927287896392,0.506074086204384,0.5646974578486874,0.4886846866000168,3.2449951953875726,4.433409077198416,3.1850376361306862,4.533511633051138,5.8947967945979265,6.115893077628012,5.893596118016934,6.180742363144409,0.04607953263576339,0.04412412713008185,0.046749190762209236,0.04420948732704161,0.21466143723492442,0.21005743769284116,0.216215611744872,0.21026052251205316,0.9935235463595503,0.9881149486030506,0.9952211322066318,0.9919666471426707
Lasiodiplodia_132.jpg,Stem and Rot,70.35319907110826,169.39301011482235,132.38072549647663,195.36312815459792,0.5416151627222682,0.444122810471249,0.4884974553444822,0.45403689438898825,3.484765374759769,5.799734561322367,4.579796604740551,5.6046371332622815,6.041809800970431,6.450698695747799,6.2549758476800195,6.400535460012993,0.0383728138381841,0.03550539020932413,0.03639265395612587,0.0357182495515527,0.19588980024029862,0.18842874040157498,0.19076858744595734,0.18899272354128532,0.9948695559755778,0.9876152095575903,0.9903259519132799,0.9857164625581171
Lasiodiplodia_137.jpg,Stem and Rot,93.11322869955157,246.04134408494036,182.07931614349775,232.39952542781876,0.5787650568882493,0.5269970769885183,0.565184074049634,0.5115199696015563,3.5227818705957716,5.2409258179331975,4.402226137091608,5.840053087735527,5.453739331047074,5.683080291817825,5.546965613088947,5.771795991549337,0.09821075914652568,0.09507473517585582,0.09737565170988235,0.09475052506235142,0.3133859587577683,0.3083419127784217,0.31205071977145377,0.30781573231781284,0.9934496680956605,0.9826856504432189,0.9871918727610303,0.9836456485187377
Lasiodiplodia_140.jpg,Stem and Rot,137.37848334401025,224.43306722435602,128.9871877001922,228.30557622312932,0.5777354542808546,0.5150244012916233,0.5851437397846366,0.5270121230037714,3.3518577834721337,4.747491403406463,3.2144859064702125,4.515192342496331,5.783887826386186,6.032027202652031,5.74118930724798,5.977598878762453,0.08440821057369467,0.08134773150602546,0.08437946681216274,0.08142881891144413,0.2905309115631152,0.28521523715612646,0.2904814397034047,0.28535735300048626,0.9903632309111648,0.984245913407908,0.990951860050949,0.9839740825103944
Lasiodiplodia_141.jpg,Stem and Rot,217.08095771941066,314.4801624806451,177.64057495195385,341.625047758853,0.5888673963057327,0.5433576868205628,0.6053172429703029,0.5377452335087998,4.051049007046766,5.419413219650506,3.8523382447149266,5.612781274507833,5.119678586154861,5.328115171805159,5.107243139495099,5.3467714211090716,0.11520811320154987,0.11180592032084019,0.11519987338870298,0.1118782862415707,0.33942320663376846,0.33437392290793283,0.33941106845343594,0.33448211647496295,0.9847758896482652,0.9779448680903912,0.9875418841688097,0.9760411422058725
Lasiodiplodia_142.jpg,Stem and Rot,156.47743834080717,279.74584246616666,150.41331678411274,245.04942789921375,0.5605575670783378,0.5025653610574039,0.5690292374307284,0.501131321266991,3.6454396220371557,5.158056667135877,3.7687780269058293,5.204106255907017,5.840646697627863,6.087904011473519,5.863183443739959,6.1174546715076294,0.06926587284042518,0.06624463723870619,0.06878160990187988,0.06639712249946479,0.26318410446002466,0.2573803357653925,0.26226248283328646,0.2576763910401277,0.9890319760969729,0.9803697734693335,0.9894574864095224,0.9828044780273956
Lasiodiplodia_143.jpg,Stem and Rot,208.29680493273545,338.1950371010879,178.46218369634852,319.4778700557018,0.583172233897502,0.5313834322973078,0.5867961142550494,0.525813528503894,3.929412235746317,5.348046411550604,3.766315663036515,5.417221339660962,5.6105315444033605,5.828804838090008,5.601269063615959,5.84982662622911,0.09327508760588256,0.0904276834487848,0.09360668677067721,0.09050685777259827,0.3054097045050837,0.300711960934022,0.30595209881724494,0.3008435769176372,0.9854471536424824,0.9763610625930486,0.9875317011357571,0.977669342998385
Lasiodiplodia_145.jpg,Stem and Rot,55.48424487508007,179.1989583542802,145.0912876361307,170.8862635484325,0.6159547141284255,0.538079604048677,0.5759219777010585,0.5099850988931125,2.388793241511851,4.07313639928412,3.6382126841768097,4.4337710390315515,5.529459830192437,5.844660405309855,5.728722104546733,5.939972384861555,0.056094963833441536,0.05287011915790325,0.054106250536709984,0.05306642818085972,0.23684375405199423,0.22993503247200775,0.2326075031823135,0.2303615162757437,0.9960936037926527,0.9873628338727166,0.9897679938201374,0.9879490476888663
Lasiodiplodia_147.jpg,Stem and Rot,166.81075832799488,394.4798206278027,268.0359144778988,301.7768907478534,0.5409576006860976,0.45587527313852094,0.5181429644439759,0.4883122506768133,4.511270819987187,7.2068812966277225,5.410153747597695,6.388284502000845,5.474884773605959,5.810006706861124,5.575954790046191,5.711851715942452,0.05709860149279502,0.053821489464188715,0.05552433795764883,0.05435869519311995,0.2389531366038015,0.23199458929938155,0.2356360285644978,0.23314951253030736,0.9880986157011479,0.971805406485468,0.9808764128677023,0.9784311482570288
Lasiodiplodia_148.jpg,Stem and Rot,200.90727098014094,317.1800357940035,168.4590807174888,309.5417965372318,0.6202653553843522,0.5582660708525131,0.6260031106809996,0.5636860308520074,3.6302850736707235,5.13969715859961,3.4080717488789234,4.741096744354401,5.234465852226693,5.48354240414594,5.231408674994996,5.441886624725745,0.09571022662858204,0.09253429240528588,0.09566563064539393,0.0924285187258507,0.3093706945212847,0.30419449765780754,0.3092986108041773,0.30402058931238635,0.9859774411311043,0.9778525727851383,0.9882422006688122,0.9783859208174809
Lasiodiplodia_150.jpg,Stem and Rot,233.90951313260732,307.45681594240784,169.7964045483664,388.68290132518246,0.5682889983872877,0.506297253312498,0.5701669400329981,0.49201828783922824,4.747317424727738,6.214603149067948,4.3534192825112115,6.677914295481509,5.18411692378601,5.387441506114622,5.159657349564457,5.4528825943392505,0.07648672121456972,0.07377010524068948,0.07691581127203062,0.07349775193157847,0.2765623279019934,0.2716065265060644,0.27733699946460555,0.2711046881401693,0.9833285930396889,0.9780677679162191,0.9879000816511206,0.9722735579215196
Lasiodiplodia_151.jpg,Stem and Rot,240.84397021140293,351.90886605401283,194.111066623959,382.23402843411293,0.5904409935177087,0.5454532141807379,0.6157080033230128,0.5534744413765649,5.364429852658552,6.975929538096484,4.502242152466367,6.874137827022462,4.785271887588975,4.969236767841747,4.672065390918427,4.928598323749407,0.15529359538456083,0.15192532550938959,0.15597761907965918,0.1519431724459026,0.39407308381131645,0.3897759940137278,0.39494001959748165,0.38979888717889205,0.9828880735023361,0.9750130220826547,0.9862084390091362,0.9728598107378313
Lasiodiplodia_152.jpg,Stem and Rot,263.5892456758488,362.01017514930925,174.96284433055735,383.21981137766704,0.5774975475957139,0.5160401679864077,0.5870368552114061,0.5251615389657845,4.694066303651505,5.8865048563212605,3.757206918641897,6.114782119085445,5.406203575517753,5.610832287229671,5.317793370273005,5.608298536728254,0.09164468072725859,0.08918896816409438,0.09250557525134448,0.0890590818116271,0.3027287246484195,0.2986452212309689,0.30414729203355484,0.29842768271664594,0.9815336265695175,0.9746313324421781,0.9877458798286993,0.9731450200470152
Lasiodiplodia_153.jpg,Stem and Rot,169.89073510570148,297.0710450642482,173.6113468930173,293.55772285788976,0.5349910513186162,0.4766410273377275,0.5295284445910184,0.4639613161459002,4.522101217168482,6.444408695127591,4.5916479820627805,6.369080415853928,5.90314794371957,6.153630955070679,5.922533028293248,6.191944037476727,0.06982422015269187,0.0667851717538927,0.06984307673996118,0.06708251279597952,0.26424272961179435,0.2584282719709527,0.26427840763097005,0.25900292043909373,0.9878515760981423,0.9787314985630556,0.98758552527943,0.9789830313180514
Lasiodiplodia_154.jpg,Stem and Rot,177.95451633568223,288.53115888113575,116.16007367072388,198.50208128054052,0.47687949654748124,0.41404302965093176,0.48648322870460925,0.41142095222531727,4.734505124919923,6.343180035794003,4.123798846893017,5.888676627320075,6.2561901025573246,6.489229508411535,6.174114270164393,6.483349017308575,0.029189015408988665,0.028058448525812536,0.029996376598408276,0.028071769736406155,0.17084793065468679,0.16750656263505778,0.17319462058161125,0.16754632116643492,0.9867011552353614,0.9784134079814063,0.9913323818116927,0.9851489750359684
Lasiodiplodia_155.jpg,Stem and Rot,75.87562059577195,159.0561845200989,97.23010089686099,133.59011844195538,0.5695926241179533,0.4895837546408419,0.5404528963196652,0.48351763836829775,2.759549167200513,4.182609744816908,3.1665198590647026,4.055561141386313,5.9623923746291965,6.273705599650265,6.068115875262959,6.283110812008731,0.05093907828485236,0.04852795404526144,0.05000887274749809,0.0483785072320152,0.22569687256329532,0.22029061270345007,0.22362663693643048,0.21995114737599164,0.9946236566934715,0.98870955473498,0.9931064142991892,0.9905172381396724
Lasiodiplodia_156.jpg,Stem and Rot,213.1185938500961,293.58655915059626,189.08784433055735,377.6162400209134,0.5651843916909791,0.5103663921579185,0.5804147999739404,0.5111475794402804,4.160313901345291,5.3609362746083775,3.8156229980781555,5.6239618733535774,5.790337415789561,5.991612279348475,5.73668555586156,6.003074510914538,0.07407719314129008,0.07213530402003215,0.0751212241185876,0.07204305050197261,0.2721712570079546,0.2685801631171449,0.27408251333966493,0.2684083651862822,0.9848830436779531,0.9791620494062078,0.9865927345348204,0.9731978583224817
Lasiodiplodia_157.jpg,Stem and Rot,218.37135650224212,336.0028152587022,162.81482222934017,312.8381427336162,0.5699890941607197,0.5044466928275957,0.5811454284955089,0.5230085831003041,4.440542921204356,6.062820487039756,4.145779948750801,5.932313137203644,5.213244653359682,5.447213268126126,5.176773957740382,5.408347880205146,0.10774235462552698,0.10432499808638263,0.10791136537039688,0.10466457189096842,0.32824130548352226,0.32299380502787145,0.328498653529047,0.3235190440931854,0.9844153976725557,0.9760157788695546,0.9883803246996281,0.9776692966468632
