Filename,Label,Contrast0,Contrast45,Contrast90,Contrast135,Homogeneity0,Homogeneity45,Homogeneity90,Homogeneity135,Dissimilarity0,Dissimilarity45,Dissimilarity90,Dissimilarity135,Entropy0,Entropy45,Entropy90,Entropy135,ASM0,ASM45,ASM90,ASM135,Energy0,Energy45,Energy90,Energy135,Correlation0,Correlation45,Correlation90,Correlation135
Alternaria_006.jpg,Alternaria,72.48287377450981,102.39910803537103,61.75425857843139,107.29796232218379,0.7927286558032507,0.7507631290152819,0.8214669968948087,0.7538761066231205,2.3484068627450982,3.084936562860438,1.8829963235294123,3.0354786620530567,2.812238494751289,2.9174365220381855,2.7183680141840774,2.907045017576536,0.43148114267105053,0.42845569046655074,0.43334854988353355,0.42872233490180117,0.6568722422747444,0.6545652683014511,0.6582921463024859,0.6547689171775041,0.9935638334410362,0.9909306295603896,0.9945164881959206,0.9904967437081669
Alternaria_009.jpg,Alternaria,175.4259344362745,336.5694886582084,211.3139705882353,306.8111188004614,0.5345183984858638,0.4433250923002756,0.5165482023287956,0.4429101306215665,5.8973498774509805,9.014609765474818,6.891176470588235,8.948696655132641,5.391203840504923,5.7016897588825035,5.507553284918485,5.704756200862618,0.12427123460252669,0.12058612124015236,0.12298376204370766,0.12077635381417345,0.35252125411459473,0.3472551241380786,0.3506904076870476,0.3475289251474954,0.9879824442331308,0.9769474741423242,0.9855215556182809,0.9789857028402457
Alternaria_010.jpg,Alternaria,373.9547334558823,589.1389619377162,390.0286151960785,653.5049750096117,0.529079751393321,0.4489970446399961,0.5340070484397674,0.44770463805253435,8.84468443627451,12.245244136870435,9.132138480392157,12.786020761245673,5.124655045260695,5.360200639781474,5.133120301861458,5.383274816447914,0.11843244107490958,0.11527291348771455,0.11762395569105781,0.11471632325484492,0.34414014743256793,0.33951864969057965,0.3429634903179314,0.33869798236016246,0.9746785317833713,0.9601109064545652,0.9735996299576867,0.9557528481992993
Alternaria_011.jpg,Alternaria,203.52463235294115,332.67091118800465,221.19411764705882,379.6174394463668,0.5541942187007964,0.47357952181402013,0.5612860982592668,0.47358366111702516,6.1950674019607845,8.881476355247981,6.444485294117648,8.97830065359477,5.136465138142537,5.393339737452015,5.133951094023581,5.382330967394033,0.13246052074322373,0.12898278942488184,0.13251942095963698,0.12926210352064932,0.36395126149420576,0.3591417400204017,0.36403217022625484,0.3595303930416027,0.986149652986251,0.9773683586469909,0.9849472014694561,0.9741745807885119
Alternaria_014.jpg,Alternaria,104.01113664215687,266.4102422145328,172.06551776960788,191.2408150711265,0.5698663724556177,0.47460600504125217,0.5787865153228838,0.47944018721857684,3.033042279411765,5.034801999231064,3.6767310049019617,4.574794309880815,5.855623927717982,6.1626121897796855,5.876273874159681,6.1276804156854965,0.0750915876987667,0.07232809171523503,0.07424627964792689,0.07279923857399064,0.2740284432294697,0.26893882522840584,0.2724817051618822,0.26981334024467846,0.9927800362595876,0.9814961157273722,0.988068890202954,0.9867171101198523
Alternaria_016.jpg,Alternaria,84.16557904411765,184.01013456362938,129.15873161764708,179.52844290657436,0.5006657133908863,0.4061757555979943,0.5025032668869168,0.4018503014500175,4.236994485294117,6.311803152633601,4.6640625,6.246043829296424,6.259293144724344,6.565219222859358,6.283900587863877,6.566673583236857,0.06717712378877715,0.06436581606370598,0.06598509087832054,0.0643856197620736,0.2591855007302244,0.25370419007912737,0.2568756330957075,0.253743216189268,0.9941548319107423,0.9872077324060352,0.9910281530235439,0.9875192967613716
Alternaria_021.jpg,Alternaria,220.31446078431378,414.5246597462515,273.7507965686275,420.3635217224145,0.5005297827824182,0.40929087132346065,0.49798315900355794,0.41210448405993705,7.020955882352943,10.3840061514802,7.642892156862745,10.314678969627067,5.596152700534313,5.8902469703074525,5.632778873206472,5.883391037836713,0.0966964255878899,0.09381287870086934,0.09664089263012574,0.09360584366968551,0.31096048878899374,0.30628888112510605,0.31087118333825303,0.3059507209824574,0.9849475858368198,0.9716701764654179,0.9812966867776989,0.971271131618415
Alternaria_022.jpg,Alternaria,145.4625,224.42537485582469,118.52405024509802,235.66960399846215,0.5569732047041692,0.47208142625520394,0.5640507009509921,0.473184226801615,4.316973039215687,6.1070357554786625,4.070741421568628,6.0310649750096115,5.387378644841071,5.641166666171818,5.361584056095587,5.631085145889476,0.12155001923745527,0.1183115408396587,0.12150820065167993,0.11832484610582893,0.3486402432844712,0.3439644470576264,0.3485802642888434,0.3439837875624794,0.9900440405306573,0.9846421395552042,0.9918878017332129,0.9838726753086021
Alternaria_023.jpg,Alternaria,270.9664215686274,405.91418685121107,207.2801164215686,394.7532179930796,0.5257760389601353,0.43728728122524174,0.5460904043800459,0.4371279155580041,6.8968750000000005,9.525167243367935,6.134344362745098,9.170196078431372,5.201119290665391,5.450595422058788,5.124628805885715,5.423576143907926,0.08148936035907162,0.07828496625599149,0.0816399583299542,0.07845237366931151,0.285463413345864,0.279794507194104,0.285727069648562,0.28009350879538697,0.9814780882338099,0.9722341092423772,0.9858313660968744,0.9729975569170398
Alternaria_024.jpg,Alternaria,146.71194852941176,230.65322568242985,98.35481004901962,176.90168396770474,0.5875983473424709,0.5039955268557053,0.5970200241324403,0.5092391947578221,4.308026960784314,6.086797385620915,3.9038602941176475,5.679077277970012,4.832267930021512,5.063019284567034,4.790208890243886,5.040961894618665,0.1378845729923212,0.13435319790202832,0.13809881061464496,0.1348191657867963,0.37132812038993385,0.3665422184442446,0.3716164832386273,0.36717729475935235,0.9899772752906281,0.9842490739524825,0.9932808254893686,0.9879196775435823
Alternaria_027.jpg,Alternaria,128.7011948529412,160.97937716262976,75.60879289215686,193.14755863129562,0.5737182061165085,0.4971428410817319,0.6343977630326889,0.500297215287692,4.727757352941177,5.885797770088428,3.433180147058824,6.111064975009611,5.225753538504488,5.392521340199087,4.998940900042945,5.404489895731784,0.09274394128103526,0.0910357754632863,0.09407510114330278,0.09093137093783318,0.30453889945462675,0.3017213540061199,0.30671664634203144,0.30154828956210844,0.9912019318635359,0.9890002564411601,0.9948382654803413,0.9868022000618502
Alternaria_028.jpg,Alternaria,70.58268995098038,164.30881968473665,108.97333026960786,142.5857593233372,0.5085296039465775,0.40311690119151383,0.5121642364528322,0.41175422410930906,3.589246323529412,5.682722029988466,4.147533700980392,5.339008073817762,6.212079930961561,6.560177154765842,6.26198012837192,6.519773368538106,0.0493838233463767,0.04677135854500109,0.048635718181746515,0.04710421546972513,0.2222247136264927,0.2162668688102759,0.22053507245276546,0.217035055854406,0.9950146099404552,0.9883759400321923,0.9923045398032542,0.989912742236783
Alternaria_030.jpg,Alternaria,287.3310968137255,493.6636063052672,332.8300857843137,533.7445290272972,0.4820981323748383,0.37367015351516525,0.4695533901803346,0.3726960716668938,7.257444852941177,10.497285659361784,7.806464460784314,10.719876970396001,6.065259599941083,6.396052220134059,6.13009116619482,6.41599630670907,0.04388469820708231,0.04123361490663766,0.04230000062888973,0.04115901821690147,0.20948674947853457,0.20306061879802706,0.20566963954091458,0.2028768548082838,0.9796881852950865,0.9650355234736452,0.9764582123397129,0.9621967310980888
Alternaria_031.jpg,Alternaria,144.34958639705883,204.02077662437526,87.06688112745098,188.63860053825454,0.521778924144136,0.44757771054546047,0.5580334955853203,0.4455336481894308,5.327313112745098,6.8371703191080355,4.184712009803921,6.730688196847367,5.683558259206377,5.867726003661538,5.506849173384739,5.871700130166005,0.08907900284089201,0.0881825361286383,0.09130565298653161,0.08774883407011855,0.29846105749476265,0.29695544468596347,0.302168252777375,0.29622429689361834,0.9900960060365105,0.9860081973348886,0.9940316262492052,0.9870631162065174
Alternaria_032.jpg,Alternaria,160.5006280637255,300.0040445982315,196.37561274509804,293.37643983083433,0.4882991522939665,0.39853120336913905,0.49404632375539403,0.39879764223704606,6.267876838235294,9.020238369857749,6.498345588235294,8.856178392925798,5.85828394325646,6.132761843911209,5.8514666643992115,6.124955435475933,0.0789761620051858,0.07608133895799991,0.07797052907742064,0.07590222918727767,0.2810269773619355,0.2758284592967156,0.27923203447566797,0.2755035919680135,0.9889460548876329,0.9793233627429356,0.9864744704066994,0.9797801451834598
Alternaria_034.jpg,Alternaria,187.8406862745098,368.9942945021146,235.7630821078431,360.22717416378316,0.5192535199936663,0.4346310656918927,0.5273476548523931,0.4320662582059469,6.103553921568627,8.903713956170705,6.291360294117647,8.890119184928874,5.602312842789583,5.8705064495589845,5.590947641557136,5.872216255786395,0.0992891572558481,0.09635123178158342,0.09878244167564006,0.09607199537752092,0.3151018204578452,0.3104049480623391,0.3142967414333786,0.3099548279629161,0.9871111347085992,0.974674364967877,0.9838222466063405,0.9752760894207465
Alternaria_039.jpg,Alternaria,95.44494485294118,147.40509034986545,101.49503676470587,193.46076124567472,0.5567368019926141,0.4763262977830821,0.5675206552164367,0.47013411628528456,3.5537377450980396,4.98162245290273,3.599019607843137,5.213871587850826,5.713953915842149,5.955334447848246,5.69774150901706,5.9762788183591375,0.10147793169619253,0.09851423577806483,0.10055310300293906,0.09825702112915785,0.31855601029676484,0.3138697751903882,0.3171010927179833,0.31345975998388986,0.9934544075919727,0.9898890352335694,0.9930392197607655,0.9867299362864668
Alternaria_040.jpg,Alternaria,120.66214767156862,235.12924259900035,145.96599264705884,209.6443367935409,0.5201169676423497,0.42018634604669075,0.505230249850996,0.41218862272932555,5.249923406862745,7.9729181084198375,6.038664215686276,7.9314571318723575,5.770576910132355,6.0877761144016524,5.864539143715238,6.107569031157705,0.06833554817501832,0.06566889645998689,0.0676436567178189,0.0659098195012979,0.2614106887160858,0.25625943194346407,0.2600839416761806,0.25672907802058165,0.991677979380098,0.9837711237371211,0.9899318841848141,0.9855301196761899
Alternaria_041.jpg,Alternaria,108.03466605392158,143.07800076893503,56.18826593137254,139.18140715109575,0.5549473103831881,0.4861073879477686,0.634239589961054,0.4860478365999804,3.355805759803922,4.188465974625145,2.349264705882353,4.187327950788159,5.684600587531445,5.852448377020887,5.439831320400438,5.859457290071009,0.06586195591182628,0.06463802627593766,0.06730753827122533,0.06436445592673447,0.25663584299903686,0.25424009572830497,0.2594369639647083,0.2537015095081905,0.9925181647268624,0.9900866552830958,0.9961108678511338,0.9903566358220169
Alternaria_042.jpg,Alternaria,160.74321384803923,195.4352633602461,106.7475337009804,247.74243752402924,0.5174631029040163,0.41464926139240976,0.542197921167485,0.41544786264718114,4.33592218137255,5.847043444828912,3.916283700980392,6.037216455209536,5.734672293213993,5.9970021108802,5.674188359167669,5.998606226489487,0.03510698986530121,0.03343908640704098,0.03548051563513732,0.03352371998998994,0.18736859359375363,0.18286357320975924,0.18836272358175682,0.18309483878577773,0.9883445847320027,0.9858134956956041,0.9922611908605807,0.9820165557848293
Alternaria_043.jpg,Alternaria,132.17570465686276,272.10575932333717,191.1271292892157,275.8212841214918,0.44385777017692984,0.33703981039630904,0.436813386744667,0.3381073538556436,6.474785539215686,9.869357939254133,7.4858609068627455,9.829158016147636,5.903308126542812,6.237294500801328,5.994054480910797,6.2309097759781515,0.041305120542204324,0.03914787903567093,0.04025826095938912,0.03904197436262425,0.20323661220903166,0.19785822963847355,0.2006446135817982,0.19759042072586477,0.9905964268368778,0.9806134125063288,0.9863999002765268,0.9803486943071865
Alternaria_047.jpg,Alternaria,208.56605392156865,254.66858900422915,129.88144914215687,304.48432141484045,0.5446582610588766,0.432377655920338,0.557144902583338,0.43746586131558207,5.407996323529414,7.184882737408689,4.684022671568627,7.43604767397155,5.456687210211285,5.738172124429685,5.411684887580736,5.739360715126564,0.043539597079736474,0.04086008016613254,0.04364215902162028,0.04090808311534276,0.20866144128644484,0.20213876462997526,0.20890705833365297,0.20225746739080552,0.9852257452573479,0.9819243269196292,0.9907977935456481,0.9783885438187989
Alternaria_048.jpg,Alternaria,83.36231617647061,149.96647443291045,86.0016544117647,142.72295271049597,0.5216165014838866,0.4313574336408265,0.5402274227096036,0.43404324178712805,4.353033088235295,6.174548250672818,4.221047794117647,6.046751249519415,5.72351220624353,5.979989500647745,5.665923817316786,5.967524002513359,0.07572974885898755,0.07350918762058958,0.07588610140555918,0.07390974381988061,0.2751903865671683,0.2711257782295693,0.27547432077338746,0.27186346540107337,0.9942684395690681,0.9896906903994928,0.9940920211888895,0.9901886397466167
Alternaria_050.jpg,Alternaria,105.6422487745098,159.58191464821226,117.46485906862745,215.76984236831987,0.5820922184323223,0.48211838750572056,0.5850969494417144,0.49855764308296735,3.7305759803921568,5.506343713956172,3.84859068627451,5.387558631295656,5.225781048694277,5.514300218100008,5.215161001470518,5.455072836626061,0.09134263533988579,0.0880881940388763,0.09141093370319557,0.08851427013033317,0.3022294415504317,0.2967965532799805,0.3023424113537424,0.29751347890529795,0.9928009885218674,0.9891207985115343,0.9919953344564136,0.9852902905981915
Alternaria_051.jpg,Alternaria,52.71896446078432,142.66725105728565,113.68328737745097,156.8325259515571,0.5636319651363008,0.424907687181146,0.5195051635796056,0.43101742449844005,3.7282475490196076,6.243567858515956,4.824096200980392,6.3786697424067675,5.289246256725845,5.663283784454437,5.448452151496255,5.664814923098769,0.04163071001368914,0.03888021893214997,0.04009166525401139,0.038931487298012275,0.20403605076968417,0.19718067585884264,0.20022903199589062,0.19731063655569173,0.9962969486685892,0.9899650823529139,0.9920093811323303,0.9889687288669288
Alternaria_052.jpg,Alternaria,65.3936887254902,97.00198385236448,58.82524509803922,114.9280430603614,0.6544014491055279,0.5818932997955824,0.6757991919815204,0.5787664018996334,3.045588235294118,4.211518646674357,2.7488051470588233,4.250703575547867,4.383552430319458,4.576064507677128,4.318329923741077,4.580940241134719,0.17648200058927907,0.17286521420427864,0.17672454564124981,0.1729170669725851,0.42009760840699756,0.4157706269137812,0.4203861863111701,0.4158329796596046,0.9954843333272517,0.9933076170181538,0.9959379077097094,0.992070858254975
Alternaria_054.jpg,Alternaria,246.08909313725493,423.5231064975009,188.2765318627451,328.13668589004226,0.5006982916159701,0.41756250000564676,0.5161872082342586,0.41703988816089554,6.757444852941178,9.44076893502499,6.12827818627451,8.995586312956554,5.619722723494377,5.861041384060755,5.545803449569638,5.8511157954957245,0.08589344510111802,0.08381087296593255,0.08631648479081813,0.08353290257007881,0.2930758350685331,0.28950107593225377,0.2937966725319028,0.28902059194818425,0.9831714485242995,0.9710295379208931,0.9871275936658939,0.9775543027771084
Alternaria_055.jpg,Alternaria,439.06344975490197,806.43753940792,504.13621323529424,764.9918954248367,0.39916365590057634,0.2739218587349629,0.36848132245144877,0.27002106296691614,11.699632352941176,17.45939254133026,13.040808823529414,17.362122260668976,5.917996928401029,6.280261340233153,6.044029378058525,6.288107389393471,0.0192015902274666,0.01767717376024748,0.018607206714927858,0.017535542609894372,0.13856980272579808,0.13295553301855279,0.13640823550991288,0.13242183585003786,0.9671520687841721,0.9394666377894133,0.9622531988481987,0.9425776146482002
Alternaria_057.jpg,Alternaria,358.33604473039213,483.5165705497885,249.1466299019608,513.4679430988082,0.4200371852143342,0.32048381749564625,0.4254375334012302,0.31423223599625416,9.046675857843137,12.009888504421376,8.121783088235293,12.101514801999233,6.232306189578923,6.497704503403991,6.167925070749964,6.4989016254791006,0.027861176299755513,0.026391863774631385,0.028084811247664654,0.026298254612095038,0.1669166747205189,0.1624557286605535,0.16758523576874143,0.1621673660515427,0.9736803190619376,0.9644181886407416,0.9817040515833088,0.9622140778555037
Alternaria_060.jpg,Alternaria,131.9438112745098,248.58860438292962,162.1494791666667,240.4564090734333,0.5166341457413958,0.417635486670995,0.5055635033151133,0.4101585601240586,5.284099264705883,7.569550173010379,5.486305147058825,7.645090349865438,5.674598731051933,5.957015728251461,5.701131245001303,5.973306527186775,0.07143794662903845,0.06840245107277666,0.07007496576774858,0.06842049777974075,0.26727878073097844,0.26153862252596016,0.2647167651807278,0.2615731212868416,0.990910882387983,0.9828594857641074,0.9888219409404179,0.9834202114249536
Alternaria_061.jpg,Alternaria,153.13057598039217,185.71192618223756,96.27450980392156,231.70854286812767,0.5706917691635562,0.49762198652122025,0.5844576316800695,0.49125981839132926,4.067279411764707,5.306974240676662,3.6026041666666666,5.512772010765091,5.359004486038699,5.569033570122619,5.311218929695945,5.589657465601799,0.13188216934292116,0.1296863274276699,0.13289092853315884,0.12933631293438297,0.36315584718261273,0.3601198792453284,0.36454208060683313,0.359633581488691,0.9895217273587782,0.9872960813933567,0.9934119021351951,0.9841496099385022
Alternaria_062.jpg,Alternaria,255.39946384803923,427.33762399077284,230.49062500000002,383.2905344098424,0.5189803914004734,0.4283507050855994,0.5183457093960662,0.4332798249214291,7.626669730392157,10.83833910034602,7.542585784313726,10.57041138023837,5.175998760406589,5.4385834478943265,5.182857584157814,5.4267761400309436,0.10382524853346667,0.10046648299141447,0.10289789900143574,0.10054943514612502,0.32221925537352153,0.3169644822238203,0.32077702380537754,0.31709530924648666,0.9827315070642197,0.9711006729689069,0.9844145324490727,0.9740794213287628
Alternaria_064.jpg,Alternaria,193.93184742647063,288.80039984621305,164.26790747549023,313.5713341022684,0.5226927265170436,0.4244006456482121,0.5254889072689563,0.4189163791967476,5.672870710784315,8.08412149173395,5.697748161764707,8.157877739331028,5.439147817545934,5.726471805989156,5.456315203633122,5.733962730497404,0.06826408013707168,0.0652333934202398,0.06774499807390788,0.06539952654769605,0.2612739561017739,0.25540828768902507,0.2602786930847546,0.2557333113767075,0.9867030027972832,0.9801782654167025,0.9887364735313383,0.9784781192795593
Alternaria_066.jpg,Alternaria,156.62795649509803,246.72718185313346,123.2530330882353,238.2476432141484,0.6030756769206918,0.5050737325454938,0.605414734583838,0.5098197611993087,4.004365808823529,6.023852364475204,4.095557598039216,5.804921184159939,4.903149823940065,5.190905017319695,4.926568200590464,5.170826605291769,0.11095388586270907,0.10733880870649672,0.11090572698901861,0.1077104735247334,0.33309741197239745,0.32762601958101056,0.33302511465206136,0.3281927383790406,0.9893923814655173,0.9832899311028197,0.9916526916146174,0.9838642240275376
Alternaria_069.jpg,Alternaria,162.10226715686275,293.1461745482507,185.1079656862745,287.9737946943483,0.5276842798862291,0.43908327422358895,0.5209053070500916,0.4368035480546437,5.935661764705882,8.725690119184929,6.310171568627451,8.601953094963477,5.343290961453439,5.6177631399919825,5.383960869505705,5.618060985453672,0.1142280813860279,0.11118966191839684,0.11355116266692798,0.11084791301840108,0.3379764509341263,0.33345113872709575,0.33697353407490027,0.33293830211977876,0.9889063557910669,0.9799383306036429,0.9873304993820208,0.9802923061408683
Alternaria_072.jpg,Alternaria,305.37234987745103,788.075847750865,576.8202971813726,723.766951172626,0.4446249267954703,0.3291879338091147,0.41606769528419496,0.3258340362822981,9.114108455882354,15.132179930795848,11.84796262254902,14.645843906189928,5.948644507887634,6.3550265074117425,6.12386514363569,6.3409286955329165,0.04475510752324826,0.04188675074103489,0.04309645521141206,0.04200272991149858,0.21155402979675964,0.2046625289129275,0.2075968574218118,0.2049456755130456,0.9783582270644543,0.9440466242708592,0.9591101885150156,0.9486125551558601
Alternaria_073.jpg,Alternaria,218.9076286764706,340.10991157247213,184.93546262254907,331.82669742406756,0.4987148495699254,0.4139892391855058,0.5020086126840105,0.412785447391338,7.012775735294118,9.504575163398695,6.707031250000002,9.676509034986543,5.578770018957052,5.810983685576039,5.554474167566099,5.83379219465284,0.10226342822716171,0.09994498268418038,0.10278914378634423,0.09952562331850891,0.3197865354062952,0.31614076403428326,0.3206074605905861,0.31547681898755875,0.985064485980487,0.9767933624798658,0.9873836409652401,0.9773585490319278
Alternaria_075.jpg,Alternaria,287.3669117647059,356.05268742791236,185.71179534313728,432.16996539792393,0.49345257129336306,0.416747810221287,0.5322930145648677,0.41338333041288366,7.687959558823529,9.535870818915802,6.116605392156863,10.00569011918493,5.756227604876514,5.94176641959802,5.570458587278333,5.96054985330144,0.07596445308745435,0.07477228363207539,0.07774877892141846,0.07450992158252207,0.2756164963993526,0.2734452113899152,0.2788346802702606,0.2729650556069807,0.9803851539548398,0.9757120653862396,0.9873412907451242,0.9705197679100767
Alternaria_076.jpg,Alternaria,211.26142769607844,322.5260130718955,171.4441482843137,321.45027297193394,0.4925871284094959,0.41186268441188345,0.5012531373462841,0.40950249358494706,7.183946078431372,9.579853902345253,6.589154411764706,9.649980776624375,5.715999096055402,5.946295844363894,5.656966557479592,5.953415938507499,0.09971417806552768,0.0970233090191999,0.10001267564796289,0.09687740092275157,0.3157755184708398,0.31148564817532104,0.31624780734095675,0.31125134686094386,0.985588736969015,0.9779941258017022,0.988304977706529,0.9780675232963238
Alternaria_078.jpg,Alternaria,288.9758884803922,389.85488658208385,209.6950980392157,424.7291349480969,0.4356108016600475,0.35490988662744716,0.46827597751963135,0.3532879319677158,8.817861519607844,11.212395232602846,7.436917892156863,11.430495963091118,6.162661643828779,6.36640018233035,6.001502206490968,6.373088661712279,0.05354848319775599,0.05240201625938385,0.05445260686995388,0.05219566484425224,0.23140545196204,0.22891486683783527,0.23335082358961984,0.2284637057483141,0.9799357059548669,0.9729304725411196,0.9854597840739869,0.9705089832735924
Alternaria_079.jpg,Alternaria,410.7890625,600.1741637831603,310.71015625,592.3913110342177,0.4074121253609351,0.30818002739036415,0.42750426079123505,0.3061631538622024,9.979993872549018,13.15123414071511,8.620695465686275,13.09925413302576,6.2203306013584125,6.481923814303643,6.1083882452516,6.47965442140221,0.025299593328925465,0.024061614488616087,0.025646693527767262,0.02397790812128125,0.1590584588411615,0.15511806628699343,0.1601458507978501,0.1548480162006645,0.9698148699414741,0.9558477315289339,0.977174249323124,0.9564202830061184
Alternaria_080.jpg,Alternaria,147.60545343137255,209.91327950788158,97.3632199754902,227.03410995770858,0.5025308835989628,0.39799771543659235,0.4926533723085549,0.3873073856551266,5.459650735294117,7.530565167243369,5.096369485294117,7.829773164167629,5.674822277066044,5.945020037964955,5.66221802391453,5.981389567236537,0.05264744131989498,0.05117246355281979,0.05378723707716083,0.05074825348130824,0.22945030250556434,0.22621331426956237,0.23192075602921103,0.22527373011806823,0.9896953256711335,0.9853271573964838,0.9932047087792936,0.984130419148095
Alternaria_081.jpg,Alternaria,145.40358455882352,218.95028066128415,122.84914215686274,221.39896962706652,0.5860316677911545,0.5085384946399255,0.5946218045201284,0.5060890960359727,5.021813725490196,6.8390003844675125,4.720925245098039,6.924444444444445,4.767919374134898,4.973110936487293,4.728254436306063,4.989980989075762,0.14781131649054,0.14460578019780934,0.14812622668696387,0.1444806716016272,0.3844623733091965,0.38027066702259504,0.3848717015928345,0.38010613202318533,0.9901097404888699,0.9851153155287161,0.9916438793421937,0.9849488486828464
Alternaria_082.jpg,Alternaria,144.2660539215686,265.3489580930412,142.23342524509803,226.1774086889658,0.5419425168365732,0.45530912893946984,0.5384271091432573,0.45606623810881747,4.6521139705882355,6.6937024221453285,4.755269607843138,6.644921184159939,5.512013796212626,5.7722635006288465,5.531168177042663,5.782617691086109,0.11291658735146937,0.10996856909351253,0.11263673916545018,0.10960809081651825,0.336030634543146,0.33161509177586074,0.3356139734359256,0.3310711265219579,0.9901322965548149,0.98185071260907,0.99027129602278,0.9845299607688962
Alternaria_085.jpg,Alternaria,247.36669730392157,399.6522568242984,229.9261029411765,389.40063052672053,0.5153543837284671,0.42281434225901804,0.5134462177853943,0.42193999557351214,7.238848039215686,10.18722029988466,7.23609068627451,10.184421376393695,5.31647038031217,5.580775354472269,5.31960911219705,5.583114008116261,0.09759859594735949,0.09437008597379441,0.09733183406491043,0.09421601185241948,0.3124077398966925,0.30719714512637386,0.31198050269994504,0.30694626867323127,0.9831259761993394,0.9727291710967172,0.984315679613672,0.9734287051090186
Alternaria_087.jpg,Alternaria,139.7925398284314,213.49493271818534,113.54998468137255,224.5305959246444,0.47660628762404955,0.37100317981969155,0.4934435920549448,0.3732929426111385,4.139139093137255,5.840184544405997,3.744255514705882,5.651303344867359,6.590458836269848,6.886282789699692,6.5207983624874934,6.868624427978115,0.026678284935106097,0.025442409057764872,0.027022532250779458,0.025488704444997276,0.16333488584838848,0.1595067680625649,0.16438531640867277,0.1596518225545743,0.9896757786535237,0.9842019985034471,0.9916163052760367,0.983385391656477
Alternaria_089.jpg,Alternaria,147.78719362745096,209.9928642829681,102.0950980392157,215.68522875816993,0.5173956744242312,0.4370482379111123,0.5495715534863819,0.43480682349251076,4.094761029411765,5.425882352941176,3.3370098039215694,5.269081122645137,6.162243292778138,6.381142676658444,6.016937134548882,6.3707190486089775,0.06896025954279154,0.06692594079614189,0.06974218184468568,0.06711799906610313,0.26260285516877296,0.2587004847234382,0.26408745113065424,0.25907141692225166,0.9897011325447661,0.9853593172644776,0.9928887130390174,0.9849624461489713
Alternaria_090.jpg,Alternaria,97.52383578431375,150.73448673587083,49.997487745098056,111.57899269511725,0.45106998916536245,0.3733582010240308,0.507941464225782,0.3806949431552563,5.316176470588236,6.7528181468665895,3.515410539215687,6.078185313341024,6.561969354443615,6.763769538946988,6.258526978630536,6.699878528411228,0.05707937414395906,0.05588929334102564,0.05804442186073266,0.0557504663054357,0.23891290074828328,0.23640916509523408,0.24092409979230525,0.2361153665169544,0.9931545335982225,0.9894243011983184,0.996496042883153,0.9921714940960635
Alternaria_091.jpg,Alternaria,121.12824754901962,200.01842368319882,90.75989583333336,171.02495963091118,0.5337473873384173,0.44988845638102015,0.5515942945195215,0.4482513873499665,3.6645526960784314,5.077277970011535,3.238664215686275,4.859023452518262,6.122604865361078,6.363230306222402,6.035712250474097,6.3575942633921,0.08537284114827377,0.0823977180870162,0.08532295106787355,0.08269793077840552,0.2921863123903544,0.28705002715034916,0.2921009261674354,0.2875724791742171,0.9916357651564863,0.9861810191781688,0.9937327824146419,0.9881841352727722
Alternaria_092.jpg,Alternaria,115.92536764705883,244.8161168781238,169.73762254901962,228.63781622452905,0.5521365310088218,0.44190283444422873,0.5525852700760504,0.4506899162333178,4.226256127450981,6.430296039984621,4.597120098039216,6.334332948865821,5.772281854225074,6.089131980830275,5.786555071513027,6.0662654650612104,0.04869433868302606,0.04579989472596602,0.047345579060074555,0.04594059617740848,0.22066793759634876,0.2140090996335577,0.21759039284875276,0.2143375752811636,0.9917433707502189,0.9825321463900172,0.987921272877444,0.9836864829225914
Alternaria_093.jpg,Alternaria,108.3464767156863,226.28732026143797,150.98108149509804,197.53893118031527,0.5120109081970986,0.3984073854489749,0.5022915911092914,0.4031895989812261,4.414889705882354,6.7280123029604,4.813403799019608,6.361076509034987,6.092958179731227,6.420096862274377,6.131559061359612,6.387306196017056,0.042913740100149284,0.04046222591169132,0.041804787629570045,0.04091730395002307,0.20715631803097218,0.20115224560439618,0.20446219119820183,0.20228026090062043,0.992265222655132,0.9838163326680653,0.9892231628109348,0.9858723664072974
Alternaria_094.jpg,Alternaria,183.3426164215686,302.559969242599,165.77861519607848,284.1139869281046,0.5523213597746467,0.45119081910656433,0.5669030668704153,0.4617225858272783,4.731678921568627,6.783729334871203,4.529105392156863,6.643567858515956,5.7133116531260395,5.997700986003261,5.660372141492125,5.9707706408154575,0.062051885326932565,0.059136042935014045,0.06140757958552602,0.05928617547357427,0.24910215841484104,0.24317903473575606,0.24780552775417666,0.24348752632029072,0.9871512659090597,0.9787694839466677,0.988378767855595,0.980063831393317
Alternaria_095.jpg,Alternaria,181.66200980392156,280.53985390234516,149.4143995098039,261.30223760092275,0.5392441387213076,0.4548660788099871,0.5555408444098268,0.45534160094246295,5.110692401960784,7.030957324106112,4.590533088235294,6.699331026528259,5.707869155629517,5.949528378189367,5.629816577431809,5.92591608290642,0.08996795173243162,0.08711249028668913,0.08995961319433182,0.08769699135325028,0.2999465814648195,0.29514825136986517,0.2999326811041635,0.29613677811654915,0.9875095418893847,0.9807023973331408,0.989726501333886,0.9820257026335407
Alternaria_097.jpg,Alternaria,225.21398590686277,376.43873894655906,225.7923100490196,391.2254209919262,0.5268033605330751,0.43015512527801436,0.5320304953731743,0.4358652579050779,5.230560661764706,7.516970396001538,5.229748774509805,7.535886197616302,5.93384680817104,6.2314293967820245,5.922235819423967,6.208641079244378,0.067948565455594,0.06503127306934414,0.0672215305608495,0.06530094535254753,0.26066945631506966,0.2550122998393296,0.2592711525813265,0.2555404965021152,0.9842829282262349,0.9737019941079663,0.9842306764442849,0.9726689966735341
Alternaria_099.jpg,Alternaria,86.06882659313726,243.86157631680123,177.14990808823532,219.10565167243368,0.5322602962830605,0.41289481976754416,0.516915499635303,0.4141402346293227,3.8652420343137255,6.517324106113034,4.99077818627451,6.438831218762015,5.970048508052523,6.352970153021511,6.077030813874957,6.3406002012654135,0.042720103427017264,0.03992563130053343,0.04127222409481181,0.039919087222981244,0.20668842112469016,0.1998139917536643,0.20315566468797222,0.1997976156588993,0.9938362013985984,0.9825011433889149,0.9872952786724233,0.9842775625450998
Alternaria_100.jpg,Alternaria,212.3994485294118,342.78143790849674,206.83733149509803,362.5280584390619,0.47989273427877166,0.38846700589247923,0.48449933869060724,0.38216023416694495,5.8538602941176485,8.24884275278739,5.985094975490196,8.502314494425221,6.368805498843031,6.645970447067266,6.359235840862928,6.680357132207039,0.05837739046148868,0.05652324523691166,0.0580772009779517,0.05614375105780301,0.24161413547532495,0.2377461781751952,0.2409921180826288,0.23694672620191023,0.9851571273454861,0.9760267063566206,0.9855526665879945,0.9746456761137577
Alternaria_104.jpg,Alternaria,65.53630514705883,97.69337946943483,78.83397671568628,143.3287504805844,0.5783957655889133,0.49472109706857026,0.5985718557111617,0.4814439352063087,2.8499080882352943,3.9758861976163016,2.8331801470588243,4.120968858131488,5.882856039612285,6.136799714915401,5.839085804690681,6.154589043466441,0.0700737539817168,0.06748600516082229,0.07014629336147758,0.0673681170448594,0.26471447633576217,0.2597806866586165,0.26485145527536297,0.25955368817425695,0.9954517314896202,0.9932138149944222,0.9945288631539512,0.9900437939329978
Alternaria_107.jpg,Alternaria,66.20828737745097,181.8400153787005,164.4829350490196,212.0973317954633,0.5904640724815184,0.5110078567593737,0.6383503208146536,0.49714866986390327,2.74609375,4.15604767397155,3.1618872549019605,4.56487504805844,5.884868370644723,6.1031265122183225,5.778752238269881,6.1737411704528835,0.05100151499066616,0.04845094323139843,0.049985798473130824,0.048138946352074385,0.22583515003352814,0.22011574962141722,0.22357503991530633,0.21940589406867442,0.9953141775978633,0.987109796942912,0.9883782566786341,0.9849649282694114
Alternaria_108.jpg,Alternaria,157.9892769607843,270.54169934640527,168.85119485294118,277.76544405997697,0.6045046262977292,0.5172027829525092,0.6205273752579596,0.5078314377190604,4.291636029411765,6.14637447135717,4.125980392156863,6.132779700115341,5.161302561199113,5.417343979239915,5.112689613616824,5.422671511569541,0.08640974960708472,0.08299250212964845,0.08650617130899922,0.08320621699192676,0.29395535308458787,0.2880841927799032,0.29411931474998243,0.2884548786065626,0.9891587117821031,0.9814241523252782,0.9884133625740221,0.9809281578750159
Alternaria_113.jpg,Alternaria,203.0030790441177,288.82991157247216,169.20704656862745,314.560522875817,0.4157402828860111,0.3134282829678462,0.43391496663912593,0.31915142609853264,7.103232230392158,9.250826605151865,6.3117953431372555,9.379807766243754,6.877069229168052,7.138420319192616,6.767986718590619,7.142859485675019,0.023419447579506685,0.022460546552866646,0.02377982626874279,0.022531140641645388,0.15303413860804616,0.14986843080804793,0.15420708890561027,0.15010376624737098,0.9849861115742802,0.9786020793113869,0.987488365439048,0.9766957396947339
Alternaria_114.jpg,Alternaria,121.2842524509804,164.77431757016535,110.09280024509803,231.47967704728953,0.44519454681138126,0.3641348203644012,0.5019689228802118,0.35180671834144384,5.186672794117647,6.627697039600154,4.500183823529412,7.230788158400615,6.851534413108084,7.065824305388093,6.661667797064784,7.10957663488191,0.02071043173655415,0.019817784689619714,0.020633173102555205,0.019848838548921156,0.14391119392373253,0.14077565375312492,0.14364251843571668,0.1408859061401145,0.9908613321019916,0.9875561926125426,0.9917181516756302,0.9825185307010244
Alternaria_115.jpg,Alternaria,74.34436274509804,107.27741637831603,73.47294730392159,142.01014994232986,0.5270020582134949,0.42978226960375543,0.520582547792598,0.4226572467182479,3.869852941176471,5.380484429065745,3.9307598039215694,5.732502883506344,5.85967838434027,6.136356641278087,5.873191557570339,6.165465079741412,0.07167709802307107,0.06915742642384169,0.07169846091440943,0.06875919624561044,0.2677257888644108,0.2629779960830215,0.2677656828542624,0.2622197480084413,0.9948545446273447,0.9925687075258315,0.9949148562514957,0.9901627109027273
Alternaria_116.jpg,Alternaria,139.37303921568628,231.33237985390235,131.29420955882352,229.87800076893507,0.5262004582126826,0.43951084693766973,0.5682226966196724,0.4426972249325795,5.3769607843137255,7.358523644752019,4.739307598039216,7.260515186466744,5.657664934641162,5.8828317286504195,5.49506662431662,5.863980276124195,0.07100896897658802,0.06954289706987268,0.0729521155146533,0.0696294086162407,0.26647508134268016,0.26370987290936354,0.27009649296992605,0.26387384981509765,0.9904282189770217,0.9841074695343277,0.9909883786396751,0.9842073759864812
Alternaria_118.jpg,Alternaria,118.58606004901961,177.95833910034605,110.76551776960784,193.87830834294505,0.5558376927499702,0.45372430035856137,0.5568319540034867,0.4493686049715804,3.704564950980392,5.205951557093426,3.575107230392157,5.169780853517878,5.865112085109876,6.146516401980739,5.836342480987205,6.144469529585502,0.056718629149921304,0.05439247064499637,0.0567661993781313,0.0544852391525396,0.23815673232122014,0.2332219343136412,0.23825658307407016,0.23342073419587128,0.991700189157534,0.9875318020443986,0.9922513341478267,0.9864164099309003
Alternaria_119.jpg,Alternaria,108.74568014705883,238.93439446366784,180.5538756127451,263.26559015763166,0.4841977293768251,0.37072655326618403,0.46409280659299096,0.3601235453029006,4.855422794117647,7.546589773164168,5.912699142156862,7.981530180699732,6.244918286383166,6.59226525371516,6.355865552384184,6.644566807313462,0.03675902886190858,0.034677481541198846,0.035437315251908824,0.03429931840901698,0.1917264427821801,0.18621890758244408,0.18824801526685167,0.18520075164268904,0.9921933037033569,0.9828130523239443,0.9870393455235233,0.9810628690226803
Alternaria_120.jpg,Alternaria,101.72575061274512,223.7885582468282,129.5203737745098,158.84427527873896,0.6307013839882699,0.5335252496283946,0.6319102508756361,0.5403591234676373,3.557245710784314,5.60721261053441,3.906832107843137,5.1456978085351786,5.0234801498946435,5.31503943953,5.045973574908839,5.282424868162318,0.11539422386841149,0.11154008485483283,0.11439373187952798,0.11212392193520931,0.3396972532541461,0.3339761740825726,0.3382214243354906,0.33484910323190253,0.9931106576711403,0.9848445076432887,0.9912277975393672,0.9892426886398763
Alternaria_121.jpg,Alternaria,306.8624080882354,521.1724413687044,328.3680147058824,541.1504498269896,0.5253255239743057,0.44047041278295374,0.5252193069292278,0.43268346611641606,7.387040441176472,10.685428681276433,7.764154411764705,10.647381776239907,5.654839574503626,5.929503803817074,5.673421910345276,5.934878669545227,0.09776865242353452,0.09466349892634382,0.09769459420467788,0.0948025748828453,0.3126797921573035,0.3076743390767969,0.3125613447064078,0.3079002677537733,0.9789823336279034,0.9642933833948525,0.9775093683734261,0.9629246481511373
Alternaria_122.jpg,Alternaria,106.98420649509804,171.9393310265283,141.74252450980393,249.91838523644753,0.6033444596478168,0.520370336454743,0.6163327129606166,0.48586542321310744,3.595297181372549,4.939869281045752,3.753462009803921,5.807074202229912,5.4961995221533275,5.699378656041042,5.469180119398966,5.826936109678341,0.057125789960592074,0.054331780770445696,0.05638296254182585,0.053678221120111586,0.23901002062798973,0.23309178614967474,0.23745096871107063,0.23168560835777346,0.992508644663039,0.9879425228078001,0.9900703397927463,0.9824741365927789
Alternaria_123.jpg,Alternaria,113.15623468137255,156.9934640522876,77.9758425245098,174.9847750865052,0.5055564979382803,0.40230319171065776,0.5245654336242611,0.40487629527305236,5.033716299019607,6.661407151095733,4.253998161764706,6.79681660899654,5.9394387779780935,6.184100909569757,5.8296747748088995,6.194454013774461,0.032783423705726164,0.03126542422021164,0.03305858994850238,0.03141658354275062,0.18106193334250623,0.1768203161975785,0.1818202132561239,0.17724723846297472,0.9918163461194511,0.9886278537192345,0.9943639359723305,0.9873246128842584
Alternaria_124.jpg,Alternaria,78.06770833333333,116.98139177239524,36.76236213235294,90.99612456747406,0.539217790818509,0.4348844793281816,0.5479556198454295,0.4416026869490537,2.9109375,4.173763936947328,2.5457261029411766,3.792095347943099,6.319437186207212,6.62245088834155,6.279258111957619,6.5746155078011865,0.039125975975849145,0.037691616967478116,0.03949817943463,0.03804457416712379,0.19780287150557027,0.1941432897822588,0.19874148896148988,0.195050183714663,0.994410780369485,0.9916151424553222,0.9973680361207182,0.9934776845269501
Alternaria_125.jpg,Alternaria,196.68843443627452,233.5040369088812,143.45304840686276,335.0473510188389,0.5484995604158072,0.4504932592897306,0.542937829623592,0.4412483597655442,5.340180759803921,7.079892349096502,4.996430759803921,7.75849288735102,5.335555981987666,5.571689526178448,5.323652929176761,5.624168600720805,0.06217294906387416,0.06041524241482255,0.062355933330554975,0.06007715448513652,0.2493450401830246,0.24579512284588267,0.2497117004278233,0.24510641461442115,0.9864055368173832,0.9838623072669257,0.9900896975817192,0.9768445493561965
Alternaria_126.jpg,Alternaria,150.18376225490198,195.0737254901961,101.65485600490194,216.40013840830454,0.5742746606493903,0.47331546311929373,0.5810710588673988,0.4787216243250868,4.569240196078432,6.202860438292964,4.058256740196079,6.214825067281815,5.278227553286677,5.5367554553766,5.2281916092426926,5.527049528528673,0.08426976034889679,0.0816093853235107,0.08505315960301478,0.08173491347855001,0.2902925427028686,0.28567356427137375,0.291638748459485,0.28589318543566233,0.989737283156843,0.9866638412113973,0.9930545297926101,0.9852058671641365
Alternaria_128.jpg,Alternaria,376.3686887254902,630.5402845059593,387.891881127451,585.2974702037678,0.5081843129881825,0.4004722839149288,0.5065485353550563,0.39992031131539807,8.373805147058825,11.86002306805075,8.335753676470588,11.666251441753172,5.548880200946366,5.844425847650406,5.544152112476793,5.849269370565409,0.049950410988824905,0.04682998763820913,0.04932279663789919,0.046962132832416945,0.22349588584317365,0.21640237438209667,0.22208736262538484,0.2167074821791277,0.9738282403868329,0.9560789419224175,0.973013971410003,0.9592303857292425
Alternaria_130.jpg,Alternaria,229.57333026960782,338.563598615917,271.64483762254906,422.08064590542097,0.5463679080597285,0.43835616898887064,0.5386815990273314,0.4337437951685582,5.948483455882353,8.347743175701654,6.548452818627451,8.994940407535562,5.540622654321027,5.82468473413428,5.597402047269071,5.875619904342479,0.048928238847813936,0.04636835878194897,0.04784774528013564,0.0457744961605723,0.221197284901542,0.21533313442651822,0.218741274752013,0.21394975148518472,0.9838796678332904,0.9761945794640846,0.9809448207817681,0.9703222457555222
Alternaria_131.jpg,Alternaria,282.93391544117645,461.7659976931949,262.25389093137255,410.9076816608998,0.5629032173204165,0.46732797076663724,0.5758707263984912,0.4696580680789736,6.6890625,9.327612456747405,6.158149509803922,9.057439446366786,5.046845308905889,5.292345614098978,4.984585975867181,5.294973167822847,0.0846503247558406,0.08150390186485222,0.08523512344917666,0.08183806074645827,0.2909472886208782,0.2854888822088388,0.2919505496641112,0.28607352332304065,0.9808322847680143,0.9686984916990837,0.98223391699465,0.9721459997646587
Alternaria_132.jpg,Alternaria,102.56655943627453,145.4698500576701,39.065379901960796,105.83967704728951,0.5813970163678635,0.5067151900204344,0.6544641542508816,0.5041420490762577,3.282215073529412,4.317616301422529,2.29375,3.999892349096502,5.599220537185401,5.803029602938773,5.381979852690749,5.786204755676657,0.06722722635412165,0.06584951205440903,0.06930612096966166,0.06589282784059185,0.2592821365889321,0.25661159766154185,0.2632605571855793,0.25669598329656784,0.9929434234834021,0.9899969100978504,0.997316297447135,0.9927220425299823
Alternaria_133.jpg,Alternaria,84.71746323529413,115.53385620915034,61.05010723039216,132.10203767781618,0.5508080968638609,0.45594154501611717,0.5525405637156591,0.4610733642424151,3.8297181372549027,5.241691657054979,3.5609221813725487,5.202968089196462,5.856569683770323,6.1125557589766295,5.817768178732751,6.100249680876894,0.08918952856830159,0.08686422993197097,0.08987144144623613,0.08709914753456692,0.2986461594735509,0.2947273823925612,0.2997856591737439,0.29512564702947613,0.9941974046101816,0.9920852798206291,0.9958195000870187,0.9909502660289303
Alternaria_134.jpg,Alternaria,105.21467524509804,190.882122260669,128.00876225490197,182.8096885813149,0.6394598686076898,0.556596715304162,0.642788785110023,0.5566210791016908,3.5010110294117647,4.965597846981931,3.5644607843137255,5.0559938485198,4.600964110456524,4.8177191645213675,4.584389678436267,4.831899329653353,0.17313985529059586,0.17010694452389516,0.17332760316232038,0.16935996834388223,0.416100775402541,0.4124402314565047,0.41632631812356086,0.4115336782620375,0.9927277376060041,0.9868178665547109,0.9911522484322672,0.9873753409621058
Alternaria_135.jpg,Alternaria,108.2408088235294,187.00229142637448,146.5738051470588,233.97963860053827,0.569666433494892,0.4725578837472943,0.5754624021229343,0.4763572912212912,4.038112745098039,5.911018838908113,4.298897058823529,5.915755478662053,5.356028446193552,5.640669251132287,5.365984399942915,5.622692989512576,0.08953948587419802,0.08627483854507798,0.08950581856756566,0.08665736341019281,0.2992314921163847,0.29372578801507704,0.29917523053816747,0.2943762276580648,0.9926165050075374,0.9872381851432938,0.9900016734160411,0.9840322554056258
Alternaria_136.jpg,Alternaria,182.13805147058824,278.4428758169935,146.4153799019608,271.23752402921957,0.546115535871794,0.4425939506420531,0.5418561761311902,0.4486972226257045,4.806035539215687,6.656332179930796,4.310814950980392,6.372595155709343,5.848563218030791,6.126532104665317,5.808277611121638,6.101495016833926,0.07128673068013205,0.06872673483019943,0.07173340336536732,0.06894189177823391,0.26699575030350586,0.26215784335052694,0.2678309230939686,0.2625678803247532,0.9874037056625692,0.9807275421078206,0.9898749056874636,0.9812262614179154
Alternaria_138.jpg,Alternaria,176.57477022058822,291.80021530180704,186.5265625,293.00246059207996,0.6202523956369494,0.5119792051743745,0.6021510812855133,0.5156224145579805,4.343183210784314,6.476601307189543,4.602450980392156,6.24961168781238,5.027153962033692,5.326089678309652,5.072770751751689,5.301354844580023,0.09170209286992984,0.08803032306061563,0.09104971915380354,0.0884335350863928,0.30282353420751473,0.29669904458999463,0.3017444600217269,0.29737776494955503,0.9879550996346483,0.9800857218348459,0.9872758607696994,0.9800036730703906
Alternaria_139.jpg,Alternaria,241.0249540441177,392.521445597847,197.29034926470587,354.3915878508266,0.5743820829884609,0.48783664351764505,0.5780090409344809,0.4793368071201604,5.823330269607844,8.17194925028835,5.548223039215686,8.286705113417916,5.006904473397377,5.2500796535820236,4.987441821832242,5.284913334113412,0.1050742522829636,0.10193968291555563,0.10457884263827316,0.10147106452565119,0.3241515884319613,0.31927994443051955,0.3233865220417715,0.31854523152238706,0.9836546405106991,0.9733757108571747,0.9866192622562524,0.9759620163164476
Alternaria_140.jpg,Alternaria,168.2525275735294,270.1660130718955,153.31976102941178,284.09702422145324,0.5337143606530248,0.4438397695832607,0.5307029133404785,0.4336401759535,4.244898897058824,6.1906805074971185,4.363970588235294,6.092933487120337,6.003408779623154,6.285154362598224,6.019922920819165,6.292918880203587,0.07329227328712967,0.07080145763592242,0.07303814610441296,0.0709342700091246,0.27072545740496895,0.26608543296453196,0.2702557050358289,0.266334883199938,0.9883459528954864,0.9812676277182135,0.9893777645720626,0.9803016998276249
Alternaria_141.jpg,Alternaria,169.4779718137255,297.95078815840066,159.975949754902,257.03981545559407,0.6201690624597574,0.5365899514730915,0.6141658993134839,0.5335781755126343,4.321507352941176,6.333687043444829,4.5210477941176475,6.309665513264129,4.822391325586842,5.06864591077723,4.856059899875808,5.090352214658621,0.15741479858257643,0.15417536466396203,0.15696851343890425,0.15377419769198292,0.39675533844244165,0.3926517091061263,0.39619252067511856,0.39214053308983876,0.9883586258551008,0.9795474531089505,0.9890109136948231,0.9823557477026125
Alternaria_143.jpg,Alternaria,154.86945465686279,282.11395617070366,148.13146446078434,241.70402153018074,0.6152879629164545,0.5251477600623371,0.607338199778622,0.5228616994385874,4.069178921568628,6.189957708573625,4.42233455882353,6.135148019992311,4.896228616523839,5.166910240005496,4.944835956499927,5.184194331029315,0.13672235438292968,0.13351688714052998,0.13671663453697203,0.13314758393726958,0.36975986042691233,0.3653996266288869,0.3697521258045341,0.36489393518839086,0.9894320691319013,0.9807566407658919,0.9898918538889397,0.9835130548741109
Alternaria_144.jpg,Alternaria,174.96104473039216,304.7349019607843,234.7588848039216,379.7022222222223,0.570535637828615,0.45873492552036366,0.5464548629240586,0.4544286428504703,4.9907015931372545,7.836939638600539,6.1663909313725505,8.232572087658593,5.1329018001666284,5.473395603669013,5.260883041985316,5.492171727676267,0.07292533936110063,0.06949384191245758,0.07191555517446717,0.06936457876122233,0.2700469206658366,0.2636168467918118,0.26817075749318225,0.263371560274116,0.9880546552108956,0.9791752996684528,0.9839752406063779,0.974052250194768
Alternaria_147.jpg,Alternaria,117.03702512254904,215.30259131103423,137.94270833333331,197.22594386774318,0.5934922997727753,0.494063805467066,0.5995660351430184,0.49146146878613384,4.51389399509804,6.763537101114956,4.707077205882352,6.628512110726644,4.813239485583251,5.090617143740856,4.828778614927834,5.083626739446606,0.09808621803644485,0.09448640216306954,0.09767788720928401,0.09469194922663791,0.31318719328293876,0.3073864052996969,0.31253461761744733,0.30772057004145487,0.992145845229744,0.985547070885002,0.9907422371296417,0.9867605281989331
Alternaria_148.jpg,Alternaria,140.98682598039218,211.70085351787776,119.57696078431373,218.99438677431763,0.6801409735927914,0.6029308415375294,0.6844765857097379,0.5994604714606221,3.3764093137254907,4.586728181468666,3.1307598039215687,4.759707804690505,4.418675234018397,4.634054803157477,4.403724969146347,4.6385517919721115,0.1641590175606663,0.16080329663523668,0.1645265806110856,0.16061613873704578,0.40516541999616196,0.4010028636247336,0.4056187626467563,0.4007694333866366,0.9903334262571062,0.9854956968724945,0.9918013651180898,0.984995993562545
Alternaria_151.jpg,Alternaria,75.42898284313728,191.521107266436,117.6470281862745,129.1518954248366,0.5825663897510153,0.4695782425155478,0.5766812059434082,0.4686033168898812,3.563725490196079,5.629465590157632,4.0458026960784315,5.447689350249904,5.198251079488398,5.500401074170719,5.246404652373215,5.5188378743083595,0.059223239991079174,0.05593741572497256,0.058119727064673145,0.05602071506818497,0.24335825441328093,0.2365109209422951,0.24108033321835512,0.23668695584713784,0.9948147389177223,0.9868171326996277,0.991906790321901,0.99111015844009
Alternaria_152.jpg,Alternaria,196.1163143382353,335.71969242598993,197.52959558823534,319.30363706266826,0.5404912758389214,0.44188986701436944,0.5306488186939914,0.4512017267146615,5.153814338235295,7.719538638985005,5.532598039215688,7.458223760092272,5.505741727646372,5.811253533592682,5.5622984996453315,5.778939527340677,0.09823238855323073,0.09481968136645161,0.09724488208129838,0.09515720298628229,0.3134204660727036,0.3079280457614272,0.3118411167266087,0.3084756116555769,0.9865612248312081,0.9769882810191737,0.9864630745535738,0.9781135103736526
Alternaria_154.jpg,Alternaria,154.34359681372547,384.69453287197234,316.53949142156864,411.37448673587085,0.5305883338310989,0.3968966736245002,0.4978523477019001,0.3922265161480817,5.387285539215687,8.905836216839678,6.97389705882353,9.110988081507113,5.694503435537488,6.0877897356644155,5.854769481658549,6.101185747163076,0.027036248969371766,0.023912089529934143,0.025075510062423416,0.023680214438565838,0.16442703235591088,0.15463534372818571,0.15835248675793953,0.15388376924993044,0.9886512389247313,0.9716253850830493,0.9766681969837572,0.9696575031606356
Alternaria_156.jpg,Alternaria,262.28523284313724,492.1388389081122,337.84099264705884,480.63790849673205,0.5255013745071494,0.4230140798806273,0.5125196782549792,0.4235319885311946,7.069454656862746,10.240830449826987,7.595404411764705,10.201030372933488,5.686602667593695,5.995531300701716,5.731724906262672,5.996157844217215,0.08649133760715529,0.08333222395018265,0.08574304811682257,0.0831902139197342,0.29409409651870827,0.28867321308043575,0.2928191389182452,0.2884271379737597,0.9821136485509347,0.9664214878320903,0.9769604442411903,0.9672061934907978
Alternaria_157.jpg,Alternaria,191.80386029411764,206.18985005767013,120.52008272058823,326.37254901960785,0.6172004837279574,0.5582215625645127,0.6564063804191205,0.554124579942233,4.366023284313726,5.354479046520569,3.439169730392157,5.99924644367551,4.761178992858523,4.913705846501558,4.6260255679468285,4.95022126410353,0.17349722058898623,0.17135864196791792,0.17486095259804676,0.17063202550818526,0.41652997561878574,0.4139548791449594,0.41816378680852645,0.4130762950208899,0.9866967021819016,0.9857157853555795,0.9916435352225171,0.9773898882852926
Alternaria_158.jpg,Alternaria,86.32274816176474,239.762306805075,230.48175551470587,291.86266820453676,0.5993950663939281,0.472537843713636,0.5692001564149131,0.4683870890831312,3.0323069852941185,5.224944252210689,4.325260416666667,5.5218762014609775,5.638492380951234,6.005147130787787,5.775566446803984,6.025714489693971,0.03637189631185272,0.033886136302528194,0.03533426545116362,0.03367524483012403,0.19071417438631225,0.18408187391084488,0.18797410845955254,0.18350816011862806,0.9937718344559962,0.9826639670789571,0.9833501413097127,0.9788968462481019
Alternaria_159.jpg,Alternaria,87.35510110294118,189.35697039600151,142.86363357843138,205.55715494040754,0.5904549102553283,0.4291617955831827,0.5174499867799507,0.44219666656339346,4.186657475490196,7.273341022683583,5.748621323529411,7.3240138408304505,5.243154365853243,5.678249639871609,5.497236002018528,5.661630107049399,0.03984491520595293,0.036172657811645206,0.037737553826390394,0.03644981297673198,0.19961191148314003,0.19019110865559727,0.194261560341696,0.19091834112188377,0.9939526854143321,0.9868666732135969,0.990092892335886,0.9857430592514563
Alternaria_160.jpg,Alternaria,277.28262867647067,401.963813917724,173.8739736519608,362.0388312187621,0.4908235829280778,0.4030029099742204,0.5161049753913625,0.4068238140990845,6.941299019607845,9.152495194156096,5.748728553921569,8.93045751633987,5.991472523394984,6.232047383137948,5.864714881228833,6.211582719974907,0.06599979903687887,0.06426393634128535,0.06762973971662042,0.06464930422614196,0.25690426044906084,0.2535033260951133,0.2600571854739269,0.2542622744847178,0.9808857479103169,0.9723007794503594,0.9880307114002035,0.9750519994928816
Alternaria_161.jpg,Alternaria,125.37294730392156,179.35815455594005,119.28826593137255,216.40559784698195,0.5323887623262611,0.4484679489611412,0.5419636293855828,0.44826049958494774,4.99954044117647,6.64882737408689,4.8652267156862745,6.88716647443291,5.920809521830984,6.167583819054336,5.891827621897263,6.178080071766678,0.09873608734001796,0.09642784419856851,0.09929988451895003,0.09590467180502103,0.3142229898336816,0.3105283307503013,0.3151188418977038,0.3096847942747933,0.9914036839477115,0.9877002693261389,0.991821501179568,0.9851596902498031
Alternaria_162.jpg,Alternaria,132.65326286764707,306.2638369857747,297.7001378676471,416.484275278739,0.5601149377604608,0.4247434822831416,0.5116768425862867,0.4129519554948663,4.698085171568627,7.793217993079585,6.439169730392157,8.4960553633218,5.476346435156845,5.861026280606685,5.672496835411633,5.903062470422471,0.03657793466699257,0.033902581638003075,0.034728590434718626,0.03337375785287089,0.19125358733104217,0.18412653702821621,0.18635608504880818,0.18268485939691578,0.9904092443201621,0.9778054129999717,0.9784536344641953,0.9698178649729154
Alternaria_163.jpg,Alternaria,89.88668811274509,160.13860822760478,100.06580882352941,150.7208765859285,0.6266223656607061,0.5375874430255854,0.6373394302555645,0.5416933447405459,3.5267922794117648,4.998738946559016,3.395343137254902,5.007320261437909,4.8859596330505966,5.127997900842814,4.85087126751952,5.12477197509955,0.1163696719664237,0.11305190938155422,0.11642817513752975,0.11299229099031943,0.34112999276877387,0.3362319279627594,0.3412157310815692,0.3361432596235115,0.993919324630305,0.9891675665114658,0.9932307025684867,0.9898046205782547
Alternaria_164.jpg,Alternaria,304.2575367647059,415.7070357554787,262.4169117647059,506.0257747020377,0.6332808165205297,0.5578817582766167,0.6461179348723899,0.5474026436952806,6.277512254901961,8.35610918877355,5.718137254901961,8.960615148019993,4.374341070385855,4.562267161734997,4.320976596165661,4.606542953878923,0.1498938918709526,0.14713020647871364,0.15088044503522538,0.14635819323032678,0.3871613253812325,0.3835755551110024,0.3884333212215777,0.3825678936219384,0.9795118523154445,0.9720126348202126,0.9823236587096077,0.965931949837623
anthracnose_001.png,Anthracnose,730.7270526960784,1122.7681045751635,716.7939950980392,1135.8625759323336,0.5282654165788865,0.44954672158010334,0.5251701045131105,0.4507762730787062,9.91280637254902,13.835078815840063,9.840134803921568,13.682614379084967,5.469420020795713,5.728533148579682,5.471347055282754,5.708883763062364,0.1448785355805159,0.14108980945281605,0.14452725455560217,0.1413361440702205,0.380629131282034,0.37561923466832214,0.38016740333121957,0.3759469963574925,0.9499115505759944,0.9230779999261601,0.9508666065688529,0.9221808841970985
Anthracnose_002.jpg,Anthracnose,467.0376225490197,669.3278585159553,337.4864430147059,700.5627220299884,0.5695435136913025,0.5071417749544896,0.5750462272754333,0.5069729155512893,9.38777573529412,12.14231449442522,8.164721200980393,12.386574394463665,5.468194421742437,5.664237261244708,5.41051006340056,5.671950945975416,0.20870071452198383,0.20710887756328292,0.2085120086493928,0.2073602608407348,0.4568377332510788,0.4550921638122139,0.45663115164144547,0.45536826947069425,0.9667812501257822,0.952421932748965,0.9759684456760096,0.9502018795638353
Anthracnose_003.jpg,Anthracnose,930.0817861519608,1782.695547866205,1123.9076133578433,1648.156339869281,0.3903649080614004,0.29638580680327714,0.38703444787090846,0.2977200696455553,16.62063419117647,24.524659746251437,17.98420649509804,23.806597462514418,6.664500797849749,7.002182073580069,6.701948363720097,6.982058209869759,0.057257670952878696,0.05526718866150464,0.057747915606001905,0.05535543295757216,0.23928575167125746,0.23508974597269153,0.2403079599305897,0.2352773532611504,0.9349949415302984,0.8751994483282535,0.9214228846233482,0.8846180882073925
Anthracnose_006.jpg,Anthracnose,422.67775735294117,606.7531718569779,273.77498468137253,597.8085505574778,0.3227639715935245,0.22376032228379214,0.32802975856219296,0.22097306338242884,11.905912990196079,15.589896193771622,9.988465073529412,15.119369473279505,7.9088696207963896,8.211832589078565,7.797976270544545,8.20389564236131,0.01751591208346849,0.016902009918108866,0.017771365566466326,0.016683985826880823,0.13234769391065523,0.13000773022443268,0.13330928537227377,0.12916650427599574,0.9679679494606946,0.9538484148237587,0.9792135564380979,0.9545287713030002
Anthracnose_008.jpg,Anthracnose,534.832506127451,775.9200922722031,341.4123468137255,738.7197539407921,0.5556932848213941,0.49386792018212256,0.5665838452646951,0.4938460745147716,10.109987745098039,13.159184928873513,8.27218137254902,12.866005382545177,5.62187887617656,5.826454938819793,5.512588900373984,5.815154852387349,0.19510462601429585,0.19366190077722747,0.19815687508823226,0.19350036576888102,0.44170649306331894,0.44007033617051206,0.44514814959542653,0.439886764712103,0.96218595275629,0.9451738730661974,0.9758490778925105,0.9478024304288065
Anthracnose_009.jpg,Anthracnose,402.99810049019607,587.3750557477895,300.28916973039213,621.7676124567474,0.6494856773896436,0.5985968720890041,0.6559187226775333,0.5985070033019628,8.053768382352942,10.327735486351406,6.716590073529411,10.60732026143791,4.588554846998419,4.748462381520942,4.515797899070547,4.759383120774855,0.3128915371247687,0.3111392628245636,0.3153680638155997,0.3112928499833189,0.559367086200796,0.557798586251851,0.5615764095967705,0.5579362418622033,0.9685924506929944,0.9543168857072828,0.9765985076544451,0.9516420034773014
Anthracnose_010.jpg,Anthracnose,357.06980698529424,545.1155401768551,297.27486213235295,585.922552864283,0.35695410273550354,0.25630340394834084,0.3642042058003811,0.25318458359182106,9.191069240196079,12.466528258362167,8.78874080882353,12.861853133410229,7.711075740657389,8.035659198384252,7.672299326531775,8.054533162374156,0.018862983677213997,0.01822205028350229,0.019470996145375275,0.018166470560150392,0.13734257780169265,0.13498907468199894,0.13953851133423803,0.13478304997346807,0.9731006134491802,0.9588902119858744,0.9776407675233416,0.9558127586435509
anthracnose_011.png,Anthracnose,1066.719362745098,1525.0273433294888,731.0330729166667,1415.148066128412,0.5217087019573113,0.4527663448238135,0.5298995942245327,0.45402772340329217,14.026286764705883,18.48991926182238,11.872870710784312,17.841645520953474,5.59668273918645,5.815536867056775,5.51545663235944,5.79913752039733,0.16561271482685444,0.1638483342032262,0.16845187165562073,0.1640992202301158,0.4069554211788491,0.40478183531777484,0.4104288874526508,0.40509161955058487,0.9258982685552906,0.894190061329073,0.9492398276818865,0.9018137407553505
Anthracnose_013.jpg,Anthracnose,1136.2951593137254,1804.394248366013,1111.766544117647,1657.5900653594772,0.39022623757685904,0.303055778471367,0.39016490639209833,0.3031420151705996,18.6077818627451,24.894948096885816,18.212254901960783,23.991726259131102,7.267904692168546,7.576478512977675,7.252353442797958,7.556588456076998,0.0648230771274119,0.06216980196153818,0.06466761288758378,0.06227800025453789,0.2546037649513689,0.2493387293653719,0.25429827543179245,0.24955560553619685,0.9209491389933172,0.8743386909541546,0.9226555689949398,0.8845624022227493
anthracnose_014.png,Anthracnose,404.53391544117653,672.8716955017302,504.6483762254902,714.1877431757016,0.5605688772889684,0.47851223133964743,0.5566581057817519,0.4803157880665352,6.148866421568627,9.068266051518645,6.825091911764707,9.226020761245675,5.39359404559076,5.6600218075681585,5.426166125594182,5.659154246788736,0.1463989182721189,0.14259041882125903,0.1452177816975442,0.14260294480533542,0.38262111582101543,0.3776114654261163,0.38107450937781734,0.37762805087193324,0.9723060164059137,0.9539606308275925,0.9654565794261859,0.9511336954930808
anthracnose_015.png,Anthracnose,762.5941482843136,1367.947128027682,1047.7363664215686,1401.9954479046519,0.5318228533535458,0.45844741353758844,0.5244325887167317,0.4576270445349971,11.616819852941177,16.99168012302961,13.470067401960785,17.16702806612841,5.578697558596728,5.851695067402069,5.648765012125188,5.857145883672603,0.16678476640876555,0.16246070501083426,0.16434283451958842,0.1624225525893465,0.40839290690310176,0.40306414503256704,0.4053921983950708,0.4030168142762117,0.9474398073440419,0.905791294715717,0.927757780306731,0.9034464320620414
anthracnose_017.png,Anthracnose,1398.2664522058826,1792.4505036524415,880.6819546568627,1824.261560938101,0.5063964317379942,0.4422263261682289,0.5176746482798428,0.442384697538413,17.640992647058827,21.73914648212226,14.218321078431373,21.920307574009996,5.958913583057565,6.161251247121937,5.8635957826198695,6.160641138385168,0.1661081013575008,0.16463453748085238,0.1689720405481816,0.16468458169978983,0.40756361633185656,0.40575181759402185,0.4110620884345595,0.40581348141700496,0.90281991825272,0.8755610444838385,0.9388106662975574,0.8733525959189125
anthracnose_020.png,Anthracnose,474.4484375,721.59292579777,382.23333333333346,673.1188312187619,0.7984901524516579,0.7683625264599244,0.8003775054738641,0.767289526352658,5.610723039215687,7.791987697039599,5.231127450980393,7.682091503267973,2.6685793793741164,2.7788384614075268,2.6614313601871777,2.783293820221272,0.5619511733298942,0.5591110756354468,0.5628930850617477,0.5589266376564419,0.7496340262620782,0.7477373038945208,0.7502620109413429,0.7476139629892167,0.9463378197785448,0.9186302560074482,0.9567677488241682,0.9240963914491226
anthracnose_021.png,Anthracnose,1125.8857843137257,1583.5895886197618,809.002680759804,1511.083475586313,0.47770291791277747,0.40539741602786855,0.4890283809733372,0.4072949679415225,15.632598039215686,20.183606305267205,13.190670955882352,19.75866205305652,6.0196957987178905,6.241096195056615,5.923449565452371,6.236017496109023,0.12838771011956795,0.12713858476636541,0.13094062086528466,0.12708566110600417,0.35831230807714093,0.3565649797251062,0.36185718296765185,0.3564907587946764,0.9229998344942324,0.8917838081514314,0.9446995467481206,0.8967385865198978
Anthracnose_023.jpg,Anthracnose,272.44471507352944,475.41341022683594,282.1840992647059,482.71057285659367,0.4070703485741256,0.31538028710849925,0.4081328766851044,0.31218610466958213,8.981755514705881,12.191295655517111,8.80045955882353,12.55121876201461,7.262847406738901,7.563064320271398,7.245167353875517,7.590677261784205,0.0560379800352854,0.05362965481735133,0.05596788593367035,0.05376079770578878,0.23672342519337922,0.23158077385083445,0.23657532824381824,0.2318637481491852,0.9808052561150732,0.9664605039684148,0.9801190265552775,0.9659457032669669
Anthracnose_025.jpg,Anthracnose,318.2856770833333,466.0479815455594,260.6904871323529,506.69905420991915,0.4053034281210083,0.3139492417492854,0.413459228074245,0.31211416700114836,9.574923406862744,12.422145328719726,8.713832720588234,12.84527489427143,7.1423606949218055,7.4216089156325715,7.081522972221582,7.441660530900149,0.051780632397432774,0.04955167682379281,0.05209599924289186,0.04941741456018821,0.22755358137685458,0.22260205934310853,0.22824548022445454,0.22230028016219008,0.9774000414947491,0.9668740722660291,0.9814970249658614,0.9639846605558392
Anthracnose_026.jpg,Anthracnose,237.7377144607843,292.8745251826221,82.66167279411765,295.57444059976933,0.5010259830778594,0.4346702786146492,0.5830840016042528,0.4348850017138792,6.186979166666666,7.571733948481354,3.636642156862745,7.241153402537487,6.095172156264782,6.270860865436863,5.735615581097405,6.236702700736129,0.06540435849680713,0.06421044648932087,0.06716527226795284,0.06442700590861976,0.2557427584445103,0.25339780285022373,0.2591626367128426,0.25382475432593204,0.9832749340238489,0.9793769017661644,0.9941833563169331,0.9791865831743339
Anthracnose_027.jpg,Anthracnose,132.58475796568626,361.1950634371396,265.6140625,374.8667589388697,0.4461387314678918,0.32722864195297396,0.41117586880029205,0.3281782996975028,5.8396292892156865,10.608735101883891,8.586397058823529,10.650503652441369,6.77300763813977,7.26732471320045,7.043063094457912,7.263892635258334,0.04782435879529507,0.045774510823846926,0.046579003544873064,0.04538511905263421,0.21868781126367118,0.21394978575321577,0.21582169386990055,0.2130378347914619,0.9906136803808916,0.9743920250071002,0.9811757847512554,0.9734227419215273
anthracnose_030.png,Anthracnose,1335.018474264706,1808.9527258746634,978.8876072303922,1855.7173856209151,0.34756638373700366,0.25585074300553584,0.35371678824855257,0.2562466163048625,19.844178921568627,24.74203767781622,16.83923100490196,24.99049596309112,7.92285990645274,8.218997348062185,7.8256830655837115,8.21948093522687,0.033877554442139135,0.03277993792054365,0.03443419260320549,0.033108436896405566,0.18405856253415415,0.18105230713952156,0.18556452409662114,0.1819572391975806,0.9034255650055901,0.8689916097579764,0.9292369426244472,0.8656048088173324
Anthracnose_033.jpg,Anthracnose,87.30200674019609,179.9628450595925,98.56720281862744,162.5502806612841,0.5306131650181805,0.44275346240416646,0.5333465110788793,0.4356657998403717,4.1959405637254905,6.127366397539408,4.344041053921568,6.328673587081891,6.329333812821471,6.623907752358569,6.332215531763035,6.649666575681498,0.0835971551562951,0.08128579275028192,0.08307013946146012,0.08096510516095524,0.2891317263053211,0.28510663399907393,0.28821890892420665,0.28454367882797055,0.9939647760560816,0.9875557271628507,0.9931862354877321,0.9887597907132754
Anthracnose_037.jpg,Anthracnose,109.14531250000002,226.29138023836984,140.1382199754902,205.77877739331026,0.5159292447339107,0.41822956137083045,0.510882759315785,0.4216226128103153,4.603033088235294,6.99504805843906,5.186259191176471,6.786728181468665,6.634129845773952,6.97856191950037,6.700294343921446,6.969442007804348,0.07184516833406922,0.06979228058412451,0.07143798335338272,0.069865899564551,0.2680394902510994,0.26418228665852017,0.2672788494314182,0.26432158361463975,0.992413882865615,0.9842657293088259,0.9902770053435241,0.9856919915261704
Anthracnose_042.jpg,Anthracnose,261.2344669117647,435.9613533256439,238.49649203431372,415.95175701653204,0.4083434540089047,0.3104263225112741,0.41089021840602213,0.31680318564775745,7.5814644607843125,10.890841983852363,7.777711397058823,10.491180315263358,7.1751673956402575,7.509698893367226,7.179036446593464,7.477105946245411,0.04325918594354483,0.04177235343044498,0.04417366048364811,0.04197388275677247,0.20798842742697207,0.20438285992334335,0.21017530892958886,0.2048752858613563,0.9813017697204653,0.9687603806059011,0.9829413442866769,0.9701942053432494
Anthracnose_044.jpg,Anthracnose,280.9226102941177,538.9252133794695,357.3644914215687,589.7915263360246,0.5158554895504299,0.4334402457090891,0.5128304154298703,0.43283114885262997,7.358609068627453,10.92951941560938,8.17904411764706,11.31773933102653,6.0061338652623615,6.302442314892674,6.043448893790739,6.322129268574136,0.12596644535380036,0.12336889029609019,0.1264200813501719,0.12323860237116384,0.3549175190854917,0.3512390785435046,0.35555601717615737,0.35105356054477477,0.9806352530526572,0.9628648931480408,0.9753695056031985,0.9593599059625985
Anthracnose_045.jpg,Anthracnose,251.62784926470593,491.39043444828906,295.8853707107843,480.50191464821216,0.4749332834612541,0.3882550088061798,0.4730462980405639,0.3898131491977979,7.890992647058825,11.77108804306036,8.457797181372548,11.553325643983083,6.411742717947106,6.736372551792337,6.439899056834324,6.7212812102730854,0.09348596334549066,0.0910917493212692,0.09390936042289925,0.0910192007598887,0.3057547437824811,0.3018140972871698,0.3064463418331164,0.3016938858510207,0.982676987661665,0.966169248220699,0.9796360560796847,0.9669188900223633
anthracnose_046.png,Anthracnose,689.9262101715686,1229.6979777008844,899.1358762254902,1166.0296347558628,0.5502914020069615,0.47300824253810503,0.5403324508154652,0.4733682301320996,10.108379289215687,15.236309111880047,11.837959558823531,14.853194925028834,5.41691683880469,5.713583068564999,5.506924585708153,5.703248555501274,0.17509884292737474,0.17077665435217668,0.1728824988295143,0.17079080453041967,0.41844813648452867,0.41325132105315365,0.415791412645228,0.4132684412466305,0.9520533296392711,0.9146161411968002,0.9374906947319885,0.9190369411841394
anthracnose_047.png,Anthracnose,866.7968290441177,1872.1973856209147,1401.2499387254902,1803.6973933102654,0.5289044085147626,0.4510070642535993,0.5160797777568922,0.4531813103891395,13.60828737745098,21.691303344867357,17.311427696078432,21.307850826605154,5.773679607004306,6.085891643521471,5.881213256176562,6.079346110267972,0.1762631159881041,0.17173294865887942,0.17337284227464347,0.1720766468283796,0.4198370112175725,0.41440674301811187,0.41638064589344626,0.41482122273140704,0.9393742957158455,0.8691699478817198,0.9022324215020677,0.8739567602301045
Anthracnose_048.jpg,Anthracnose,197.97999387254902,375.52593617839295,242.40321691176473,372.62415993848526,0.489389077831081,0.3989716640575881,0.48428893546275986,0.3982939966675496,6.02907475490196,9.163521722414457,6.96047794117647,9.041353325643984,6.511595846459287,6.851836785977278,6.591785508428478,6.840311248376851,0.08774709452944779,0.084917414161087,0.08705882704931699,0.08484708176445903,0.2962213606906966,0.29140592677755717,0.295057328411475,0.2912852240750619,0.9862850943899183,0.9739730057625818,0.9832065477793275,0.9741741223998055
Anthracnose_049.jpg,Anthracnose,171.89194240196082,414.9660130718954,253.234681372549,296.46391387927724,0.4517981213571572,0.33723933714623583,0.4326721706272876,0.3491332673905942,5.6034620098039225,9.16052287581699,6.788602941176471,8.103314109957708,7.051902774805804,7.455606145607971,7.1728382363961245,7.379564145259922,0.03643606195446164,0.034827194757406324,0.035613745572428565,0.03519983101758542,0.1908823248875119,0.1866204564280302,0.18871604481979948,0.18761618005274872,0.9875202605528051,0.9698523982145799,0.9816313638141897,0.9784618063546012
Anthracnose_050.jpg,Anthracnose,551.2714460784314,1069.263021914648,627.6983455882353,886.0998077662437,0.3135978427417908,0.20159345489208513,0.30807038669621384,0.20886287941617657,13.304871323529413,19.53018069973087,13.954136029411764,17.89933102652825,8.152250072638957,8.565729697657396,8.196601891728786,8.497424993355505,0.01102836541421869,0.010220162623401715,0.010711452978384212,0.010302637866931072,0.10501602455920092,0.10109481996324894,0.1034961495824082,0.101501910656554,0.9569875676348804,0.916335938259777,0.9509316422019856,0.9306674714213838
Anthracnose_051.jpg,Anthracnose,500.0831495098039,670.9384698193003,293.1610906862746,623.4814302191464,0.5235510328886823,0.453221898039576,0.5342664655091494,0.4527933193749476,10.516789215686273,12.921491733948482,7.900796568627453,12.564552095347945,6.126287106197841,6.334736712115841,5.988177025978924,6.327599462066844,0.14569296279901364,0.14372611001506097,0.1473116032924162,0.14371475957624916,0.38169747549468236,0.3791122657143408,0.3838119374021816,0.3790972956593718,0.9653974531069076,0.9536133626633002,0.9797207728303199,0.956894397488444
Anthracnose_054.jpg,Anthracnose,234.13161764705882,344.7388696655133,165.6968596813726,324.5817608612073,0.4464117736400374,0.34826604998904187,0.4538483950285912,0.35212707401201465,6.830606617647058,9.116693579392543,5.756081495098041,8.559369473279508,7.183201693305165,7.481932673860944,7.0880861792730725,7.442049997121847,0.035917631660411564,0.03476940537317368,0.036628172396696884,0.03469752517330969,0.18951947567575098,0.18646556082336943,0.1913848802719193,0.18627271720064023,0.9831028255274116,0.9750618114908753,0.9880392764559239,0.9765199638009081
Anthracnose_055.jpg,Anthracnose,197.28226102941176,436.65917723952316,238.78301164215685,312.2859976931949,0.40918188584304593,0.3002399783484976,0.3984947366468081,0.305011970479622,7.107781862745098,10.986405228758167,7.5683363970588236,9.700315263360245,7.344082637813198,7.745396529472432,7.408308561668773,7.67259059200928,0.03241547135379121,0.03032849264936843,0.031327832847868,0.030644517908632717,0.18004297085360266,0.17415077562092116,0.17699670292937097,0.1750557565709643,0.9856386925473588,0.968136900401943,0.9825966201151745,0.9772124339387955
Anthracnose_057.jpg,Anthracnose,1335.0904718137256,1851.8638985005769,1022.3505821078431,1886.453886966551,0.34228949578938406,0.2495767454644254,0.34964122649918944,0.25045963540562666,20.065992647058824,25.230880430603612,17.349601715686276,25.431234140715105,7.973830237190659,8.271067646176109,7.8762724378463025,8.268834663025897,0.03264689831585208,0.03152290056126936,0.033058208038787666,0.03182756982386776,0.18068452705157706,0.17754689679425364,0.18181916301310944,0.17840283020139494,0.9031442310354786,0.8654904177229662,0.9258808998434096,0.8629779842210805
Anthracnose_058.jpg,Anthracnose,325.1075214460784,487.27506343713947,304.9781556372549,565.5812841214918,0.39627851169577283,0.29161532677550733,0.38873162017123564,0.2908886694410514,9.074831495098039,12.272956555171085,9.12251838235294,13.029342560553633,7.4592941485890965,7.796827670959846,7.506832353863999,7.839200803335524,0.0286822722133239,0.02678204547063716,0.027394567458091535,0.026620615706761698,0.1693584134707334,0.16365220887796522,0.16551304316606452,0.16315825356616714,0.976137294643057,0.9641400834031209,0.9775914045970673,0.958377312530033
anthracnose_059.png,Anthracnose,1050.7814950980394,1539.1738869665514,1066.3120404411766,1538.2158246828144,0.5704973421034855,0.501506443071986,0.5656414180674566,0.5023147808617244,13.268290441176472,17.85365628604383,13.496783088235297,17.800199923106497,4.985930039348204,5.208189814774732,5.0095182734718575,5.2041085543057815,0.20899742375791466,0.20484107561623083,0.20816908646069873,0.20503596803701774,0.45716236039061076,0.4525937202571759,0.45625550567713563,0.4528089752169426,0.926044057080401,0.8918021373938086,0.9249509886068265,0.8918694853992691
Anthracnose_060.jpg,Anthracnose,997.2657169117648,1505.049688581315,812.3265318627452,1337.5784698193004,0.3874375645399623,0.29688877305841005,0.39495940920504646,0.30287347979760176,16.759037990196077,21.79856978085352,14.711366421568629,20.636216839677047,7.410381389646718,7.705170786433132,7.316489604082332,7.6671585564909055,0.050462599904296114,0.048820647073161604,0.0515236739202996,0.04921869206842485,0.2246388210089612,0.2209539478560218,0.2269882682437566,0.22185286130321794,0.9295998031508379,0.8936070346012668,0.942662974556923,0.9054456866525661
Anthracnose_062.jpg,Anthracnose,179.4066942401961,389.1746097654748,293.77826286764713,444.76293733179546,0.37640246543131906,0.27340713417933565,0.3591946740969517,0.26137598765153236,7.568244485294118,11.777178008458286,9.827405024509805,13.005090349865437,7.447065928899783,7.834317271971897,7.6154400612424205,7.923006701896409,0.02692294005291684,0.025919372624701016,0.026755199909026875,0.025745589879738982,0.16408211375075846,0.16099494596011707,0.16357016815124595,0.16045432334386936,0.9868020991459704,0.9713326350949401,0.978381267095862,0.967237897823075
Anthracnose_065.jpg,Anthracnose,216.81700367647062,357.6558861976163,184.4183210784314,321.41182622068436,0.46681634462399774,0.3800688296801188,0.478493071925421,0.3794529994768918,6.881740196078432,9.27840061514802,6.228707107843137,9.043414071510956,6.869151310652581,7.143370810650871,6.787241423017098,7.138911390970261,0.06648881723769857,0.06462867536382137,0.06730317452741283,0.06461281797835715,0.25785425580683863,0.2542217051390801,0.2594285538012592,0.25419051512272667,0.9848698260530498,0.9750204864818411,0.9871326810985643,0.9775518553788329
Anthracnose_066.jpg,Anthracnose,474.37576593137254,673.963198769704,306.87333026960783,677.5706113033449,0.35705879570562277,0.25094186780311983,0.3665430913510399,0.2550226046786027,10.645863970588234,13.687673971549405,8.934972426470589,13.966951172625915,7.922680765275261,8.22895066767315,7.804994498229288,8.2381536723823,0.014557845817076065,0.013747972307105139,0.014719215519196345,0.013771506862841171,0.1206558983932243,0.11725174756525013,0.12132277411597686,0.11735206373490485,0.9635242628037378,0.9480801691540849,0.9764226419340812,0.9478022663711432
Anthracnose_072.jpg,Anthracnose,262.494393382353,423.7665051903115,191.9374846813726,334.0733102652826,0.4362376437347839,0.34714719484185663,0.4526118525144391,0.3521159427767063,7.289859068627452,9.784775086505192,6.366283700980393,9.261253364090734,7.085297504098257,7.364551190782198,6.988231588219859,7.332797537932027,0.053564492313277964,0.05219948368126831,0.05457388860635784,0.05265951258506584,0.23144004042792155,0.2284720632402752,0.2336105490048723,0.22947660574678597,0.9814901771922667,0.9701045165847091,0.9864782331308428,0.9764321082855716
Anthracnose_074.jpg,Anthracnose,296.33869485294116,488.198523644752,207.4821844362745,374.5845290272972,0.4740779926859619,0.39180525125109383,0.5060300544398806,0.4009089348327982,7.4507352941176475,10.006013071895424,6.075505514705882,9.215086505190312,6.668051859486953,6.92280635624898,6.496900742267211,6.877347494017655,0.07296798512459901,0.07116679123059319,0.07443568809359682,0.07182341893463326,0.27012586903997,0.2667710464623048,0.27282904554610166,0.26799891592063063,0.9793981560298818,0.9660523107245149,0.9855841638086955,0.9739526471651602
Anthracnose_076.jpg,Anthracnose,114.0032475490196,217.0758169934641,110.55022977941178,184.46903498654365,0.5390823949056548,0.4253323906838169,0.5502008034456096,0.43868838714043856,3.5988664215686272,5.3668127643214145,3.76625306372549,5.356539792387544,6.549553953046793,6.896854048446096,6.5553974978375,6.882673861406705,0.0378667491310058,0.03586410195351181,0.037427961737410184,0.035787840036090576,0.19459380547953165,0.18937819820008797,0.19346307590186346,0.18917674285199695,0.9917771161177045,0.9843132317265728,0.9920263232119243,0.9866695284369527
Anthracnose_079.jpg,Anthracnose,221.99672181372554,364.35594002306794,190.06738664215692,351.21951557093416,0.47738436275960694,0.3937166904704193,0.4853102165497145,0.3950327252152633,7.219944852941177,9.746205305651669,6.690793504901961,9.865913110342174,6.640845964778148,6.9112836698568865,6.578115464976933,6.9173569193433595,0.09335808213881835,0.09037143239350903,0.09353797076620171,0.09074176758384554,0.30554554838651854,0.3006184165907156,0.3058397795679982,0.301233742439066,0.9846644317512288,0.9748229206664714,0.9868707311083584,0.9757306506202337
Anthracnose_081.jpg,Anthracnose,219.20606617647064,474.878216070742,286.06681985294114,358.8573625528643,0.4947888508636791,0.3992791548417963,0.5002083103530797,0.4142324035899294,6.1607230392156875,9.309650134563629,6.663327205882354,8.600907343329489,6.37311650102668,6.698252435555933,6.387833281833476,6.640530210744561,0.0767390837883867,0.07336449562991548,0.07604641020825072,0.07439108815835621,0.2770182011861074,0.2708588112465893,0.27576513595494756,0.2727472972521565,0.9847938860090537,0.9670337442094098,0.9801709056163163,0.9750879631747689
Anthracnose_082.jpg,Anthracnose,148.1069699754902,331.4535793925413,192.03955269607843,269.477170319108,0.5709562263555944,0.4756584990168251,0.5570719793344558,0.48500170775023455,4.486504289215686,7.108788927335638,5.0423406862745095,6.633925413302576,5.812111537119925,6.133538282167865,5.865301800712496,6.096291640356503,0.13117443455773478,0.1272891996557087,0.12983727161447076,0.12818773863481653,0.3621801134211192,0.35677611979462515,0.36032939321469565,0.358033152982816,0.9897574494376357,0.9770848223193382,0.9867136350654507,0.9813695865042047
Anthracnose_083.jpg,Anthracnose,459.31801470588243,607.3719338715879,351.0840379901962,711.0732795078816,0.4076281489566166,0.3199041892927811,0.4208473288527673,0.3189275112087514,11.75824142156863,14.364721261053443,9.943811274509805,15.412379853902344,7.226090808602631,7.473202088787087,7.095225243242019,7.5105136014667995,0.05176607676810002,0.05013531843325867,0.05309601862583653,0.04999832856407369,0.22752159626747528,0.22390917451783585,0.23042573342801045,0.2236030602743927,0.9674487454766683,0.9569225087630728,0.9751321568802623,0.9495675528311621
Anthracnose_084.jpg,Anthracnose,162.25755208333337,254.10237600922727,144.4216299019608,261.6142252979623,0.4160281756358019,0.316510779304008,0.4279567221378692,0.3203720989700595,6.29796262254902,8.286735870818916,5.868872549019609,8.606212995001922,7.548307414989802,7.833235588833842,7.477698197459899,7.856250107312636,0.027169260672540312,0.02601072009538224,0.027064482950330104,0.025899397933631243,0.16483100640516732,0.16127839314484207,0.16451286560731385,0.16093289885424683,0.9880291770230683,0.9812179913638603,0.9893485988521801,0.9806627520920749
Anthracnose_087.jpg,Anthracnose,261.5197303921569,362.61016532103037,158.33541666666667,387.76166089965403,0.48270977836090584,0.4010193379251479,0.49333083490759505,0.3913151115249584,6.991023284313725,8.997524029219532,5.69889705882353,9.336316801230296,6.23600706727016,6.464511650861269,6.133533450465338,6.507995957736328,0.07703988550076891,0.07519201478270937,0.07783177065968468,0.07473455313448929,0.27756059788948595,0.27421162408386224,0.2789834594732897,0.27337621172020304,0.9818758180409616,0.9748540986972338,0.989027992747811,0.9731099197250944
Anthracnose_088.jpg,Anthracnose,122.53305759803922,215.09994617454828,98.6125919117647,185.58114571318725,0.47492548313451943,0.4116195120744106,0.5458591923691681,0.4009899295309043,5.807414215686274,6.926628219915417,3.6357536764705882,7.237862360630527,5.884818557915128,5.995472134034811,5.520518906632447,6.058308423283802,0.07366153257986713,0.0729660408907289,0.0744229968407208,0.0722668067955409,0.27140658168118753,0.2701222702605783,0.2728057859370303,0.26882486268115324,0.991563874381398,0.9852008587265915,0.9932129670003864,0.9872317645289803
Anthracnose_089.jpg,Anthracnose,625.1544117647059,764.51784698193,396.949525122549,1001.3688119953863,0.3627009601923825,0.27502323427971365,0.37474214831225894,0.2590081905857173,13.039399509803921,15.415501730103804,10.19750306372549,17.66940407535563,7.104209903958623,7.291739118636068,6.955398115042853,7.425694841321819,0.024504243527316717,0.02386068541052955,0.02507594406673515,0.023484801116773906,0.1565383132888454,0.15446904353471458,0.15835385712616903,0.15324751585841093,0.9533876834697126,0.942878816263992,0.9704133870691534,0.9251834387379237
Anthracnose_091.jpg,Anthracnose,414.91989889705883,689.7795155709342,325.85868566176475,626.5720876585929,0.35324446029197004,0.26026645684081834,0.4093458240965527,0.26748586712161715,11.238311887254902,15.025836216839679,8.814384191176469,14.180422914263746,6.802917399623276,7.060871309205554,6.534975385539901,7.00601576202127,0.016582899023963135,0.01563410813662447,0.016976673517810154,0.015859829382748568,0.1287746055088624,0.125036427238723,0.13029456442158344,0.125935814535614,0.9679012644491878,0.9465600057465022,0.9748519397266933,0.9514564388489436
Anthracnose_092.jpg,Anthracnose,197.40438112745102,423.8672818146867,316.67438725490194,497.2263898500577,0.37814397438407,0.2605489354452698,0.35108746726640694,0.2565043517767355,7.1633884803921575,11.354156093810074,9.212530637254902,12.202845059592466,7.575552620209002,8.015060151691333,7.769610400901792,8.065477721687799,0.0204451255695676,0.01943177504999482,0.020250320991888632,0.01941502273177102,0.14298645239870664,0.13939790188519632,0.14230362255363926,0.13933780079996605,0.985163110853487,0.9681001383882901,0.9762108542364334,0.9625791805165009
Anthracnose_093.jpg,Anthracnose,374.0326593137255,530.1113417916185,257.00134803921566,577.7059900038447,0.4209273946857582,0.3327900608933393,0.4335086856844011,0.33186017779790733,8.878063725490195,11.647089580930412,7.767463235294118,12.059638600538257,7.0996735333066265,7.3783356713052015,7.010542697023867,7.393635283363622,0.05333781311668739,0.052131180965650545,0.05461731778342465,0.05205976774378176,0.23094980648765953,0.2283225371391325,0.233703482608678,0.22816609683250874,0.9736612542126177,0.962644193652312,0.9819150687728836,0.9592903011364619
Anthracnose_094.jpg,Anthracnose,217.43253676470587,591.4266205305653,418.33590686274505,520.0862437524028,0.4243924215861865,0.3125596583634684,0.4004621971545973,0.313197262786703,7.170189950980392,12.027466359092658,9.436366421568627,11.660346020761242,7.18770115441883,7.630090680282563,7.369577608118695,7.62318122864253,0.04292759362572388,0.04050294168643326,0.0416225317486063,0.04056482377981082,0.20718975270443246,0.20125342652097444,0.20401600855963803,0.2014071095562687,0.9844735600869222,0.9576887761316236,0.9701053559900641,0.962792534650317
Anthracnose_098.jpg,Anthracnose,382.38606004901965,604.9275816993463,334.5755821078432,617.9917570165321,0.4331421797359972,0.3485647271210421,0.4411921521625487,0.3515943325986611,10.3812193627451,13.765536332179929,9.46311274509804,13.784267589388694,6.675150861625454,6.946429441787066,6.619269319663467,6.939770926938782,0.07847231233179545,0.07601020469310515,0.07887510106821147,0.07619893522749731,0.28012909940203545,0.2756994825767817,0.2808471133343041,0.2760415461982078,0.9735252565487411,0.9580922778391399,0.9768373775935394,0.9571872276380641
Anthracnose_099.jpg,Anthracnose,384.8445772058824,684.3366089965398,436.17187500000006,696.2730949634755,0.4634901308671302,0.3810712903075332,0.46021756872211783,0.3798890224700607,10.45888480392157,14.971410995770853,11.294944852941178,15.10068435217224,6.218022472671416,6.51228505860797,6.258830858791265,6.5178029667925514,0.10525403097197447,0.10232216520987326,0.10506843012509463,0.10207567189799678,0.3244287764240011,0.31987836002123254,0.32414260769774567,0.31949283544079166,0.9736098928079691,0.9530677127017276,0.9700902046769876,0.9522491000754738
Anthracnose_100.jpg,Anthracnose,603.9473039215686,994.4332487504809,596.7278492647058,975.363506343714,0.4026245120671104,0.31038986415064207,0.40175678871069287,0.31223249906198397,13.27095588235294,18.472833525567093,13.29656862745098,18.14717416378316,6.644409796645933,6.952363673674527,6.65209166049825,6.9413580710246485,0.06045185445501731,0.05780968742835578,0.059912986300716675,0.05793085905355955,0.24586958830855293,0.2404364519542654,0.2447712938657568,0.24068830269366964,0.9579330378634889,0.9306500364771435,0.9584257794514541,0.9319799255792637
Anthracnose_101.jpg,Anthracnose,460.9677236519609,746.5664744329105,416.8838235294118,727.9788235294117,0.40545340969044463,0.3100641833873889,0.40259980364829073,0.31164808289469653,11.257643995098041,15.364136870434448,10.778186274509803,15.2317570165321,6.863949323186693,7.171585649671588,6.854713682924936,7.16614270425472,0.05387129393874201,0.051547561587600994,0.05332661442094838,0.05161924797208536,0.2321019042117966,0.2270408808730291,0.2309255603456412,0.22719869711793103,0.9676545472252166,0.9475398451692506,0.9707434108523042,0.9488459727248416
Anthracnose_102.jpg,Anthracnose,985.0535079656863,1462.0538562091504,852.341712622549,1641.8164705882355,0.3949100314262398,0.3035914161744584,0.39439033912844146,0.3011072911583614,16.58561580882353,22.142806612841216,15.782245710784315,23.259607843137253,6.629555371789869,6.914553769407799,6.609562561686869,6.9485715757126965,0.05912322587391269,0.056740130559313755,0.05888393391833218,0.05668412122566646,0.24315268017012004,0.23820186934470886,0.2426601201646702,0.23808427336904567,0.9312828856713418,0.8978779931581103,0.9405299527926864,0.8853218763929351
Anthracnose_104.jpg,Anthracnose,1291.495680147059,1808.344036908881,942.1117493872548,1770.6988850442135,0.39599353129897685,0.3085901842204367,0.3979599388285253,0.3091352558146051,19.595772058823528,25.211364859669352,16.946522671568626,24.8235755478662,6.712976517462987,6.976278563708198,6.633122651991335,6.965621357694393,0.06505898727540191,0.06282558416224433,0.06502812498122718,0.06290474113038177,0.2550666330106741,0.25065032248581753,0.25500612734055467,0.250808175963986,0.9106300919336695,0.8747452439261708,0.9347946612712748,0.8773527313389263
Anthracnose_105.jpg,Anthracnose,903.5443474264707,1503.9775932333719,834.1386029411765,1401.0159938485199,0.38509074698993984,0.29225242412444513,0.38291182681161406,0.29269303899486243,16.12544424019608,22.373225682429837,15.793750000000001,21.94963475586313,6.849521210287522,7.162554119763674,6.8499358685298954,7.156567029776643,0.05572614036950182,0.05323225335063954,0.05529355328892433,0.05331080959752709,0.23606384807823036,0.23072115930412523,0.23514581282456282,0.2308913372076291,0.9367261531228043,0.894533770289329,0.9415891955690069,0.9017539388217305
anthracnose_106.png,Anthracnose,1119.4659620098041,1577.45814686659,809.2602328431371,1505.3957093425606,0.48017268763824467,0.408005078647007,0.48892991958056264,0.4100890718759046,15.541758578431375,20.0882737408689,13.182322303921568,19.664529027297196,5.9932570811258525,6.214577578060013,5.904584702413867,6.208660874211565,0.1305785157798759,0.1293288130241806,0.13312713447051616,0.12927546637564802,0.3613564940330752,0.3596231541825145,0.3648659130016343,0.3595489763240163,0.9233042232151087,0.8920141200123425,0.9445833853428827,0.8969471990582402
Anthracnose_123.jpg,Anthracnose,1129.7438265931373,1653.918216070742,929.9061734068628,1788.499254133026,0.38712244448130007,0.29778176740625534,0.390526051402868,0.2964596516911119,18.041988357843138,23.86503652441369,16.620971200980392,24.58343713956171,6.703564357162686,6.983707330408088,6.66468201453492,7.003806848947427,0.05772557183441314,0.05533365740352727,0.057256957702754054,0.05524534215613106,0.24026146556285954,0.23523107235976984,0.23928426129345418,0.23504327719833015,0.9209924669740116,0.8841818374403723,0.9349885469116417,0.8747575936100025
Anthracnose_125.jpg,Anthracnose,534.832506127451,775.9200922722031,341.4123468137255,738.7197539407921,0.5556932848213941,0.49386792018212256,0.5665838452646951,0.4938460745147716,10.109987745098039,13.159184928873513,8.27218137254902,12.866005382545177,5.62187887617656,5.826454938819793,5.512588900373984,5.815154852387349,0.19510462601429585,0.19366190077722747,0.19815687508823226,0.19350036576888102,0.44170649306331894,0.44007033617051206,0.44514814959542653,0.439886764712103,0.96218595275629,0.9451738730661974,0.9758490778925105,0.9478024304288065
anthracnose_128.png,Anthracnose,976.5032322303922,1854.3095886197614,1334.735906862745,1807.3067435601688,0.3537642176700072,0.2557419785834212,0.3468385069979438,0.25530665727194024,16.823146446078432,25.000861207227985,19.85873161764706,24.747881584006148,7.8363534462011595,8.232193172263793,7.937122780912804,8.232274256661821,0.033836907398146134,0.032501942336968244,0.03326663863883482,0.03217619083305877,0.18394811061314584,0.1802829507662004,0.18239144343645844,0.17937723053124321,0.9293021484777043,0.8654997647068693,0.9032989590566415,0.8689090625710233
anthracnose_135.png,Anthracnose,1077.8024203431376,1549.9574009996156,1051.7429840686277,1550.9906651287965,0.5655314140407297,0.5021715910105494,0.5704786385366889,0.5013581870882634,13.559681372549022,17.863836985774704,13.27527573529412,17.91836985774702,5.010338182082537,5.206314295106344,4.986743850389233,5.210213240207359,0.20805776218412836,0.20492479132549057,0.20885913747679688,0.20473016721897838,0.45613349162731776,0.4526861952009257,0.4570110911966983,0.4524711783296019,0.9241437396680336,0.8910461424734977,0.9259778155105377,0.8909735094368438
anthracnose_137.png,Anthracnose,407.3272365196078,676.8238062283735,505.8237438725491,718.244459823145,0.560113758154594,0.477562236395142,0.5555299670764544,0.4792253465362773,6.162959558823529,9.10222222222222,6.845281862745099,9.262222222222224,5.403264305094384,5.673556066772754,5.437971979976293,5.672950792218483,0.14568444087385268,0.1418825414352064,0.14456562997010625,0.14189496832392712,0.38168631213845317,0.3766729900526535,0.38021787171318794,0.37668948528453394,0.9721124025646997,0.95368580497701,0.9653722533720969,0.950851442162176
anthracnose_148.png,Anthracnose,1022.8738051470589,1429.32768935025,819.61021752451,1392.7016839677049,0.4951324841137046,0.42238331347408475,0.5019293882009082,0.4228311363142119,14.38219975490196,18.5040676662822,12.525382965686276,18.251057285659364,6.214866857961415,6.457355868217907,6.146637567029989,6.451217802923839,0.1373283016053772,0.1343411098059023,0.1380901840309693,0.13474506303656023,0.37057833396648704,0.3665257287093258,0.3716048762206563,0.3670763722123234,0.9295747328140274,0.9016219206751069,0.9435637809026914,0.9041428233972224
anthracnose_149.png,Anthracnose,733.3079656862747,1125.3251518646675,716.539430147059,1138.3626912725874,0.5280749584292008,0.45055015717707564,0.5263919107676882,0.45183750954001944,9.916666666666668,13.84569011918493,9.8452818627451,13.693933102652826,5.475623672520696,5.735754101771608,5.477734719145874,5.715929887028989,0.14474794768407143,0.14095049817440763,0.1443534926752181,0.1411965222614968,0.38045755043640733,0.37543374671759017,0.3799388012235893,0.3757612569990376,0.9497642844444157,0.9229481511644082,0.9509130233386447,0.9220554611592285
anthracnose_150.png,Anthracnose,513.8391237745099,921.9236447520185,764.9267616421569,1024.832156862745,0.46129419941976846,0.36266670069540186,0.439839171310812,0.361313918620372,9.007230392156863,14.350865051903117,11.883501838235293,14.881891580161476,6.356520017755715,6.744829354169477,6.536348881071939,6.754630044745199,0.08366201891343622,0.08101586125822424,0.08260608337238079,0.08094545613648432,0.28924387446138977,0.284632853441454,0.2874127404489592,0.28450914947762984,0.9646308423971747,0.9365138330479943,0.947390579903914,0.9294272733119096
anthracnose_153.png,Anthracnose,1040.1555453431372,1490.519584775086,1016.7429840686275,1618.36647443291,0.4704268877987168,0.3931604589903947,0.47255676951891173,0.39242810489740954,14.71642156862745,19.433725490196075,14.83765318627451,20.223514033064205,6.461456058770543,6.730044960180109,6.459685554967404,6.747543695439543,0.11653933433054593,0.11360259977493645,0.1169404915908995,0.11342634591344729,0.3413785791911173,0.3370498476115016,0.34196562925373,0.33678828054646925,0.9287315825860949,0.8978844211876044,0.9303357428456933,0.8891256237386309
anthracnose_157.png,Anthracnose,579.8755514705882,805.8300038446752,509.72472426470586,834.2729719338716,0.4800049330369479,0.3850398977002739,0.4843657320221546,0.3874913859493222,8.470557598039216,11.335978469819302,7.910937499999999,11.633033448673586,6.160190918959906,6.43537247884381,6.1284066159407935,6.446106494514003,0.0712496082345507,0.06830586396472181,0.07138238222678778,0.06850042125873272,0.26692622245585146,0.26135390558536103,0.26717481585431624,0.2617258513382519,0.9603364193495648,0.9448336274657297,0.9651347471726968,0.9428864483260818
anthracnose_158.png,Anthracnose,461.852175245098,715.6028911956937,439.917493872549,666.6681430219145,0.7382253867646147,0.695262953243015,0.7383570942314871,0.7003391578765482,6.300582107843137,8.89264129181084,6.23296568627451,8.400768935024988,3.4420803665496256,3.5990856618479348,3.439725587362319,3.5698817900842,0.449747656587911,0.4457579067938996,0.4502411779207891,0.4473409980279963,0.6706322812002946,0.6676510366905002,0.6710001325788163,0.6688355538007802,0.9572228876334006,0.9338947141061146,0.9592544951045597,0.9384151619102977
anthracnose_159.png,Anthracnose,381.96335784313726,644.7604459823146,429.5416973039216,675.3038985005767,0.8009811166420432,0.7689573031102812,0.8001061190401191,0.7702804534803392,5.17781862745098,7.4869665513264145,5.297150735294117,7.503114186851212,2.6285725679627365,2.7504241279359123,2.6341980480197424,2.744307834901969,0.5636550198165973,0.5597104453807068,0.5626892845450067,0.5598490084773535,0.7507696183361426,0.74813798552186,0.7501261790825638,0.7482305850988408,0.9567257173044933,0.9271722152327607,0.9513353612147493,0.9237222331504082
anthracnose_160.png,Anthracnose,681.530882352941,1073.939254133026,586.7092218137255,941.687258746636,0.5546159118226875,0.48587688579214067,0.5600007935062096,0.489218842513667,10.504963235294117,14.645259515570936,9.397212009803921,13.720538254517493,5.6299234010259696,5.8845690529296295,5.580505702379897,5.860830406190793,0.19206096210648407,0.1879636551818638,0.1914377505703185,0.18855208683378374,0.43824760365173027,0.43354775421153297,0.43753599917071795,0.4342258477264841,0.951846702540451,0.9242016579223289,0.9585462898134293,0.933535967985187
anthracnose_161.png,Anthracnose,899.5472426470587,1162.5041753171856,686.2732536764706,1226.2469819300268,0.5403344940107262,0.47372038640031044,0.5505242066023578,0.47327856623642656,11.839338235294116,14.831034217608611,10.086213235294117,15.215286428296807,5.511610996230589,5.7068195134023,5.420334588690826,5.717021115218719,0.17294607019479447,0.17087976176908862,0.17518851661902135,0.17086559586330102,0.4158678518409357,0.4133760536957706,0.4185552730751595,0.41335891893522875,0.9375063594204134,0.9193392312894038,0.9523410702662028,0.9149164138145679
anthracnose_162.png,Anthracnose,1103.5783394607843,1320.4185928489044,659.6464613970588,1299.0281122645138,0.4902063513412226,0.4176849569534753,0.5043204856005481,0.41991545372001,14.492248774509804,17.573748558246827,11.455438112745098,17.389973087274125,5.797578773046211,5.992690502158569,5.682862738129175,5.988591364617527,0.12781942424018863,0.12649378157426514,0.1305078610746919,0.12650770222495972,0.3575184250359534,0.3556596428810347,0.36125871764525197,0.3556792125285926,0.9248831827994701,0.9100802749401907,0.9550653489474968,0.9115369540141316
anthracnose_163.png,Anthracnose,1401.24675245098,1804.5552172241441,867.8257199754902,1873.229419454056,0.5161473313731891,0.45314349805008275,0.5287636180953884,0.4508379900753267,17.311519607843135,21.315417147251054,13.616007965686274,21.70013071895424,5.879031535385554,6.0778416388508205,5.772521341686794,6.085872756710761,0.1730549617475474,0.17173267821606475,0.1759160032349337,0.17138921903429033,0.4159987520985458,0.414406416716808,0.4194234176043747,0.4139918103468839,0.9022397475417405,0.8739254245735292,0.9393162509027685,0.869127527115891
anthracnose_164.png,Anthracnose,881.8548560049019,1822.1839753940794,1393.7093750000004,1790.5749327181854,0.5173936205420849,0.4422576127539701,0.5064876946372803,0.44223922324819337,14.222993259803921,21.909465590157634,17.612714460784318,21.729381007304887,5.874452285619707,6.172672840963998,5.96833717954563,6.172177860088323,0.16841788978679326,0.1641353964205942,0.16554661464434506,0.16408552768794313,0.4103874873662613,0.4051362689523047,0.4068742000229863,0.4050747186482305,0.9387571945536335,0.873553984064875,0.9031843241056874,0.8757474165436264
anthracnose_165.png,Anthracnose,1048.7783394607843,1410.6359246443676,770.379243259804,1376.441630142253,0.5245210144331078,0.45713188667518184,0.5311929845877652,0.4578828669388716,13.476623774509804,17.22252979623222,11.670266544117647,17.047304882737407,5.6500578841051805,5.860530489139142,5.58213165846403,5.854529252799926,0.16409552820917742,0.1621994298173847,0.16655877934286842,0.16223740557006366,0.4050870625053057,0.40273990343320176,0.40811613462698143,0.4027870474209215,0.9276587402114547,0.9028138268384611,0.9468828848417803,0.905169652724192
anthracnose_166.png,Anthracnose,1340.7518382352941,1725.8439215686276,965.3314491421569,1724.044059976932,0.6053208331974104,0.5512639819201942,0.6151002613303054,0.5498535614021542,14.4452512254902,17.77108804306036,11.953140318627451,17.76727412533641,4.741574780351888,4.896528256090948,4.6541198137667,4.895574467260722,0.25922664878460966,0.25773255529288774,0.26277559649252247,0.2577320002169927,0.5091430533598683,0.5076736700803851,0.5126164223788802,0.5076731233943675,0.9019955132877038,0.8740473998716027,0.9294335067956885,0.8741787543032011
anthracnose_167.png,Anthracnose,470.8902726715685,922.2321414840446,659.1235906862745,910.1410073048828,0.5502917536019258,0.4705349130962805,0.5373076500961704,0.4709102746617222,9.141436887254901,14.071126489811611,10.948069852941176,14.018715878508267,5.265299708447544,5.563616139362368,5.366345341715087,5.561885636343854,0.1734809018391363,0.16911279318973677,0.1708203230597156,0.16912584173034922,0.4165103862320078,0.41123325885649953,0.4133041532088875,0.4112491236833815,0.9673850538045514,0.9361784007321984,0.9543562695543588,0.9370151483205377
anthracnose_168.png,Anthracnose,809.4761948529413,1505.8705728565938,1120.4071078431373,1578.409996155325,0.488757638827263,0.40996279356777726,0.4803238329742061,0.4078622749621473,13.18995098039216,19.67449442522107,15.54791666666667,20.098915801614766,5.905332561181211,6.209777351486488,5.993915007561255,6.215477771747849,0.13303744282735314,0.12918721663997865,0.13049094124236327,0.12924054968950666,0.36474298187539284,0.3594262325428942,0.36123529899826134,0.35950041681409306,0.9445876704553346,0.8969500444409565,0.9232654905962122,0.8919860160032187
anthracnose_169.png,Anthracnose,729.4907628676469,1414.5644752018457,1066.7007352941177,1524.0610688196848,0.5300532467304158,0.45272586743736726,0.5203753588139018,0.45142177046104826,11.860707720588236,17.837339484813533,14.024203431372552,18.48352172241446,5.527913507340839,5.814593711784607,5.612279522024788,5.830925539453455,0.16673833545654015,0.16241082788227584,0.16388703671477026,0.16214877920109105,0.40833605701253,0.4030022678376337,0.40482963912585535,0.4026770159831463,0.9493974711354666,0.9019502012958452,0.9259730934380382,0.894360502027109
anthracnose_170.png,Anthracnose,357.7372242647059,802.2068742791234,642.8103247549021,830.2813379469436,0.46648925825926874,0.363188496798544,0.44453590146384436,0.36325859798239707,8.22843137254902,13.52239907727797,10.842830882352942,13.5839446366782,6.078092408277799,6.465583731142498,6.242204669446718,6.461592830839868,0.077442618153362,0.07396940797472244,0.0753015457030124,0.0740611776058095,0.27828513821863,0.27197317510137364,0.27441127109324864,0.2721418336195476,0.9753579192115347,0.9446995471526841,0.9557450235223766,0.9427642227319464
anthracnose_171.png,Anthracnose,390.574693627451,648.309973087274,395.993412990196,588.3757324106114,0.6206600660143149,0.5571729965065385,0.6281562741060249,0.5604922164518185,6.307383578431373,9.193633217993078,6.3686887254901965,8.62480584390619,4.7957587134685635,5.021980461883596,4.777291126232772,4.995194209840934,0.23602777923267193,0.23189909727737573,0.23619880685069297,0.23280633524414132,0.48582690254109223,0.48155902782252535,0.48600288769789524,0.48250008833588964,0.9717719496736044,0.9532130569922189,0.9713803219379321,0.9575383643593113
anthracnose_172.png,Anthracnose,707.0604166666667,1171.7164475201848,707.4697610294118,1125.5720107650905,0.5625522493428099,0.4933571798584841,0.5652859358250554,0.49292373569889436,9.965931372549019,14.246243752402922,9.55891544117647,14.011318723567857,5.420510754501511,5.673638676951796,5.396507583545922,5.670899750374297,0.1955820396743064,0.1914861255415767,0.19475029862875762,0.19159375870724318,0.44224658243372145,0.4375912768115661,0.44130522161963776,0.437714243208104,0.9501142324054315,0.9174214542048628,0.9500853516234437,0.920673555420849
anthracnose_173.png,Anthracnose,419.2280637254903,630.2534102268359,373.48118872549026,564.8513341022683,0.6411153900551166,0.5853797794816883,0.6571321406141716,0.5846654446641444,5.640196078431373,7.629065743944637,4.955116421568629,7.280338331410996,4.6166102989015485,4.7848656424393035,4.531371930852321,4.783366538255603,0.25947802832932365,0.2559745906736547,0.26046036359118946,0.2564702103012164,0.5093898588795459,0.5059393152085087,0.510353175351334,0.5064288798056608,0.9689655148894442,0.9534201235889899,0.9723520503671158,0.9582537676018154
Anthracnose_174.jpg,Anthracnose,261.54013480392155,362.71810841983853,158.36214767156864,387.9878046905037,0.4833945539944729,0.40144807709443847,0.4930831073309942,0.39151043433920635,6.9854779411764705,8.98557477893118,5.691988357843138,9.32636678200692,6.220906983280757,6.447881458469657,6.120089418948074,6.492274232882128,0.07767886902817575,0.07582604377903925,0.07846215834392119,0.07536654405390171,0.27870929124838256,0.2753652915293415,0.28011097505082017,0.27452967791097144,0.9818818268864995,0.9748572956742151,0.989030635549421,0.9731056640710848
Anthracnose_175.jpg,Anthracnose,357.1654105392157,588.6984083044981,280.0702512254902,537.8903191080353,0.5128560696037144,0.4326418458306551,0.5156694421344813,0.43337145188775955,8.176133578431372,11.313648596693579,7.35453431372549,10.923706266820455,6.041817035598545,6.320525169698534,6.005003824450137,6.300987559645002,0.12658225628927283,0.12338851992719797,0.12611681746409897,0.12351891806318832,0.35578400229531515,0.3512670208362834,0.3551292968259574,0.35145258295136816,0.9753869722056937,0.9594414042127621,0.9806969308809929,0.9629418464143578
Anthracnose_176.jpg,Anthracnose,266.19800857843137,375.39852364475206,132.4741268382353,361.66958861976167,0.4085158185398799,0.32557742381332216,0.44637938693324525,0.32486025519735967,8.620802696078432,10.684859669357941,5.838679534313725,10.640630526720493,7.065998619802438,7.28850530771812,6.790783179961007,7.290817901506027,0.045258146914460486,0.04407384472390399,0.04648899722218469,0.044457816523115874,0.21273962234257277,0.20993771629677216,0.2156130729389679,0.21085022296197808,0.9810974665474538,0.9733320044851754,0.9906032831006129,0.97430728525932
Anthracnose_177.jpg,Anthracnose,286.42723651960785,359.4989773164168,219.7922334558824,475.7151710880431,0.5000663675104298,0.41461013302145777,0.49480388919713014,0.39938540932869404,6.6777573529411764,8.614025374855824,6.166651348039217,9.324275278738947,6.385602298027267,6.638024653505399,6.3700848626239095,6.695463588679494,0.07659020376590434,0.07493269950146342,0.07727500836329478,0.07390237942671622,0.2767493518798271,0.273738377838153,0.2779838275211254,0.2718499207774691,0.9801539450747292,0.9750536815543005,0.9847593177423426,0.9669892186175332
Anthracnose_178.jpg,Anthracnose,253.3152420343137,297.01353325643987,172.42224264705885,415.51624759707806,0.4327212546117371,0.34751446510780554,0.44997932852944417,0.33548695810151136,6.7901501225490195,8.116985774702037,5.615962009803921,9.173948481353326,7.184615696253565,7.3939166416127335,7.06640331580961,7.470676437215882,0.03473884896377746,0.03432294413721041,0.035550090081413986,0.03395419163451315,0.18638360701461237,0.18526452476718366,0.18854731523258025,0.18426663190744316,0.9815927973761555,0.9783830504516607,0.9874595869304144,0.9697581051825895
Anthracnose_179.jpg,Anthracnose,260.48103553921567,506.39104959630913,318.0969362745098,465.6954402153018,0.4132891795113648,0.31302148120912576,0.40631787554047766,0.3149265915407685,8.711948529411764,12.829158016147638,9.559466911764705,12.405259515570934,7.0700468854057235,7.4275025254985465,7.128263330199005,7.407096312438984,0.0525328935141382,0.04992204737154152,0.052293932546977104,0.05005756275386347,0.2292005530406465,0.22343242238211874,0.2286786665759994,0.2237354749561711,0.981515112410963,0.9640133215592817,0.9774174023214023,0.9669053549194899
Anthracnose_180.jpg,Anthracnose,305.88347120098035,679.0247750865052,476.3490655637255,675.3795924644368,0.3656755005611596,0.2528805882132681,0.3551821760734452,0.24859098340502095,8.926608455882352,13.98735870818916,10.671338848039216,13.711526336024605,7.824092015816309,8.259788516334138,7.943700780934116,8.250336245006038,0.014313915213086616,0.013380787355763705,0.01415530476465632,0.013357838739750669,0.11964077571249117,0.1156753532770214,0.11897606803326592,0.11557611664937817,0.9764504687230017,0.9475812837958498,0.963297176884335,0.9478626811769015
Anthracnose_181.jpg,Anthracnose,98.05813419117646,185.05256439830836,122.57288602941176,214.6252825836217,0.547036895009978,0.402257296611055,0.474583714929386,0.41285983286753153,3.615579044117647,7.2183467896962705,5.807873774509804,6.908650519031142,5.504486818975334,6.041577158996534,5.8716963485486335,5.97868547160812,0.0758212981907875,0.07365740991287618,0.07504320155653023,0.07436213670517698,0.275356674498345,0.2713989865730456,0.2739401422875629,0.2726942183200388,0.9932633204057174,0.9872914332538495,0.9915762921885766,0.9852605413505094
Anthracnose_182.jpg,Anthracnose,238.54315257352943,312.25081122645133,198.00101102941176,437.00359861591687,0.39945951469891505,0.3060829624628272,0.40907276243782875,0.3011928367282508,7.549310661764705,9.681584006151478,7.113786764705882,10.973825451749324,7.397846695243241,7.662030471314584,7.335689166918236,7.736280422486805,0.03165083389839545,0.03096665337807405,0.03275091374392512,0.030648649759260658,0.17790681240018733,0.17597344509349713,0.18097213526928704,0.17506755770062213,0.9826398970586684,0.9772490872543748,0.9856076043769613,0.9681594718598678
Anthracnose_183.jpg,Anthracnose,251.62784926470593,491.39043444828906,295.8853707107843,480.50191464821216,0.4749332834612541,0.3882550088061798,0.4730462980405639,0.3898131491977979,7.890992647058825,11.77108804306036,8.457797181372548,11.553325643983083,6.411742717947106,6.736372551792337,6.439899056834324,6.7212812102730854,0.09348596334549066,0.0910917493212692,0.09390936042289925,0.0910192007598887,0.3057547437824811,0.3018140972871698,0.3064463418331164,0.3016938858510207,0.982676987661665,0.966169248220699,0.9796360560796847,0.9669188900223633
anthracnose_50.png,Anthracnose,654.1143995098039,904.7551249519418,470.1968137254902,916.7172318339101,0.5393126118001964,0.4729741942012651,0.5503463457123835,0.47247813788274534,10.89231004901961,13.961830065359479,9.136917892156863,14.013933102652828,5.350985381548464,5.546482346539898,5.254425062740184,5.548758025641653,0.17244339241517684,0.1707474473559618,0.17508660785421326,0.17073426199753705,0.41526304003026426,0.41321598148663347,0.4184335166477624,0.41320002661850963,0.9546253445445837,0.9372806431313578,0.9673767753527169,0.9364514069880743
anthracnose_67.png,Anthracnose,1021.2280637254903,1433.8860592079968,824.062699142157,1397.0599154171473,0.4947912465336153,0.4223151651596107,0.5022097384469089,0.4228968723653839,14.374724264705886,18.547374086889654,12.554702818627455,18.291595540176857,6.21931415908395,6.463901222384062,6.14924171619073,6.457531309455231,0.13745164976079663,0.13440817040025854,0.13816945745870732,0.13482365215756348,0.37074472317323226,0.366617198724035,0.3717115245169395,0.3671834039789428,0.9297074182771103,0.9013344685985121,0.9432722875100105,0.9038684712295154
healthy_002.jpg,Healthy,547.3593137254903,676.2012302960401,349.7971660539216,660.9060053825449,0.6754492903091932,0.632313489556085,0.6828755244743896,0.6307195256749516,9.40499387254902,11.130042291426374,7.391314338235296,11.13656286043829,4.065324090770363,4.177285564210707,3.977443707561595,4.188289240460668,0.36028457612269044,0.35814000784307815,0.3623170766276794,0.3572021619461118,0.6002370999219312,0.5984479992807046,0.6019278001784595,0.5976639205658242,0.9551310458024027,0.9446942349559363,0.9713261328500832,0.9459452148084745
healthy_003.jpg,Healthy,128.91740196078436,211.05128796616688,120.30263480392156,201.2515801614764,0.7739386747837029,0.7358122485137975,0.7751598596219262,0.7355858448120968,4.06639093137255,5.644936562860439,3.8904105392156865,5.533102652825837,2.649905934986088,2.7572687538310605,2.6294642236346677,2.750682549910429,0.488830942332126,0.4856605642906988,0.4896039496527777,0.48581234928570505,0.6991644601466281,0.6968935100075899,0.6997170497085073,0.6970024026398367,0.9875708614490109,0.9797086298158819,0.9884014253057796,0.9806508154840071
healthy_004.jpg,Healthy,67.8123774509804,112.90771241830065,65.2154411764706,109.17742406766627,0.761289549314387,0.7218475863581508,0.7661061020876702,0.7214983000926732,3.0154718137254912,4.169381007304882,2.919699754901962,4.160799692425989,2.925274020943987,3.04060601063909,2.9062936128240353,3.0439704155137877,0.4574554761324147,0.4542157113735423,0.4583256659238259,0.45467072792072233,0.6763545491326385,0.673955274015674,0.6769975376054376,0.6742927612845345,0.9937252824675635,0.9895803954405897,0.9939655784457435,0.9899246423363395
healthy_007.jpg,Healthy,548.8305147058823,728.7014840445981,424.173774509804,725.2188542868125,0.7443520250250047,0.7079841981698245,0.7489929042345029,0.7085737808781214,8.321384803921568,10.377885428681275,7.215655637254903,10.310249903883122,3.133909998668573,3.2386393284184525,3.094494597725414,3.237123680712725,0.4641502025447319,0.4610005017145831,0.46507526437304014,0.46141759666859855,0.6812856981800894,0.6789701773381384,0.6819642691322179,0.679277260526656,0.9483713247072354,0.9316345978079876,0.9600978271341033,0.9319613315793467
healthy_008.jpg,Healthy,160.07356004901965,279.2297270280661,119.37571997549023,225.80658208381394,0.5477422403877135,0.4339537627139618,0.5439362854431247,0.4340249066036086,4.233547794117648,6.139377162629758,3.8479013480392164,5.830788158400615,6.102298470583854,6.42490205865241,6.062223224189012,6.405656941353625,0.05722778050453102,0.0548211572723412,0.05735675252982629,0.05514042394305801,0.23922328587437097,0.23413918354760957,0.23949269828081668,0.2348199819927129,0.9887990228910362,0.9804289292810359,0.9916419197641652,0.9841733305625955
healthy_011.jpg,Healthy,931.4512561274512,1320.290949634756,677.8987898284315,1306.7375778546716,0.43401401018439123,0.3519398238462343,0.44371361035852763,0.35033833611068327,15.881280637254905,20.370918877354868,13.360003063725493,20.144267589388704,6.437130095935238,6.68670127008042,6.33106847036409,6.681394332180436,0.08038856667676646,0.07816582975139988,0.08104208283679207,0.07832047313893557,0.28352877574730656,0.2795815261268167,0.28467891182311356,0.27985795171646555,0.9359436061974417,0.9090600331847741,0.9533372237345625,0.9099935722507325
healthy_012.jpg,Healthy,188.7289522058824,256.5415763168013,150.86899509803925,303.66957324106113,0.7364644585155331,0.6857602161107914,0.768606588916349,0.686241005368968,3.2649509803921575,4.376193771626298,2.892708333333334,4.612472126105344,3.348454748877468,3.4908482958556464,3.284648841561907,3.5010477507025675,0.3254981345206397,0.3225358253213763,0.3267065219666491,0.3220454559738874,0.5705244381449752,0.5679223761407683,0.571582471710469,0.5674904897651478,0.9853398427617112,0.980113123452159,0.9882807424898585,0.9764598027302871
healthy_013.jpg,Healthy,180.1058823529412,346.3306113033448,237.34466911764707,397.128058439062,0.5832404791800827,0.48539320607292125,0.5775950114814614,0.47363624896196266,4.184926470588236,6.30714340638216,4.600275735294119,6.7637677816224535,5.319052688571985,5.6146005032247235,5.356907345604252,5.6611470850928365,0.09619696523628984,0.09316214705224568,0.09624435160811799,0.0928523769803735,0.3101563561113811,0.30522474842686936,0.3102327378084363,0.3047168800384605,0.9876669762865186,0.9762771276454613,0.9837474634684049,0.9727976161180163
healthy_016.jpg,Healthy,166.83731617647058,269.4879200307574,143.1967524509804,249.30079200307577,0.680804752920783,0.607000598647599,0.6875057485420526,0.6135659371097282,3.352297794117647,4.750049980776625,3.1073223039215687,4.633910034602076,3.985428347338487,4.180462964084794,3.958715871257826,4.164817597988547,0.2327252806209226,0.22923461425610267,0.23347398358278665,0.229544910786834,0.4824160866108453,0.4787845175609824,0.48319145644639316,0.47910845409660013,0.9880132322692188,0.9806655137544096,0.9897117368537833,0.9821138449046322
healthy_017.jpg,Healthy,205.00045955882356,284.8013840830449,158.44641544117647,324.83930795847755,0.6726208287057629,0.6143721176893676,0.6987434882919237,0.6163638433806021,3.499601715686275,4.646028450595924,2.9730698529411765,4.800984236831988,4.13590867135315,4.297594823658631,4.047034495534292,4.295404639649677,0.25624851530398474,0.253112167280765,0.25728540299535496,0.25296072900125194,0.5062099518025942,0.5031025415169009,0.5072330854699395,0.5029520146109885,0.9849559253120802,0.979133409104705,0.988372320174013,0.9761999438039816
healthy_018.jpg,Healthy,188.10251225490197,278.2201922337563,161.64623161764706,283.3017454825067,0.7504505235919058,0.7097720977204749,0.7509685440449476,0.710808544848962,5.058884803921568,6.660084582852749,4.6671875,6.716155324875048,2.9678185623836004,3.0776812185182925,2.944272763652033,3.077462115543997,0.45987617830000027,0.4566251934273645,0.4605688925937064,0.4568734341522151,0.6781417096005822,0.6757404778665879,0.6786522619086349,0.6759241334293481,0.9825367311151064,0.9742391363145152,0.9849929085309428,0.9737686269690193
healthy_019.jpg,Healthy,51.76792279411765,80.2004459823145,45.43630514705883,82.14056132256823,0.7799623438884644,0.7379416647814476,0.7815615034477768,0.7392015029232373,2.534773284313726,3.50963475586313,2.434957107843138,3.533933102652825,2.718643943815629,2.831214851903615,2.7041186310717524,2.8313521721459054,0.47334617324353934,0.4701392096406303,0.4741866736905203,0.4705590194289865,0.6880015793902943,0.6856669815884605,0.6886121358867562,0.6859730457014959,0.9951086815369973,0.9924428373845392,0.9957069276443581,0.9922600233497855
healthy_021.jpg,Healthy,104.76960784313725,160.4532410611303,81.07270220588235,157.76799692425988,0.751889255149141,0.7097004921785632,0.7579850570482912,0.7107140542454236,3.682751225490196,5.0356324490580535,3.3401960784313722,4.9849442522106875,2.9243473987893776,3.043458248167651,2.895985274490954,3.041764899096172,0.4414746288518088,0.43825142094078195,0.4421994956022773,0.4382522520173457,0.6644355716334044,0.6620056049164402,0.6649808234846154,0.6620062326121603,0.9905837453628327,0.9856165764546478,0.9927135242384719,0.985857288349826
healthy_022.jpg,Healthy,63.75744485294118,101.79746251441753,60.15514705882353,106.62157631680127,0.7526902906925184,0.708393715875007,0.753366410159945,0.7098571322173942,3.0485906862745096,4.228742791234141,2.9802083333333336,4.28727412533641,2.993659256436077,3.1189941590101165,2.9859960655912485,3.1209688380413665,0.4408579551875706,0.43754698031884043,0.44163031637095695,0.4378501290944646,0.6639713511798311,0.6614733405957042,0.664552719030595,0.6617024475506076,0.9942390863390054,0.9908258013365838,0.9945645781560154,0.990391042185375
healthy_023.jpg,Healthy,61.32824754901961,101.6483506343714,56.768443627451,95.12221453287196,0.772102352598865,0.7283123409051612,0.7719031014641884,0.728898607604993,2.829626225490196,4.037493271818532,2.7692401960784316,3.8843829296424457,2.7945214029461702,2.9196133453333104,2.7885535413733837,2.9089112480478216,0.4622905711548368,0.45896734539003353,0.46291307648068813,0.45913970047600955,0.6799195328528492,0.677471287502307,0.6803771575241839,0.6775984802787043,0.9943069864028827,0.9905894173753542,0.9947302664860928,0.9911936056638958
healthy_026.jpg,Healthy,204.13612132352944,335.4377547097271,196.4233762254902,328.5134948096886,0.7534923453984955,0.7123972745617131,0.7525945730885533,0.7121581270467107,5.305330882352942,7.407489427143407,5.264430147058824,7.339484813533256,2.794275732484221,2.912714188205012,2.7853792516336817,2.9088092922160227,0.4556190199157176,0.4522210741705975,0.45621337022381714,0.4525732931216677,0.674995570293404,0.672473846458431,0.6754356891842607,0.6727356784961444,0.9814475743417234,0.969595290428591,0.9821485288279986,0.9702229183813234
healthy_027.jpg,Healthy,168.48477328431372,257.4733717800846,148.54341299019612,318.30403690888113,0.5400439924377547,0.44019949657098056,0.5318895803629656,0.4306258650048711,4.595802696078431,6.427773933102653,4.420281862745099,7.0711264898116095,5.912324998635555,6.201365018012182,5.89770590685386,6.252656885858468,0.07819050437988845,0.07531082774924203,0.0782091714931607,0.07506644322910729,0.2796256504326605,0.2744281832269456,0.27965902719769425,0.2739825600820375,0.9883330064909779,0.9821580327431667,0.9897138773944862,0.9779426891216663
healthy_028.jpg,Healthy,189.36991421568632,250.95790849673205,112.65860906862746,257.46986543637064,0.7356683950699945,0.6861248556455994,0.7511556595592128,0.6865896650389836,3.57889093137255,4.611518646674357,2.8090686274509804,4.678108419838523,3.266501319061156,3.394843451485038,3.191991169546575,3.394296870556267,0.3536444611569544,0.35072372253241246,0.3553477082038009,0.35060094350485665,0.5946801334809785,0.5922193196210441,0.5961104832191771,0.5921156504474921,0.9847790495642424,0.9798732377729144,0.9909448598955274,0.9793509804360481
healthy_029.jpg,Healthy,211.82977941176478,294.41356401384076,166.99243259803924,332.5616301422531,0.7191207462125275,0.6618512393924671,0.7485199388349445,0.6634147824424443,3.520557598039216,4.615793925413301,2.900643382352942,4.798615916955018,3.6055648372706424,3.7480361409885967,3.510609372791376,3.751769250152276,0.28523767162588454,0.28196734222678654,0.2865130988344328,0.2819843374350592,0.5340764660850397,0.5310059719313772,0.5352691835277208,0.5310219745312421,0.9841489477918633,0.9780089324983292,0.9875040904313557,0.975159482609367
healthy_030.jpg,Healthy,342.3280943627451,500.9487120338332,311.5047794117647,553.1811149557864,0.45879653173060087,0.35102638295604494,0.44324382375756144,0.3516384774595995,7.7602022058823525,11.062852748942714,8.114185049019607,11.332441368704345,5.8401566836199645,6.15869347627009,5.903355458707484,6.16850511621829,0.05419285159347517,0.05192012583218148,0.05403731120636443,0.05172308784321411,0.23279358151262497,0.22785988201564022,0.232459267843561,0.22742710446033937,0.9760723379052991,0.9649455221915783,0.9782378324960965,0.9612904981040333
healthy_031.jpg,Healthy,137.04935661764705,216.1816532103037,130.74332107843142,213.35600153787001,0.7188670671266786,0.6702216509479457,0.7194670417081274,0.6730082073600551,4.567279411764706,6.257408688965781,4.453002450980393,6.206013071895423,3.3586670649956885,3.4936450124804668,3.3445048615393196,3.488795150545106,0.39738948213371206,0.39394403471530254,0.3980471784158287,0.3941375266751127,0.6303883581838358,0.6276496114197017,0.6309098021237495,0.6278037326068655,0.9883559438451879,0.9816770213670644,0.9888917203985773,0.9819165160441067
healthy_033.jpg,Healthy,119.58586090686276,210.66686658977318,131.49093137254903,218.3678738946559,0.5613711984777797,0.46069395388940676,0.5611561577381188,0.4582197670892803,3.804886642156863,5.4721568627450985,3.7657475490196077,5.533087274125337,5.641060762247621,5.929125134563378,5.6395781434223835,5.930137315468338,0.0825966215152,0.07969113455756896,0.08216126262660395,0.07959887169649506,0.2873962795778679,0.28229618232907255,0.2866378597230379,0.28213272000336126,0.9917270356385379,0.9854167452544782,0.9909023568219845,0.984883648839545
healthy_034.jpg,Healthy,121.89764093137255,220.34206843521724,137.0397212009804,217.46280661284123,0.6263489318308806,0.5262470114596834,0.6264479843867823,0.5137064850899644,3.500674019607843,5.0968858131487895,3.5251072303921562,5.171810841983852,5.292147488539405,5.572380916978289,5.285475531737509,5.594462241485825,0.07300250072838572,0.0704955390386775,0.07367341061731066,0.07055187782299448,0.2701897494879954,0.26550996033798335,0.2714284631672048,0.2656160345743353,0.9916187408041537,0.9848426500035425,0.9905811772959378,0.9850407146740031
healthy_035.jpg,Healthy,143.59712009803926,235.9657977700885,147.43676470588235,233.92224529027297,0.689970303737281,0.6325156676163795,0.6859633834997293,0.6381234006507404,4.931158088235295,7.020991926182239,5.102420343137255,6.91515570934256,3.5478912781761647,3.705066854403444,3.5502924670707268,3.6947721447687814,0.34124132695357556,0.33772809895818334,0.34185187809470063,0.3382496870085604,0.5841586487877891,0.5811437850981316,0.5846810054163729,0.5815923718624243,0.9886610023371291,0.981407024989624,0.9883578087827956,0.9815680471400737
healthy_036.jpg,Healthy,244.7720588235294,312.93828527489427,166.29944852941173,357.7050057670127,0.6989107522969573,0.6412581074665138,0.7197606370871759,0.6384842691352082,3.833792892156863,5.011826220684351,3.207046568627451,5.288765859284891,3.7299818243125973,3.8828901306857158,3.6598779440998754,3.9006906499412866,0.26801723892346846,0.2649407409476821,0.26926901225171057,0.2646770266840556,0.51770381389697,0.5147239463515196,0.5189113722512839,0.5144677119937223,0.9819162681868094,0.9769188566428534,0.9877138156930914,0.9736170327947417
healthy_038.jpg,Healthy,547.5935661764706,774.8822914263744,456.72072610294117,803.8652364475201,0.501670294476298,0.40002759992906595,0.4892909041135657,0.404181351616398,9.873621323529411,13.801999231064976,9.675382965686275,13.817962322183776,5.274187109043419,5.561044100430727,5.2968065968743385,5.548287956676418,0.08690725089677795,0.08373199400875159,0.08699271525112034,0.08384457827638825,0.2948003576944539,0.28936481128283653,0.29494527501067097,0.2895592828358094,0.9628176682443105,0.9473547410777788,0.9689880608755664,0.9453856489177838
healthy_039.jpg,Healthy,263.581556372549,393.3178931180315,184.88725490196077,377.98483660130717,0.5741082066941416,0.4769330966325483,0.5802485162260105,0.48173597397661405,5.612622549019608,7.542729719338716,4.572855392156862,7.4451980007689365,5.261740877340622,5.513780160964018,5.1779721607945195,5.498878815388174,0.10169853940829553,0.09892914732319112,0.1023275210077329,0.09890011262045281,0.3189020843586563,0.3145300420042434,0.3198867315281034,0.3144838829263796,0.981938385652453,0.9730328293954142,0.9873264375214701,0.9740841142675527
healthy_040.jpg,Healthy,187.85392156862747,245.5243060361399,107.59181985294117,243.32595155709345,0.6954281508320278,0.6150246194404662,0.698330440575912,0.6286526219679839,3.185294117647059,4.252118415993848,2.5902267156862746,4.145943867743176,4.114736136139361,4.322409677437097,4.078801839013947,4.286291216582294,0.22767067586216097,0.22445079222332034,0.22875528079644852,0.22453725587754159,0.47714848408243,0.473762379493476,0.4782836823439082,0.4738536228388906,0.9864981314142179,0.9823774017520878,0.9922669135654492,0.9825351894612403
healthy_041.jpg,Healthy,344.16712622549016,443.8006305267204,191.3480698529412,443.0805690119185,0.6954723029662486,0.6441460373244798,0.7044320402255123,0.6462970402161184,6.340012254901961,8.222898885044211,5.05343137254902,8.099407920030757,3.501871590303946,3.6410026987575668,3.432396695292864,3.6291018042298373,0.3367738832138631,0.33359506592634847,0.3385818323049579,0.33390211087593685,0.5803222236084562,0.5775768917870143,0.5818778499865397,0.5778426350451625,0.9729979572350661,0.9652544274431675,0.9849875587426922,0.9653108017425421
healthy_042 - Copy.jpg,Healthy,60.417003676470586,100.13357939254134,57.146415441176465,93.53353325643982,0.7721431748287022,0.7290578042290785,0.7703186284497233,0.731023147316433,2.8144607843137255,4.010488273740869,2.7915747549019607,3.849534794309881,2.829620942303279,2.9533672909609505,2.822609883608461,2.937423206395151,0.4756749644677302,0.47221559046065287,0.4762614895572391,0.47266176186043846,0.6896919344662008,0.6871794456040233,0.6901170114967744,0.6875040086140869,0.9942356234898212,0.9904723364207688,0.9945476697822684,0.9911003277456937
healthy_043.jpg,Healthy,101.57919730392157,160.4503498654364,89.53835784313728,153.60163014225301,0.7798770335305977,0.7397102917149946,0.7782984042241552,0.7409040263610568,3.532904411764706,4.905005767012689,3.3832107843137265,4.766351403306422,2.6666610214633564,2.7759460327957575,2.6528188580842045,2.7705713269891143,0.49810627750688596,0.4948045373965979,0.49864387544472843,0.4950664227714743,0.7057664468553928,0.7034234410343445,0.7061472052233362,0.7036095669982567,0.9899826605989452,0.984221411742766,0.9911700806490508,0.9848949106082528
healthy_044.jpg,Healthy,505.3464460784315,736.9427758554401,395.219975490196,758.3459592464435,0.45843282243111055,0.3751880932068986,0.46554916079137243,0.37361162747137655,11.059099264705885,14.424975009611686,9.483394607843138,14.525797770088424,5.994029192550491,6.2255591294334005,5.896948971300452,6.229563314414097,0.090022302002047,0.08727490083443196,0.09005554210951766,0.087120807437946,0.300037167701015,0.2954232570980693,0.3000925559048702,0.29516234081932946,0.965327909910022,0.9494158699059589,0.9728837459887306,0.9479467444208485
healthy_046.jpg,Healthy,328.6073223039216,606.6213610149944,355.96262254901967,521.2243291041907,0.4523497936743074,0.3544207614971969,0.44255397538951713,0.3543108116947191,8.654748774509804,12.713356401384083,9.047089460784315,12.163075740099963,6.1609098974505185,6.49324175199849,6.200622481140526,6.467610422247812,0.06861889010161357,0.06549479727209881,0.0685280286766208,0.06608375786617428,0.2619520759635502,0.255919513269502,0.2617785871239678,0.2570676134136198,0.9773263199057702,0.9581038002650909,0.9754388229312956,0.9640017315540863
healthy_047.jpg,Healthy,123.05830269607841,203.38989619377165,82.3423406862745,156.8331564782776,0.5458537165935223,0.46493481705010686,0.5623848530131463,0.46266068241163344,4.4250919117647065,6.0236524413687045,3.611703431372549,5.664344482891196,5.706519936797944,5.942848395685543,5.60237361583201,5.925784867740205,0.11407682953408843,0.11102081454786045,0.1141781623250748,0.11106407771180783,0.3377526158804524,0.33319786095931114,0.3379025929540565,0.3332627757668231,0.9915410612600721,0.9860197798006487,0.9943398470456097,0.9892199066760092
healthy_049.jpg,Healthy,260.21078431372547,352.0679892349097,115.67841605392155,300.0243444828912,0.5269516449790027,0.4231800575073626,0.5529227793516123,0.4267794847095363,5.839368872549019,7.764659746251443,4.415517769607844,7.402552864282969,5.509020620201971,5.758433194823343,5.360552022695627,5.733809620812603,0.05487827581151179,0.05262354936682591,0.05554936087438575,0.05298321063927,0.23426112740169205,0.22939823313797755,0.23568911912599136,0.2301808216148122,0.9818040655673851,0.9753572234792979,0.9919196788640203,0.9789999855200442
healthy_050.jpg,Healthy,66.68170955882351,107.0815840061515,60.061427696078425,107.25450211457134,0.7834771018553718,0.7427180807944013,0.7828291001346241,0.743045173657923,2.823774509803921,3.9797308727412535,2.76124387254902,3.9677354863514043,2.661926443105528,2.777094796329693,2.656149793443193,2.7748142701108964,0.49020798439339724,0.4870639226831547,0.49093395275686486,0.487107504418568,0.7001485445199449,0.6978996508690591,0.7006667915327977,0.6979308736677065,0.9935197601188195,0.9896225546282701,0.9941631301649003,0.9896057968613717
healthy_051.jpg,Healthy,82.25618872549019,125.01834678969627,68.84145220588235,127.1759169550173,0.7677911064906707,0.7275470574197224,0.768716708231623,0.7282035434534868,3.3078431372549018,4.495778546712803,3.097702205882353,4.475909265667051,2.8117990796622294,2.921214708797451,2.791723170605973,2.9209447820241277,0.4738324888611425,0.47056130122371825,0.4742150885946059,0.470751297648067,0.6883549148957553,0.685974708880523,0.6886327675870543,0.6861131813688373,0.9921879015763249,0.988158947282734,0.9934619363163562,0.9879545940599888
healthy_052.jpg,Healthy,123.57745098039216,194.43063437139563,113.73817401960784,193.3755940023068,0.7729516972517685,0.7357028510272149,0.7745362649241218,0.7367907204100931,3.972640931372549,5.460269127258746,3.846905637254902,5.429111880046136,2.6973066590250663,2.8038190339526388,2.6835590728152727,2.800734366840526,0.4968147150528793,0.4936056139056327,0.4974858748550737,0.49399480500283727,0.7048508459616681,0.7025707180815556,0.7053267858624637,0.7028476399639094,0.9878470637784503,0.980932743875992,0.9888146845249697,0.9810362086669372
healthy_053.jpg,Healthy,367.1719056372549,513.8153325643983,291.32224264705883,551.3368704344482,0.6929240836632145,0.6354770215481315,0.7223853860499183,0.6353071499516653,5.831250000000001,7.723890811226452,4.910753676470588,7.9582006920415225,3.6061154730985026,3.7509663826858075,3.5271610825788975,3.7649927031577923,0.26458684103620006,0.26113172158521236,0.2656980128070109,0.26074148856774537,0.5143800550528763,0.5110104906801938,0.5154590311625269,0.5106285230651979,0.9729392650087055,0.9621913871666181,0.9785294193692204,0.9594304004690015
healthy_054.jpg,Healthy,71.00962009803919,97.88330642060745,50.22659313725491,103.00389081122646,0.7691371359488227,0.7273116291579557,0.7701449397068204,0.7282884106488267,2.9037990196078427,3.8642368319876974,2.586825980392157,3.8717108804306033,2.8659079326714196,2.978869871922309,2.837643089871218,2.9756444630389383,0.46302658321581514,0.4598305428027932,0.46394933434368685,0.46001996783244137,0.6804605669807877,0.6781080613020267,0.6811382637495025,0.678247718634159,0.993357970685743,0.9908688408956355,0.9953019534041683,0.9903911611718103
healthy_055.jpg,Healthy,181.28765318627455,284.23452518262206,140.02031250000005,240.94726643598617,0.7429234140219432,0.6953365699265519,0.7739250510209261,0.6969670590429923,3.009865196078432,4.251011149557863,2.6683517156862746,4.036878123798539,3.2796389772628345,3.4261248623702825,3.217710349798414,3.4168408104483468,0.34723438947854357,0.343803675544895,0.34842014839263297,0.34430992793857856,0.5892659751576902,0.5863477428496634,0.5902712498441991,0.586779283835565,0.9855537766783155,0.9773994481774446,0.9888422368076626,0.9808413802718344
healthy_057.jpg,Healthy,194.52680759803926,267.9798231449443,126.29892769607847,266.14437524029233,0.6627395511990533,0.6040719729118409,0.6893682492979525,0.6056128038634957,3.399080882352942,4.520968858131489,2.806403186274511,4.450565167243369,4.26078413643666,4.426249911008041,4.171067951208716,4.412332584317619,0.23999492828592073,0.23685064848775383,0.24121961864220653,0.2370064196466595,0.4898927722327823,0.4866730406420247,0.4911411392280294,0.4868330511034142,0.9858735951582348,0.9805683946670948,0.9908282575252956,0.9807014856545946
healthy_058.jpg,Healthy,182.06191789215683,247.13414840445984,107.39417892156862,244.35278738946562,0.7165560773754551,0.6583662089290744,0.7213524247049471,0.6610372950413443,3.33734681372549,4.365244136870435,2.711611519607843,4.386589773164168,3.666942443819062,3.819607924072209,3.6191525566674496,3.813931473380283,0.32360694354334857,0.32065418875211543,0.325236361986488,0.3206743622251579,0.5688646091499704,0.5662633563564885,0.5702949780477538,0.5662811688774031,0.9857338825491964,0.9806745586008008,0.9915847661476291,0.9808920559788538
healthy_059.jpg,Healthy,252.9009191176471,309.59221837754717,154.24212622549018,354.5247520184545,0.7168504231561854,0.6627874352337616,0.7483123862878751,0.6608870880425642,4.419730392156865,5.70737408688966,3.549448529411765,5.898777393310265,3.3927856190032735,3.5318114063790795,3.3005865217262498,3.537858204307888,0.2918508310402325,0.28892060271379977,0.293617457382865,0.2884870759050618,0.5402322010397311,0.5375133511958561,0.5418647962202979,0.5371099290695172,0.9811981776054113,0.977025776654595,0.9885329279420042,0.9736914226170456
healthy_061.jpg,Healthy,47.02965686274511,74.37407151095732,39.694730392156856,70.1042983467897,0.768379864045058,0.7251958807558933,0.7723201862020995,0.7256840477917665,2.5085477941176473,3.47761630142253,2.3084252450980385,3.361660899653979,2.8888763112896827,3.0111192956191726,2.867274253635158,2.998323725522141,0.45972001453767786,0.45633652841948097,0.46041479173049416,0.45669126637922514,0.6780265588733806,0.6755268524784792,0.6785387179302992,0.6757893653937039,0.9956334344504056,0.9931130335357916,0.9963144608361335,0.9935084103652969
healthy_062.jpg,Healthy,124.78353247549023,242.75818531334104,138.1492800245098,237.1160015378701,0.5369353066949378,0.4297358934499278,0.5392072750843956,0.4211688936131748,3.482674632352942,5.401753171856979,3.782797181372549,5.351972318339101,6.0688635921983085,6.4057292008955224,6.11240945244779,6.414213273356831,0.045715754185214244,0.04326312220435134,0.044810404295373175,0.04312279431165459,0.21381242757429758,0.20799788990360296,0.2116846812959624,0.2076602858315826,0.9911637513771276,0.9827790274772876,0.9902126782040718,0.9831792808882756
healthy_063.jpg,Healthy,208.16001838235297,295.2644059976932,171.78933823529414,343.7918646674357,0.6743862041656434,0.6158131146464225,0.7058788659040351,0.6191078717965521,3.3213541666666666,4.403475586312957,2.7930759803921577,4.550865051903115,4.231334984491048,4.397110954134514,4.129509006970749,4.389323123696639,0.2425569512449013,0.2394024421151714,0.24364394103229536,0.23935350509171868,0.4925007119232431,0.4892876884974436,0.49360301967501713,0.4892376775062594,0.9848592113452065,0.9785559491608973,0.9875046798920347,0.9750315646781483
healthy_064.jpg,Healthy,164.52352941176474,220.21776239907723,93.58299632352943,209.88389081122648,0.6875383700603258,0.6206775270264476,0.6929230396051669,0.6311817260291004,3.2009497549019614,4.240522875816993,2.598774509803922,4.1006997308727415,4.160976102306978,4.345085698907343,4.114416276066651,4.314973486450892,0.27457717913107343,0.2714906969356859,0.2757770687046075,0.2715991370544643,0.5240011251238621,0.5210476916134318,0.5251448073670799,0.5211517409109023,0.9876789009174193,0.9835367123430122,0.9929916081045088,0.9843092635609872
healthy_065.jpg,Healthy,218.26685049019608,336.56990388312187,194.7482230392157,342.45896193771625,0.7532026223495767,0.7099113026587963,0.7512067146427226,0.7087563260517529,5.280606617647059,7.205874663590927,5.065134803921568,7.302237600922723,2.858788388566893,2.975730210295696,2.8449401604817535,2.9795257295076922,0.44748876645719954,0.44433302626189536,0.4484071532546076,0.4444332785973395,0.6689460116161838,0.6665830977919373,0.669632102915181,0.6666582922287395,0.9803158652895956,0.9697262785250257,0.9824368645614007,0.969196570725137
healthy_066.jpg,Healthy,97.40128676470589,171.5607843137255,80.55116421568627,155.85027297193386,0.5751319611926784,0.4885934880632794,0.5718180895966688,0.48317088883238446,3.6739889705882356,5.218331410995772,3.4552696078431375,5.320015378700499,5.75660149488141,6.020807240186725,5.741324362024161,6.048177343916167,0.12423206415876706,0.12120901962853727,0.12462884007578218,0.12108180649769307,0.3524656921726809,0.34815085757260067,0.3530281009718379,0.3479681113229962,0.9932922023136056,0.9881876552368845,0.9944526306488374,0.9892693591770736
healthy_067.jpg,Healthy,78.68023897058825,133.7867896962707,81.03314950980393,132.0318339100346,0.7545546879873852,0.7105580997061034,0.7579133812643801,0.7148864209715515,3.318933823529413,4.730549788542868,3.346721813725491,4.6609457900807385,2.933944647087465,3.0595715466651354,2.9232473837810913,3.0502991630307257,0.4457238370608662,0.4424198870661788,0.44655634321647625,0.4429934106614126,0.6676255215769288,0.6651465154882635,0.6682487135913366,0.6655775016190171,0.9928837299981113,0.9879312682023383,0.9926709199341561,0.9880895804747899
healthy_068.jpg,Healthy,290.9289522058824,401.9503267973856,235.21755514705887,467.3021453287197,0.721042866509332,0.639241799902313,0.7164152247494994,0.6236928744478334,4.506740196078432,6.2324644367550945,4.167861519607844,6.768873510188388,4.02941348870965,4.243740658536603,4.029158122576574,4.288205233868823,0.1889843766426225,0.18499195621830014,0.18927583359333705,0.1842834128357753,0.43472333344625347,0.43010691254419536,0.4350584254940215,0.42928243946820754,0.9801909946135556,0.9726583716613552,0.9839843171964642,0.9682129837255492
healthy_069.jpg,Healthy,278.63636642156865,440.1954017685506,289.88247549019604,562.0396155324875,0.5160795321675969,0.43197757246122326,0.5223921581535886,0.4210914825018526,6.667218137254903,9.119354094579009,6.5353860294117645,10.187558631295655,5.62317560010997,5.8654571101865205,5.583840327644944,5.933757318636566,0.09707545895339986,0.09437611139713364,0.09724466889237317,0.09366910091806584,0.31156934854603374,0.3072069520651081,0.31184077490343237,0.30605408168829545,0.9808896497453571,0.9698001469019871,0.9801183323252246,0.9614409560932458
healthy_070.jpg,Healthy,262.73330269607845,377.1846828143022,169.9354166666667,338.08064590542097,0.6877003062029139,0.6325600870931433,0.7147134830934408,0.6336119541940902,4.871507352941177,6.540899653979239,4.07282475490196,6.389296424452132,3.5605684617848783,3.707967536188847,3.478426280952973,3.7031771336229413,0.2866263592935261,0.2834717515118915,0.28833150485990966,0.2838159242275285,0.5353749707387581,0.5324206527848929,0.5369650871890179,0.5327437697688528,0.9804699403925601,0.9720132467823489,0.9873681063013929,0.9749147300096558
healthy_072.jpg,Healthy,325.3194240196079,498.91743175701663,298.7669730392157,494.7056055363323,0.7543229571354524,0.7157047813758358,0.7584870236783618,0.7178620986924669,6.394577205882353,8.679830834294503,6.139399509803923,8.61683967704729,2.8067299351451616,2.914178930454286,2.783877683804495,2.908653581239877,0.471252882333042,0.468008453377808,0.47222459651561316,0.4686608180895144,0.6864786102516538,0.6841114334505805,0.6871859984863,0.6845880645245829,0.9695786340336144,0.9534714502231143,0.9720616146641539,0.9538642410006796
healthy_073.jpg,Healthy,68.23829656862745,102.41568627450982,54.960539215686275,99.57213379469434,0.7509448633148568,0.7058218891508377,0.7523050269735206,0.707793556240266,2.9742647058823533,3.9840061514802003,2.6915134803921568,3.9443598615916953,3.1534316677230656,3.2750993776372557,3.1255614154547136,3.273978551734298,0.43505846984933677,0.43186166311983937,0.4360908466648569,0.43232625419407333,0.6595896223026381,0.6571618241497594,0.6603717488391345,0.6575152121389081,0.9938466329885791,0.9907884648125275,0.9950439505974539,0.991044221373637
healthy_074.jpg,Healthy,313.56639093137255,410.4577008842753,216.2892156862745,425.7474509803923,0.7262200963412065,0.6813419552952404,0.7273338661134328,0.6833300809675403,6.188909313725491,7.918523644752019,5.46109068627451,7.959892349096505,3.361442393507735,3.4825319364716103,3.3292983715600597,3.482447225027366,0.4131475560218726,0.40984936613117634,0.4139595770331723,0.41018319508910384,0.6427655529210262,0.6401947876476162,0.6433969047432326,0.6404554590985261,0.9726281774579801,0.9642591355160106,0.9811196920309833,0.9629277708345779
healthy_075.jpg,Healthy,93.33060661764708,143.74099192618223,81.92674632352943,146.37407151095732,0.7480887733497461,0.7076394829422288,0.7506803944880787,0.7051097242787285,3.646599264705883,4.90562091503268,3.42405024509804,4.996539792387543,3.029175401358102,3.142370571268744,3.0061946217630444,3.1481242633846005,0.44391651603819005,0.44083844958930274,0.4446975968480798,0.4407753418117215,0.6662706027119837,0.6639566624331009,0.6668565039407502,0.6639091367135427,0.9915533105520165,0.9870249855528939,0.9925853928442409,0.9867873063411738
healthy_076.jpg,Healthy,229.7363970588235,322.162060745867,149.23808210784318,320.2813994617455,0.6943121719573877,0.6145811277887825,0.7083665518215505,0.6301471712920598,3.566482843137255,4.915709342560554,2.8852941176470592,4.683798539023453,4.094176169053707,4.297908953595847,4.023955749823012,4.255333202323636,0.22190206513776997,0.21866954894614365,0.22332529832839237,0.21898341149065642,0.47106482052661286,0.4676211596432989,0.47257306136553356,0.467956634198786,0.9835171954874058,0.9769162490061648,0.9892926978252052,0.9770510032869324
healthy_077.jpg,Healthy,214.16571691176472,363.51667820069207,193.00358455882358,319.7186005382545,0.5703544800326832,0.47353010867375955,0.5890247583874797,0.4884407055776837,4.5492340686274515,6.5948481353325645,4.328094362745099,6.296132256824299,5.683739524896315,5.97919688622285,5.646131057865151,5.934431819762505,0.0869172845038943,0.0837218499790324,0.08693841355619684,0.08408095049947516,0.29481737483380166,0.2893472826536175,0.29485320679313776,0.28996715417349456,0.985153893059005,0.9747869097781169,0.9866208658525112,0.9778246930487885
healthy_078.jpg,Healthy,200.076868872549,283.8992695117263,164.1291666666667,324.65460976547485,0.7108490813954453,0.6534065134937607,0.731047223092894,0.6564971569638884,3.2515012254901956,4.295394079200308,2.7670955882352946,4.4640369088812,3.7381736900049187,3.8837101459474566,3.662562818009975,3.8872854917264377,0.3038108636195364,0.3006105286154837,0.3049687115626353,0.30056304077292006,0.5511904059574481,0.5482796080609634,0.5522397229126453,0.5482363001233319,0.984658027600314,0.9782723978562523,0.9874145114366646,0.9751532781072321
healthy_079.jpg,Healthy,179.56700367647056,240.63621683967713,119.8669117647059,265.3941407151096,0.7292034651297059,0.6648362966120798,0.7589151380313119,0.6799586784643622,2.778247549019608,3.6108573625528653,2.1459252450980397,3.6541022683583235,3.8000984922141106,3.958555851098521,3.709819648018235,3.9367240286098317,0.2645124801054959,0.2612366176851213,0.26577098407914035,0.26138581863273513,0.5143077678836826,0.5111131163305451,0.5155298091082031,0.5112590523724104,0.986706471323802,0.9822149900425026,0.9911261301004812,0.9803851743629081
healthy_080.jpg,Healthy,254.8420036764706,429.20009227220305,198.2010723039216,353.10428296808914,0.5612169265907748,0.47062177131216343,0.558055743898012,0.4730536495572623,5.379901960784313,7.960230680507497,5.183241421568628,7.43750865051903,5.225459597634767,5.515217760387399,5.23343523294475,5.490977185458105,0.12315882887028129,0.11933162382019394,0.12307507178729339,0.12019719715644807,0.35093992202409985,0.3454440965195294,0.3508205692192141,0.3466946742545205,0.9825350247812126,0.9705908861829615,0.9864167728781486,0.9758050283910321
healthy_081.jpg,Healthy,124.33636642156864,279.48927335640144,176.29632352941178,245.66868127643215,0.5786415873800677,0.4452510764758105,0.5346843904976791,0.4525212804209482,3.880698529411765,6.445336409073435,4.573345588235294,6.072156862745099,5.447370447745902,5.822900794396501,5.553507797403283,5.785883304598459,0.07676436738480243,0.07318007905456171,0.07539747379688701,0.07362031100036791,0.2770638326898739,0.27051816769777537,0.27458600437183067,0.27133063041309563,0.9913709724511609,0.9805872055019463,0.9877717715005829,0.9829363196413424
healthy_082.jpg,Healthy,110.02435661764704,192.09208765859287,101.62110906862745,183.61547097270284,0.6190838450911145,0.5389962814356452,0.6212695651551761,0.5399868409736966,3.3691789215686274,4.835463283352557,3.1766237745098036,4.817685505574779,5.088033556303224,5.329769923871572,5.063061745493762,5.3277147097624145,0.17294691227344952,0.16951614664516254,0.17314372941559436,0.16959245267065975,0.41586886427508557,0.4117233860799779,0.4161054306490055,0.4118160422696762,0.9923137055903769,0.9865920287339521,0.9929007559185438,0.9871836940874972
healthy_083.jpg,Healthy,108.46213235294117,170.56750480584392,104.68765318627452,173.23580161476355,0.7459978819960634,0.7024867525121565,0.7482241264092617,0.7065445261423373,3.8651654411764707,5.341453287197232,3.836856617647059,5.342283737024221,3.0469647068989048,3.170124373466991,3.0373810740990703,3.1646329918175935,0.44343879274385145,0.4400944750052512,0.4440907472392679,0.44052270588856124,0.6659120007507384,0.6633961674634933,0.6664013409644881,0.663718845512587,0.990179378950642,0.9845963679736631,0.990521136287976,0.9843553990843753
healthy_084.jpg,Healthy,270.6367340686275,485.67120338331426,276.6947610294118,477.7433294886582,0.5466306546323402,0.45412256820788793,0.5491557777107382,0.45410043542701384,5.5066482843137265,8.29865436370627,5.6484375,8.279369473279509,5.338765650844538,5.6365402283830655,5.353925124985101,5.635983217509501,0.11418335219063887,0.11086945632509668,0.11417856910878628,0.11088011368767903,0.337910272395852,0.3329706538496999,0.33790319487803944,0.3329866569213833,0.9814782728573315,0.966762696026764,0.9810636760629359,0.9673052465273136
healthy_085.jpg,Healthy,103.77515318627454,156.6756170703576,91.00949754901963,156.74820453671666,0.7622644973697822,0.723810311460311,0.7641517774126122,0.7233163047053203,3.679626225490197,4.956893502499039,3.4735906862745107,4.901776239907728,2.9519323560961355,3.0634439484841463,2.9328912771267266,3.0607620004783267,0.4772180034985044,0.4740716257802243,0.47796036276987824,0.4744107610697746,0.6908096724123833,0.6885285947440559,0.6913467746145043,0.6887748261005004,0.9900507341361282,0.985020074355689,0.9912746196035264,0.9850131341893178
healthy_086.jpg,Healthy,145.93195465686279,227.9373779315648,164.2685968137255,302.9573548635142,0.642129159486339,0.5472879993749838,0.6367643575120459,0.5394424986672879,3.6732843137254907,5.057500961168781,3.7429227941176477,5.7478200692041534,4.944304586952557,5.190483618238757,4.964270966498682,5.258798500190763,0.12307969858535481,0.11986250259231024,0.1227984958224827,0.11912663384280825,0.3508271634086432,0.34621164421825884,0.350426163153499,0.3451472639943829,0.9900141411932688,0.9844052847483712,0.9887593941629722,0.9792726681101784
healthy_088.jpg,Healthy,168.27411151960786,229.38989619377165,115.99280024509804,259.5146789696271,0.5019210487182191,0.41780101502590894,0.5374166075524944,0.4179849866389448,5.064522058823531,6.578946559015764,4.228860294117647,6.7600768935025,6.054793146096228,6.295000334696018,5.929090017005846,6.294361998397431,0.0667173509550113,0.06463630641572957,0.06752779176353449,0.06476586082216922,0.25829702080165634,0.254236713351415,0.2598611009049536,0.2544913767147508,0.9883071979021262,0.9840464646408715,0.9919411033117229,0.9819513558537143
healthy_090.jpg,Healthy,187.8279105392157,275.81948481353334,148.5076286764706,283.9871741637832,0.6293774852600208,0.5584165459380138,0.644890073538313,0.5641344383021829,3.711795343137255,5.149834678969628,3.418014705882353,5.0830911188004615,4.596983921944799,4.803209749294721,4.542570134958535,4.782903558304162,0.19243009890652032,0.1890979249840471,0.1932219330268106,0.18928411900843747,0.4386685524476542,0.4348539122326567,0.4395701684905501,0.43506794757651074,0.9868311929484229,0.9806826913033369,0.9895879781545064,0.9801106585601683
healthy_093.jpg,Healthy,355.05015318627443,462.64778162245284,202.3959558823529,461.1441138023837,0.697557122606265,0.6419707021778844,0.7027654646073217,0.6466820712253437,6.378553921568626,8.421960784313724,5.1938419117647046,8.18162245290273,3.4792096465173032,3.6274618078063483,3.420856347046365,3.609574865565121,0.3369128721853898,0.33364617926355755,0.3386063760172995,0.33390712855390386,0.5804419628054038,0.5776211381723816,0.5818989396942561,0.5778469767627965,0.972224782264111,0.9638837889261541,0.9841667671650142,0.9640011714934805
healthy_095.jpg,Healthy,196.4635416666667,237.29787004998082,111.77990196078434,275.7283813917724,0.7036051955528034,0.6355461314028229,0.7128138996551632,0.6320986210336927,3.6234068627450986,4.70000768935025,2.8845281862745105,4.826820453671665,3.839637375421322,4.0047260461420215,3.772777957317188,4.0095997026267725,0.24908548638894912,0.24587764532051598,0.2502565040573714,0.24579693120721763,0.4990846485206183,0.4958605099425805,0.5002564382967714,0.4957791153399038,0.9857906224966508,0.9828638576717403,0.9919154321927934,0.980088650663089
healthy_097.jpg,Healthy,100.62104779411764,159.2178085351788,88.6951286764706,153.73090349865438,0.7158593845859711,0.6693557919262503,0.7209924050934085,0.6696442005682786,4.001317401960784,5.497793156478277,3.808976715686275,5.413179546328336,3.3770703461029283,3.512734175520392,3.3520344742203765,3.5068917622901363,0.38816411166134274,0.38488651935101414,0.389084237291922,0.38496432989943685,0.6230281788662072,0.620392230247135,0.623766171968248,0.620454937847574,0.9915405626310754,0.9866459559146027,0.9925432014233986,0.9871061580265664
healthy_099.jpg,Healthy,197.7539828431373,284.0294348327567,122.82331495098042,253.28861207227993,0.7371311819149862,0.6968030108516735,0.7787509081604502,0.6864221180180305,2.757935049019608,3.595294117647059,2.062591911764706,3.5044059976931954,3.6161647187039225,3.735755907196716,3.4983458750110445,3.7528351809439977,0.31987051770578023,0.31672294165391385,0.3216032494732345,0.3168734968258888,0.5655709661092764,0.5627814332881939,0.5671007401452007,0.5629151772921821,0.9845335121576695,0.9778307707747789,0.990393896091838,0.9802301711987179
healthy_100.jpg,Healthy,206.75517769607842,279.4842906574395,124.82686887254901,269.11947712418305,0.6645206531382923,0.606550191099182,0.6759403763784968,0.6016355753535462,3.869577205882353,5.021330257593235,3.177450980392157,5.094133025759324,4.2188624778219666,4.369508348001467,4.154049013538087,4.393839800924233,0.2596499006072635,0.25656631198393076,0.2607897438832496,0.2566002749659618,0.5095585350156187,0.5065237526354818,0.5106757717801478,0.5065572770832157,0.9847041281415138,0.9793572253114954,0.9907652334899334,0.9801227728488976
healthy_101.jpg,Healthy,342.6126838235294,608.8850442137639,331.1961703431373,547.9644444444446,0.5186151779513,0.41810008068979576,0.509624530383088,0.4215616680137311,6.500337009803921,9.528212226066898,6.333731617647059,9.261791618608228,5.767301071667623,6.073873023825554,5.76803542817,6.061517103183349,0.08976171884386412,0.08663788431415415,0.08981988034950499,0.08694408837224495,0.2996026015305343,0.2943431404231363,0.299699650232537,0.2948628297568972,0.9764380673057675,0.9581072461995761,0.9772231962135061,0.9622987298166613
healthy_103.jpg,Healthy,143.39923406862744,220.5217993079585,119.50079656862745,227.3781161091888,0.5803973866231577,0.4817106933403772,0.5893307108552923,0.4822400449422609,4.163449754901961,5.972195309496348,3.903921568627451,5.889796232218378,5.4914857423168275,5.782660746118434,5.457634430226077,5.779871208024112,0.08626982434077339,0.08311887720704823,0.08632648085227888,0.08331155299007376,0.2937172523716872,0.28830344640161387,0.29381368390917206,0.2886374074683906,0.9901526583268829,0.9848484873351232,0.9917937834071153,0.9843774066021787
healthy_104.jpg,Healthy,126.53229166666668,204.46994232987313,124.35520833333335,208.72492118415994,0.7600915835416149,0.717143620420124,0.7592667935424134,0.7184586831943057,3.9672487745098035,5.5198462129950014,3.977542892156863,5.591234140715109,2.8660640783816502,2.9876720080181047,2.8639247638596967,2.987946124498717,0.45658330721563667,0.453141472899327,0.4571987735523899,0.45363538614743304,0.6757094843315703,0.6731578365430555,0.676164753260912,0.6735245995117276,0.9883958902796683,0.9812981831302451,0.9885955477231364,0.98090900203883
healthy_105.jpg,Healthy,211.47331495098044,264.7850211457132,130.83955269607844,293.9613071895425,0.686614475168567,0.6247169277092763,0.7114261676495525,0.6277362248605133,3.3658394607843145,4.289396386005381,2.6296262254901963,4.410549788542867,4.085183496501966,4.244536254142778,3.992036984993947,4.241973172614044,0.2466549454996652,0.24399231064975005,0.24833756648866287,0.2438947998736474,0.49664368061988384,0.49395577803053387,0.4983347935762291,0.49385706421357123,0.9845659885962078,0.9807054462214544,0.9904512317886072,0.9785794066981648
healthy_106.jpg,Healthy,126.25710784313728,196.67057285659362,111.44981617647059,188.49663975394083,0.7468748479702989,0.7049778467904101,0.7475182212843983,0.7046945200009159,4.044515931372549,5.518154555940023,3.874938725490196,5.467066512879661,3.0832206086151657,3.2059117734394995,3.0719047174948946,3.206167486534512,0.4416598244402694,0.4383388395998876,0.4422317603440158,0.43844091715826333,0.6645749201107949,0.6620716272427687,0.6650050829459996,0.66214871226807,0.9885921639582667,0.9822762168853392,0.9899300621442867,0.9830128447163407
healthy_107.jpg,Healthy,160.5352022058824,214.27509419454057,93.73658088235297,208.43653979238763,0.7166258669364879,0.6480313292569115,0.717079515023861,0.656290076080121,2.9666666666666672,3.979915417147251,2.4892156862745103,3.9154479046520576,3.7766895783474705,3.9563919787799335,3.747451384208981,3.9317588504634857,0.29096768037120646,0.28785504489814856,0.2921736338027668,0.2878575092742995,0.5394142011211852,0.5365212436596976,0.5405308814515289,0.5365235402797341,0.9878255902839421,0.9837801008283552,0.9928913563793902,0.98422205962934
healthy_108.jpg,Healthy,125.0220281862745,270.2721414840446,207.85569852941177,280.8283890811226,0.6756501629110335,0.600817692858631,0.6637367053202663,0.6057437437609322,3.180637254901961,5.1183698577470205,3.891544117647059,5.045259515570935,4.159128485104295,4.401932774889241,4.2274549029812345,4.378016080573047,0.2607558327645166,0.25655054825422047,0.2595985334573089,0.2565162586595727,0.5106425685002344,0.5065081916950805,0.5095081289413437,0.5064743415609252,0.990753854223184,0.9800442372650944,0.9846277962609805,0.9792648081635177
healthy_109.jpg,Healthy,81.9453737745098,146.20592079969242,93.07282475490193,143.47069588619763,0.7506944210525882,0.7055914147032761,0.7483729697661405,0.7079436334519168,3.4267769607843137,4.983037293348713,3.6316482843137248,4.8922106881968475,3.006439541983813,3.1478732441267656,3.0279959177448164,3.1414495810159955,0.4446164857951643,0.44069464898382177,0.4438368738417163,0.4407577911727974,0.666795685195371,0.663848362944296,0.6662108328762872,0.663895918930669,0.9925805312973877,0.9867968365485833,0.9915730336134296,0.9870438417410661
healthy_110.jpg,Healthy,50.2092524509804,103.96152249134948,71.96133578431372,98.83441753171857,0.7701586385735812,0.728157718716716,0.7690152867846453,0.7272440932474344,2.585784313725491,3.8828143021914654,2.9150428921568627,3.8753094963475583,2.838174323401134,2.9779370991398384,2.8675288815007813,2.9809282837884092,0.4638235303504062,0.45985329015353715,0.46285974205571473,0.45966393631172237,0.6810459091356516,0.6781248337537398,0.6803379616453242,0.6779852036082515,0.995303437119501,0.9903015408130816,0.9932687518340231,0.990779842948395
healthy_111.jpg,Healthy,131.4462316176471,217.8184083044983,119.04963235294116,210.1293348712034,0.5611345709358133,0.45774249961313107,0.5608395908409688,0.46023020082942634,3.7656862745098048,5.527535563244906,3.7993872549019607,5.465436370626682,5.641081472567331,5.9311563597300605,5.642286307918701,5.929772619861439,0.08214278652685417,0.07958849033458133,0.08258426042943219,0.0796811572634723,0.28660562891690416,0.28211432139219966,0.28737477347434687,0.28227851009857674,0.9909080600277085,0.9849259970213821,0.9917664686650247,0.9854581151134134
healthy_112.jpg,Healthy,204.24871323529413,283.32782775855446,157.5578125,323.3325336409074,0.6719293623128973,0.6139879085111228,0.6990670630894762,0.616081547088843,3.4976715686274513,4.619454056132258,2.9456801470588236,4.773886966551327,4.131711544630765,4.29115218214125,4.0396008133679615,4.288200921707183,0.2564342678587789,0.2533007993110626,0.2574906132341301,0.2531495566207123,0.5063933923924945,0.5032899753731069,0.5074353291150805,0.5031396989114577,0.9850010975521696,0.9792275060919792,0.9884298205743962,0.9762945167142414
healthy_113.jpg,Healthy,425.6392769607844,726.2667281814688,549.2645833333333,729.5735178777393,0.7492410589331919,0.7085260810167391,0.7441601309994822,0.707827047089329,7.221691176470589,10.31286428296809,8.323008578431372,10.380961168781239,3.094396214252026,3.238471933449098,3.135328550074707,3.2388532408678925,0.46501263153181793,0.46135482330828015,0.46408738244455255,0.4609378347812577,0.6819183466748918,0.6792310529623039,0.6812395925403577,0.6789240272528715,0.9599467510633927,0.9318405346080539,0.9483134375065232,0.9315301954322173
healthy_114.jpg,Healthy,339.29669117647063,441.5866820453672,194.6626531862745,440.8506881968474,0.69550258267854,0.6439739192889914,0.704000763332376,0.6460293052266497,6.309191176470589,8.207950788158401,5.074203431372549,8.085228758169935,3.5038722143436836,3.6435010155874865,3.436385428298637,3.6314721143562623,0.33679240108315456,0.33357897830382277,0.33858369292684903,0.3338861163179038,0.5803381782057377,0.5775629647958938,0.5818794487923156,0.5778287949885362,0.9733892903740736,0.9654397279537326,0.9847327973609441,0.9654973296628953
healthy_115.jpg,Healthy,285.8423406862745,397.07254133025765,235.31911764705882,462.1894963475587,0.7203391842738713,0.6387273548289356,0.7166918296978706,0.6233582268555443,4.495986519607843,6.230680507497118,4.175612745098039,6.767151095732411,4.0314407370360605,4.24549132509266,4.0293134761309775,4.289570981821503,0.18887356509891026,0.1848822657006052,0.18918409043209042,0.1841744694355718,0.4345958641070003,0.4299793782271485,0.4349529749663639,0.4291555305895193,0.9805187266633426,0.9729642866729177,0.9839620818902586,0.9685306299846904
healthy_116.jpg,Healthy,171.89307598039215,345.12276816608994,209.3798406862745,296.5157093425605,0.7054841711714196,0.6195679407101657,0.6747884860882525,0.6162770792927932,2.7944852941176475,4.5479738562091505,3.3166360294117645,4.400061514801998,4.128919448375264,4.38820654583693,4.229227761622228,4.395500327753659,0.2437647550906278,0.2394744877498836,0.24267920025125558,0.2395232868912541,0.49372538428829826,0.4893613059385505,0.4926248067761667,0.4894111634313771,0.987492997637941,0.9749266226884301,0.9847654470833395,0.9784579548354346
healthy_117.jpg,Healthy,182.04914215686279,246.7323183391003,107.09860600490195,243.95028066128415,0.7169623448365929,0.6588267495914553,0.7215802917288636,0.6614377558739695,3.3578125000000005,4.377993079584774,2.705530024509804,4.400569011918494,3.6667210932804757,3.81884683564844,3.616796648310693,3.8133924709195552,0.3238679684496349,0.3208802297522276,0.3254455613338319,0.32090038666996007,0.5690939891174699,0.5664629111885681,0.5704783618454182,0.5664807028222233,0.9857262742634393,0.9806943371260097,0.9916028608700537,0.9809120187085127
healthy_118.jpg,Healthy,215.6524203431373,332.58276047673974,193.67064950980392,338.49940792003076,0.7536494337122969,0.7102471138196658,0.7512339386936078,0.7092101188570941,5.249234068627451,7.153710111495578,5.048897058823529,7.250288350634371,2.8565624072809577,2.9722992008147844,2.8431403802868953,2.9766056792346696,0.44775485932299924,0.444601111245623,0.44865391550500416,0.4447008902174525,0.6691448717004407,0.6667841564146699,0.6698163296792667,0.6668589732600533,0.980531125565349,0.9700534060436826,0.9825156167921317,0.9695206561250972
healthy_119.jpg,Healthy,90.73731617647061,155.09213379469435,102.30189950980395,155.02363706266823,0.7639665760180204,0.7235578002717054,0.762330847106329,0.7238985617098838,3.4703737745098047,4.871449442522108,3.6524509803921577,4.927458669742407,2.9396471401188924,3.0664805077100397,2.957186479618407,3.069484607820438,0.47757913802871815,0.4740083546963349,0.476816188485198,0.4736692153862094,0.6910710079497752,0.6884826466196042,0.6905187821378923,0.6882363078087419,0.9913043587112004,0.9851776612703638,0.990196088458579,0.9851842075840879
healthy_120.jpg,Healthy,119.65526960784314,226.16505959246444,160.29713541666666,279.69136485966936,0.5441385281385708,0.4347554908795155,0.5484639418965029,0.4345805234669924,3.8513786764705884,5.83524798154556,4.236810661764705,6.1447289504036915,6.064313399754029,6.4067960023123725,6.103274926725527,6.425776194007207,0.057813753555573576,0.05559444421533077,0.057685783881950455,0.055274372483537434,0.24044490752680453,0.235784741269088,0.24017864992948573,0.23510502436897734,0.9916290748055623,0.984161212395798,0.9887924350572185,0.9804126590963071
healthy_121.jpg,Healthy,123.29511335784315,277.3325490196079,175.22919730392158,243.480984236832,0.5786313146229772,0.44689348239162896,0.5364396008245105,0.45431917866979077,3.8804381127450993,6.427912341407151,4.5566482843137255,6.053840830449827,5.444440407356993,5.818482157972792,5.547393798230942,5.780784029248795,0.0770409480428201,0.07344879952569035,0.07569167885492509,0.07389023090370857,0.27756251195509113,0.2710143898867555,0.2751212075702727,0.2718275756866999,0.9914440312295811,0.9807388994941202,0.9878469857721048,0.9830899339971644
healthy_122.jpg,Healthy,143.1807598039216,249.34228373702427,166.88802083333337,269.52224529027296,0.6874292503711822,0.6129944287007026,0.6802885709288313,0.6064783962981544,3.1068933823529417,4.641568627450981,3.3592524509803927,4.756478277585544,3.9609902009087077,4.1681841338157595,3.988747395376274,4.183840273448666,0.23313400016294827,0.22926416524800963,0.23244343594467137,0.22895420490832427,0.4828395180212037,0.47881537699619636,0.4821238802887401,0.47849159335177904,0.9897138283881995,0.9821124468652478,0.9880106878564112,0.9806647576521269
healthy_123.jpg,Healthy,149.13756127450984,235.6623760092272,143.66449142156864,237.65948481353325,0.6857636164304647,0.6379812819564162,0.6899833370689332,0.6323547516288899,5.118903186274511,6.930934256055362,4.931770833333335,7.035786236063053,3.551847778939921,3.696111280699653,3.5486077158553098,3.7065411912267563,0.3417792704287789,0.3381780941615776,0.3411701452012524,0.3376564073706014,0.5846189104269369,0.5815308196145563,0.5840977188803705,0.5810821003701641,0.9882253376677713,0.981433806596761,0.988657445775805,0.9812764683362547
healthy_124.jpg,Healthy,254.49375,429.27510957324114,198.82401960784313,353.12024605920794,0.562195839949207,0.47015215871000504,0.5568108421680174,0.47250390024665323,5.364062499999999,7.964229142637448,5.207506127450981,7.442122260668972,5.220024164403832,5.510268142959873,5.2318383086634785,5.486290973357638,0.12343077346115376,0.11959731845365712,0.12334163420844746,0.1204637299616079,0.35132716015297444,0.3458284523483531,0.35120027649255553,0.347078852656868,0.9825522593270795,0.9705746760141997,0.9863688993004137,0.9757948285038758
healthy_125.jpg,Healthy,60.35625,100.3689657823914,57.46792279411765,93.77910034602078,0.7719541416381603,0.7288438677496943,0.7700946138717302,0.7308167401710262,2.810876225490196,4.017254901960785,2.802083333333333,3.8574702037677815,2.831474723801382,2.95649857701377,2.825685562403282,2.9401498185529507,0.4755678740504704,0.47212992997547293,0.47617525082375156,0.472576164521941,0.6896142936819614,0.6871171151815918,0.6900545274279066,0.687441753548576,0.9942438764860622,0.9904540171995379,0.9945193337609215,0.9910807721095101
Lasiodiplodia_001.jpg,Stem and Rot,84.95041360294118,156.20326028450597,80.73046875000003,126.56704344482893,0.40176007153647925,0.3108198935309608,0.4332546391736344,0.29836019578050854,4.707521446078431,6.369381007304883,4.369316789215687,6.367950788158401,7.71611151660653,7.9936355940154735,7.617268282872869,8.027552325347276,0.012077603514310902,0.011410419054807091,0.012047304170308604,0.011340757976001007,0.10989815064099533,0.10681956307159794,0.1097602121458801,0.1064929949621148,0.9933872818221046,0.9878275097652562,0.993725453127543,0.9901369866020241
Lasiodiplodia_002.jpg,Stem and Rot,208.97748161764707,333.14931180315267,150.51200980392156,274.5882045367167,0.45578011155087006,0.3650941762856705,0.4827698935309936,0.3671677323054533,6.199509803921568,8.348542868127645,5.398927696078431,8.043737024221453,6.793399674078909,7.050754441872971,6.663332912281985,7.048028869805657,0.0443494440802516,0.04311098493599822,0.04561613558806259,0.04310215007654613,0.21059307699981877,0.20763184952217284,0.21357934260612046,0.20761057313283957,0.9851041418290651,0.9762348417066488,0.989282346790896,0.9804122898799262
Lasiodiplodia_003.jpg,Stem and Rot,206.48281250000005,280.20295271049594,133.68132659313727,306.5784698193003,0.541340218430445,0.46720404037459895,0.5542834187332851,0.46656459150031826,5.41295955882353,6.969457900807381,4.582000612745098,7.195155709342561,5.822072436855283,6.0357425134187155,5.7405851323593975,6.046541201915595,0.13397926609225574,0.13175444584721133,0.13490662418938934,0.13142007139181827,0.3660317828990479,0.36297995240400166,0.36729637105393426,0.36251906348745067,0.9857698369975525,0.9806938290707023,0.9907857995619714,0.9788765382936943
Lasiodiplodia_004.jpg,Stem and Rot,305.6776960784314,422.2656516724337,190.60153186274513,423.8502114571319,0.5539181193058725,0.483895410695526,0.5663127520015528,0.48490891629388,7.0383884803921575,9.109234909650135,5.790931372549021,9.059069588619762,5.252137834619613,5.444768578269199,5.156033115490118,5.4380631362233505,0.16544681078284953,0.16318641565860345,0.16698475615880165,0.16315232827524276,0.40675153445666257,0.4039633840567774,0.40863768323393973,0.40392119067367926,0.978773809918094,0.9707067145558971,0.9867674338575667,0.9705967909523724
Lasiodiplodia_005.jpg,Stem and Rot,187.62271752450982,334.23309496347554,173.9234987745098,303.9863590926567,0.47073334545662493,0.37336725669416804,0.4710750680279882,0.3774981842320781,5.878507965686275,8.580899653979237,5.792555147058824,8.051134179161862,6.255804082293362,6.57300218899781,6.2562710922936935,6.528227717520294,0.06265188332293319,0.060335289491029134,0.06290453132415268,0.06062001161532377,0.25030358232141464,0.2456324276048037,0.2508077577032909,0.24621131496201343,0.986961942662956,0.9767548951528625,0.9879175955995857,0.9788584826108242
Lasiodiplodia_006.jpg,Stem and Rot,484.5552083333333,720.3790080738179,351.94885110294115,698.3536947327951,0.47530273132716366,0.39429367214987476,0.4897753634512386,0.3916897992210713,9.526746323529412,12.426589773164167,7.868367034313724,12.441507112648981,5.888664494612997,6.1103061884537695,5.761765258443848,6.117730499867015,0.09380803678366645,0.0914927343030902,0.09441969223638443,0.0912281042943144,0.3062809768556749,0.30247765918012887,0.3072778746287868,0.302039905135587,0.9666842208457199,0.9504553915686389,0.975803359154993,0.95197019906973
Lasiodiplodia_009.jpg,Stem and Rot,309.23013174019604,501.16522875817,236.6858149509804,454.48939638600547,0.45439504904077177,0.3704577331572949,0.47024167789504645,0.3728926499099073,8.191590073529412,11.115001922337562,7.020710784313724,10.671972318339101,6.326793659661547,6.5880323350698395,6.217822635660445,6.563243181024767,0.07797522885485,0.0756437322113563,0.07849023123055138,0.0758325895121224,0.27924044989014396,0.2750340564572982,0.280161080863405,0.27537717681776464,0.9786279447706658,0.9653418806853751,0.9836434285570756,0.9685697514047231
Lasiodiplodia_010.jpg,Stem and Rot,264.226868872549,428.154525182622,249.8532475490196,442.6885044213764,0.45575227816557634,0.36665876755384774,0.460917247711284,0.365897665898227,7.694638480392156,10.585221068819683,7.244332107843137,10.576332179930796,6.086428178919492,6.3485320772125595,6.031572562690519,6.3477433975840425,0.07465902126829976,0.07249055583123099,0.0750871527355389,0.07228620465230819,0.273238030420913,0.26924070240443027,0.27402035095141913,0.26886093924612436,0.9817619904060461,0.9704267221135466,0.9827559410016008,0.9694228382782882
Lasiodiplodia_011.jpg,Stem and Rot,231.62815563725488,387.918892733564,212.85226715686275,375.33517877739337,0.47733487276754366,0.3812876681936527,0.4753719314974173,0.3821131280234308,6.7315257352941185,9.467650903498654,6.534589460784315,9.403921568627453,6.16120336812723,6.4457221552308805,6.1372992703473646,6.439311299364993,0.06865452902448128,0.06641932501340313,0.06914296397700856,0.06646451036709773,0.26202009278771216,0.257719469604846,0.2629504971986335,0.25780711853456983,0.9838756503330423,0.9729762678281126,0.9851865249757314,0.9738528915812968
Lasiodiplodia_012.jpg,Stem and Rot,173.221262254902,336.30938869665516,214.51020220588236,322.1269050365244,0.5229905133129362,0.4263442489486,0.5177051569142973,0.42780894544361014,5.236856617647059,7.822006920415225,5.477267156862746,7.689104190695887,5.557859022234814,5.859135948045561,5.569923608594917,5.8451845124982205,0.09043714042995037,0.08760569816033553,0.09008505909592317,0.08733767100194066,0.30072768484120377,0.29598259773225777,0.30014173168009006,0.2955294756905657,0.988143462758834,0.976970540714718,0.9853168673473535,0.977941714702102
Lasiodiplodia_015.jpg,Stem and Rot,288.8360294117647,435.4198539023453,280.18973651960783,519.4157324106113,0.4405451931040395,0.34700008901083623,0.44035058763993434,0.3450071978803022,7.829564950980393,10.594786620530565,7.727573529411765,11.136178392925796,6.518219969507622,6.795903065974368,6.511804102409915,6.821741918634249,0.060857601554427675,0.058520754194886455,0.060663378934409234,0.058175077311080584,0.246693335042574,0.24191063266191185,0.24629936852214873,0.24119510217058843,0.9798029423157387,0.9695163173541581,0.9804058155539946,0.9636357777300304
Lasiodiplodia_019.jpg,Stem and Rot,384.3583026960784,553.6119953863897,323.3304534313726,623.1667204921182,0.47715315149459536,0.39241351571697614,0.4835887459810626,0.3905286568822643,8.407567401960785,11.096962706651286,7.810569852941178,11.596124567474046,5.951028556135462,6.191176716128413,5.907852690248342,6.211928135780765,0.08459603807917926,0.08278939780207561,0.085542736764781,0.08246760088872451,0.29085398068305557,0.28773146821659185,0.29247689954042694,0.2871717271750903,0.9734483142287206,0.9617372805666559,0.9776658759423268,0.9569300275552275
Lasiodiplodia_020.jpg,Stem and Rot,436.1284620098039,699.5062975778546,363.6070618872549,661.3323029603998,0.44254554022236847,0.3573175794459503,0.4498386677041758,0.3536699642083098,9.66390931372549,13.197985390234525,8.96046262254902,13.150065359477125,6.0994027227969685,6.352408492791433,6.04491152057034,6.360134258729316,0.0657363935013727,0.06379718030550756,0.06590106135466979,0.06381237063022963,0.25639109481683,0.2525810371059307,0.2567120202769434,0.25261110551642346,0.9696869323184485,0.9513223352810988,0.9747109221858823,0.953978810165462
Lasiodiplodia_021.jpg,Stem and Rot,287.6136948529412,412.9519876970396,192.16223958333333,400.78113033448676,0.4332508548767511,0.33656313567225105,0.4367010435001498,0.3376704057664344,8.037745098039215,10.587727797001154,7.0223498774509805,10.475371011149559,6.343049435767928,6.603553838062054,6.278580023973138,6.603171893033878,0.052877120883682065,0.05083113610371663,0.053073788547185884,0.05098848001707561,0.22995025741164557,0.22545761487187926,0.2303774914074417,0.22580628870134598,0.9798903170529442,0.9710961447376661,0.9865683317186319,0.97194802270437
Lasiodiplodia_023.jpg,Stem and Rot,255.11862745098045,399.2697270280661,224.03100490196078,420.9200461361015,0.5276883523582775,0.4405740473835712,0.5359939072988904,0.4371132819704045,5.990808823529413,8.267343329488657,5.489920343137255,8.440415224913494,5.5923509209913025,5.843532178671876,5.525005523376219,5.855795481339844,0.0908354665132176,0.08858596006238391,0.09139982382639789,0.08804777117486974,0.3013892275998225,0.2976339363419163,0.30232403779123795,0.29672844685818334,0.982413247984485,0.9724563670963369,0.9845521325476659,0.9709628192478745
Lasiodiplodia_024.jpg,Stem and Rot,283.1443321078431,502.74851211072667,299.1350796568628,493.2760322952711,0.5279408445473762,0.43964163055696265,0.5330776275573238,0.44141679786587545,6.345588235294118,9.153064206074587,6.235018382352941,9.154817377931566,5.453932625307061,5.722074693555931,5.424466098041647,5.718964716469269,0.10318410765615989,0.09998234482611826,0.10311359597645735,0.10010873362077491,0.3212228317790625,0.31619984950363,0.3211130579351412,0.3163996422576595,0.9805847940196858,0.9655198890746408,0.9794883085095144,0.9661695422250874
Lasiodiplodia_025.jpg,Stem and Rot,275.3933517156863,431.83061899269507,232.10450367647059,426.1130334486736,0.5032881390663109,0.4093335712181231,0.5024494033015919,0.41346832956858687,7.006617647058825,9.740499807766241,6.613878676470589,9.539469434832757,5.656607364902549,5.925697804538906,5.625721683951509,5.903622219916873,0.08898651557168519,0.08590283055891462,0.08900045357498468,0.0862053271735755,0.2983060769942262,0.2930918466264707,0.2983294379959589,0.2936074371905036,0.9811578165894468,0.9704405354568875,0.9841196034637667,0.9708319129084332
Lasiodiplodia_026.jpg,Stem and Rot,295.7956495098039,441.5430065359477,248.43648897058821,487.09284121491737,0.5177698573575324,0.4270539384337428,0.5117167971722019,0.4281649875882102,6.980300245098039,9.471280276816609,6.843627450980392,9.8720492118416,5.612009306972726,5.878694048214757,5.622010807225111,5.891379861945593,0.10207827745882743,0.0991901844749328,0.10214053496082487,0.09897570570334867,0.3194969130661945,0.31494473241337567,0.31959432873695504,0.3146040459106473,0.9797110690261167,0.9697081021977871,0.9829594830604461,0.9665831723119584
Lasiodiplodia_027.jpg,Stem and Rot,1685.201807598039,2540.884075355633,1678.9637714460785,2477.753740868897,0.4009964550853671,0.3155561556440452,0.4037124334930141,0.31743297530157744,22.88575367647059,30.369227220299887,22.78154105392157,30.03609381007305,6.436801740002272,6.694502962648874,6.420565022411608,6.68639462431833,0.07237834128174858,0.07041656370594165,0.07321185401291722,0.07033776244046554,0.269032230934787,0.2653611948004863,0.27057689112878286,0.26521267398159076,0.8837845938987273,0.8246770327628684,0.884251401751708,0.8290330746902583
Lasiodiplodia_032.jpg,Stem and Rot,116.46329656862744,231.17582468281432,125.54794730392156,184.96442906574396,0.4899750909517594,0.39375926840113323,0.4803860361869016,0.3796448771339782,4.657383578431372,6.912572087658593,4.889981617647059,6.737777777777778,6.025044878375288,6.333685807958354,6.06573787753495,6.338861531169437,0.058837297520973005,0.05658062251217665,0.05850211595581476,0.056601347986556506,0.24256400705993666,0.23786681675293983,0.2418721066097014,0.23791037805559578,0.9918640803875639,0.9838332992262768,0.9912279577698195,0.9870649771333518
Lasiodiplodia_034.jpg,Stem and Rot,293.7713848039216,456.2786928104575,254.32411151960787,465.0696193771626,0.47590611690713414,0.3833400436709034,0.473339461017633,0.38258303051674664,8.249785539215688,11.46974240676663,8.045036764705884,11.52390618992695,5.615111437029878,5.889276086986903,5.6138727481928505,5.890663682099934,0.07727356367686862,0.07491306644104144,0.07773892095757193,0.07473994318867984,0.27798122900093203,0.27370251449528454,0.2788170026335767,0.2733860698511902,0.979930412757756,0.9688140134765986,0.9826302605107197,0.9682131664027439
Lasiodiplodia_037.jpg,Stem and Rot,244.28144914215687,416.5841445597847,225.45255821078433,400.59853902345253,0.4313939207689253,0.3309269303744436,0.43374487715006305,0.33109657498291456,7.278262867647058,9.953371780084584,6.731142769607843,9.97917723952326,6.699627296513764,6.99725514742561,6.651137250168151,7.003262057678077,0.04326453150624908,0.04140366844976222,0.043375942255157285,0.04132165722792273,0.20800127765532855,0.20347891401755175,0.20826891812067705,0.20327729147133658,0.9826348781661637,0.9703425918322929,0.9839741303101538,0.9714806371333209
Lasiodiplodia_039.jpg,Stem and Rot,105.58370098039215,223.49499423298732,135.70196078431377,192.71787773933104,0.4693910358613712,0.3678344469257835,0.46418974653203565,0.3662808291159037,5.219577205882353,7.777347174163784,5.501072303921569,7.51529411764706,6.041853527539951,6.35448291230785,6.068933021086995,6.340949680074305,0.05654187253418908,0.05378081425814251,0.05534888115354525,0.05399027558826412,0.2377853497047055,0.23190690860373805,0.2352634292735385,0.23235807622775698,0.9926264369054493,0.9843704412773138,0.9905164632641688,0.986522761293265
Lasiodiplodia_041.jpg,Stem and Rot,591.4083026960784,909.3367166474434,530.0170955882354,906.645351787774,0.4426215523168684,0.35131147825919296,0.443837000787929,0.35112697387131125,11.978645833333331,16.118723567858517,11.389062500000001,16.210196078431373,6.073327859888808,6.340245046631944,6.042110164951687,6.345024613450405,0.06835218031376153,0.06612096923653854,0.06875947887005601,0.0659539397572962,0.2614424990581323,0.25713997984860026,0.2622202869155169,0.2568149913017077,0.9592924247129236,0.937336464160446,0.9635117445801962,0.9375219294949627
Lasiodiplodia_047.jpg,Stem and Rot,404.71274509803925,659.4259438677432,363.120618872549,627.1903729334872,0.427719650195925,0.33560902336227827,0.429578049279735,0.3369890826238834,9.778125,13.589327181853134,9.412714460784313,13.31773933102653,6.447514556631601,6.739333178756373,6.418227783999585,6.729671308513829,0.06027384862492791,0.05859593469580578,0.061137476491726434,0.058667100888798424,0.24550732906560632,0.24206597178415182,0.24725993709399513,0.24221292469395275,0.9718044664221602,0.9540512877886169,0.9747281862017982,0.956297458091138
Lasiodiplodia_049-n03Wtp.jpg,Stem and Rot,333.536856617647,475.3950634371395,276.8067708333333,549.2664052287582,0.4747505244263305,0.3894271060137938,0.47845745402287476,0.3863469475974238,7.678676470588235,10.022422145328719,7.0185049019607835,10.608381391772397,6.33445528476863,6.585504955082769,6.288029870715949,6.622840449357793,0.08485961867130433,0.08224993096287896,0.08504234598490516,0.08212154867238979,0.29130674326438843,0.28679248763326937,0.29162020846454584,0.2865685758634219,0.9769878124255563,0.9671827870420381,0.9809018727438721,0.9620833408308417
Lasiodiplodia_051.jpg,Stem and Rot,503.5661764705882,786.3143098808151,507.3983455882353,947.5521414840447,0.4772095190416635,0.3903871122698428,0.47544333336229005,0.3841121930571899,9.728768382352943,13.306174548250674,9.713265931372549,14.50875816993464,5.922066890804036,6.192655648847273,5.925493703497208,6.242470536978334,0.08979585453254907,0.08711391558063095,0.08974409608646611,0.08665599073848657,0.29965956439357827,0.29515066589901323,0.2995731898659593,0.2943738961567186,0.9653266685184742,0.9458331878419215,0.9650628023647925,0.9347260017873374
Lasiodiplodia_054.jpg,Stem and Rot,430.5776041666667,730.8966705113419,394.4022365196079,631.7496962706651,0.4692431414359351,0.38259569966995466,0.4754650676938652,0.3841780027600473,9.127726715686274,12.852195309496349,8.785202205882356,12.152464436755096,6.032865286844524,6.317961497027033,6.011301285512493,6.291403959221874,0.08699772243360424,0.08405639779217204,0.08694739447699654,0.08418722080836917,0.29495376321315897,0.2899248140331766,0.2948684358777598,0.290150341734021,0.9703956524205857,0.9497221272373949,0.9728828885129256,0.9565423785215914
Lasiodiplodia_056.jpg,Stem and Rot,238.02162990196075,407.8601460976547,220.67374387254904,390.8534563629374,0.4902156269245836,0.4010163594345613,0.4932628302878381,0.4007788377950604,6.242647058823529,8.741468665897731,5.939185049019608,8.789050365244137,6.091924860733847,6.369455098042888,6.068904387640632,6.371485803814815,0.08237393529907366,0.07953957388701385,0.08238355989320514,0.07967569826824068,0.28700859795322103,0.28202761192304177,0.28702536454676814,0.2822688404132498,0.983537844612659,0.9717741525626723,0.984737666643857,0.9729510957733759
Lasiodiplodia_057.jpg,Stem and Rot,274.0885723039215,472.54554402153013,279.70548406862747,495.21863898500584,0.46400704439962237,0.37379589086037895,0.4688616323652198,0.37510434668692827,7.598927696078431,10.61988465974625,7.222487745098041,10.557846981930028,6.233060612204012,6.515135718412703,6.191253306590749,6.508633975070742,0.07473444896494137,0.07191945451435958,0.07463433981033439,0.07197422964964381,0.27337602119597354,0.2681780276502152,0.2731928619315197,0.26828013278967155,0.9810538690341392,0.9673097423812541,0.9806656049594157,0.9657412389327559
Lasiodiplodia_058.jpg,Stem and Rot,213.5042892156863,374.9054825067281,186.47274816176474,329.6428296808919,0.47031809335905794,0.37612713753368215,0.4795447171391587,0.37678388466850743,6.043535539215686,8.480999615532486,5.530867034313726,8.260776624375238,6.258986467271143,6.546194049436403,6.204186499329185,6.534399317007005,0.05770135922782104,0.05545322292715321,0.05818109625992709,0.05574310652410767,0.24021107224235322,0.23548508005211968,0.24120757919254338,0.23609978086416697,0.9849878134706103,0.9736125940329937,0.9868926414286793,0.9767983676505814
Lasiodiplodia_059.jpg,Stem and Rot,293.53440563725496,446.97962322183776,286.44276960784316,538.5337946943484,0.4720802701152854,0.3815903934080579,0.47170940187158517,0.3807814326246416,6.993443627450983,9.569857747020379,6.793780637254903,9.871864667435602,6.280723731188095,6.559556418261328,6.265882556104222,6.5641716508198265,0.07534788560702316,0.07276074404884643,0.07544755336551748,0.07270987785876575,0.2744956932394808,0.2697419953378532,0.27467718027808113,0.269647692107249,0.9796226184657165,0.9689458805271466,0.9801149252287344,0.9625851114194809
Lasiodiplodia_062.jpg,Stem and Rot,320.9221354166667,531.2722952710496,299.46020220588235,512.2368166089966,0.4004736373780017,0.30223257062623443,0.4039472811597405,0.30374280646478524,9.127895220588236,12.563429450211459,8.674111519607843,12.346097654748174,6.570111049739369,6.852625476490582,6.525883002327011,6.842537343094319,0.040822433712206556,0.03937622027786017,0.04130259759148375,0.039375727402630005,0.20204562284842142,0.1984344231172106,0.20323040518456817,0.1984331812037241,0.9771093957133348,0.9620353343388903,0.9786371147426024,0.9633956077608941
Lasiodiplodia_064.jpg,Stem and Rot,121.04615502450983,205.7383621683968,104.2042892156863,184.78912725874662,0.543939319994548,0.4512995777892141,0.5431626406085162,0.44961979697060905,4.120113357843138,5.8079661668589,3.877604166666667,5.6918262206843515,5.844692355282559,6.120726491634132,5.824132021603069,6.120954027668448,0.09627128474944287,0.09334002416188375,0.09604706878251458,0.09326253313094465,0.3102761427332802,0.30551599657282064,0.3099146153096278,0.305389150316354,0.9916834121766089,0.9858604965158674,0.9928405309321489,0.9873002463849393
Lasiodiplodia_066.jpg,Stem and Rot,312.5524203431373,496.0447827758555,237.0718137254902,431.7219838523645,0.4190555281290912,0.3254906355260999,0.42862353776023276,0.3247254617916949,8.16734068627451,11.063191080353711,7.243566176470588,10.750542099192618,6.550180016266661,6.817098850163466,6.468430067450203,6.807980930024181,0.04618460673178585,0.04467512909076907,0.04707762357777057,0.044689536585830934,0.2149060416363064,0.21136491925286247,0.21697378546213958,0.2113989985450048,0.9778042049108311,0.9647473943518734,0.9831811152580925,0.9693186474793521
Lasiodiplodia_067.jpg,Stem and Rot,298.85055147058824,526.1794079200307,330.4763174019608,520.2910880430604,0.5211087081701956,0.43248411331795433,0.5103573554447178,0.43029128888254786,7.270312499999999,10.607427912341405,7.73219975490196,10.484613610149943,5.8625888375873565,6.16419136194137,5.915822465293712,6.168479033942004,0.11595786136097747,0.11256635029764815,0.11526216535557236,0.11286267473797157,0.3405258600473354,0.3355090912295048,0.3395028208359577,0.3359504051760789,0.9794501118831639,0.963820639707977,0.9772837673564049,0.9642255123486336
Lasiodiplodia_068.jpg,Stem and Rot,111.43347120098039,210.20507497116492,139.18973651960783,225.26885044213768,0.510005632768048,0.41112447681516173,0.4953449235674606,0.41033162165200365,4.781234681372549,7.073325643983082,5.227604166666667,7.0941484044598235,6.323963678297995,6.647566344811528,6.387066108763563,6.652233706470497,0.08120249066615004,0.07811780374300777,0.08023456296293795,0.0784244588150448,0.2849605072043318,0.27949562383516446,0.28325706162942865,0.28004367304948136,0.9922776084168397,0.985423318242376,0.9903489844257206,0.9843787199559703
Lasiodiplodia_069.jpg,Stem and Rot,169.8538756127451,250.28276816608997,142.16381740196078,270.60006151480206,0.497629060154302,0.39828802751102693,0.5033045771477496,0.39318643107113505,5.002068014705882,6.820130718954248,4.750183823529412,6.968688965782391,6.215583599040043,6.493228420292633,6.203398540588591,6.512576487432996,0.04306932519005611,0.04134390815587,0.04295852995523807,0.04114036996092208,0.20753150409047805,0.2033320145866607,0.20726439625569576,0.20283089005603186,0.9879549499632193,0.982223268404542,0.9899133191647363,0.980780200336961
Lasiodiplodia_070.jpg,Stem and Rot,340.73584558823535,500.4147174163784,248.83077512254903,530.527043444829,0.47173152833783594,0.37414764412720874,0.4775912770321349,0.37767296015190654,7.235723039215689,9.6719876970396,6.209482230392156,9.878892733564014,6.114780161989139,6.389147886302199,6.038540102857619,6.391435035808622,0.06071977907948566,0.05849877926760786,0.061139209106398376,0.05844163057387356,0.246413837029266,0.24186520888215374,0.24726344069918296,0.24174703839731637,0.976157452649509,0.9649503890770813,0.9825931374077801,0.9628412878165701
Lasiodiplodia_073.jpg,Stem and Rot,400.9470128676471,735.68184544406,432.6962162990196,687.1458054594389,0.4370716320306068,0.3433659224528806,0.4338844546026035,0.3445723616732791,9.895511642156862,14.458808150711263,10.395113357843137,14.12647443291042,6.245577190374786,6.562597629285989,6.277460924816589,6.548818190609885,0.07124279745263994,0.06875399350292767,0.07111399403080394,0.06870300338452617,0.266913464352475,0.262209827243236,0.26667207208630594,0.2621125776923461,0.9722863711529363,0.9491127293925472,0.9700899742873034,0.9524699776598613
Lasiodiplodia_075.jpg,Stem and Rot,513.6597120098039,820.9966935793925,448.1683823529412,770.0457670126875,0.45862559221082,0.3716414875748665,0.4620252493155582,0.3740957520447242,10.900122549019606,14.880184544405997,10.168351715686274,14.437216455209537,5.890762979623803,6.153581472250857,5.851724164458685,6.132095735512333,0.0848174052694952,0.0820772675933797,0.0849284039548341,0.08198542807523383,0.29123427900831866,0.2864913045685326,0.2914247826709906,0.2863309764507393,0.9646452115187925,0.9434584379652822,0.9691529275285057,0.946967398473561
Lasiodiplodia_079.jpg,Stem and Rot,304.06447610294117,662.0575009611689,453.9765625,610.5664436755094,0.39454270730718344,0.28338498151436664,0.37467229484906217,0.2844642352699671,9.127527573529413,14.352279892349097,11.132935049019608,14.011795463283352,6.767974118931118,7.171021042020168,6.9232399939153595,7.160618774250816,0.03542351299962002,0.03316211027580704,0.03403981644022881,0.033220406725535556,0.18821135194142788,0.18210466846241763,0.1844988250375292,0.18226466120873666,0.9781069347827661,0.9522226048029452,0.9672839149235319,0.9559384581683699
Lasiodiplodia_080.jpg,Stem and Rot,408.10919117647063,620.317970011534,337.111550245098,661.5554940407536,0.4740199798560062,0.3848638405866112,0.4774703366014919,0.3804745556774247,8.636795343137257,11.93442522106882,8.207751225490195,12.137762399077278,5.706689951146702,5.9724380973280375,5.683253223845625,5.990421135946821,0.07691959825491544,0.07443520533979701,0.07733407284195079,0.074273367369277,0.2773438267834989,0.272828160826182,0.27809004448550617,0.2725314062072058,0.9719231091259933,0.9572977886931728,0.9768114112011055,0.9544590292988039
Lasiodiplodia_081.jpg,Stem and Rot,349.5328431372549,652.652149173395,328.50830269607843,540.0181468665899,0.4613260450558918,0.36209741450948374,0.47354893603780696,0.3682156611298968,8.244270833333333,12.156339869281046,7.60952818627451,10.904175317185697,6.115710312533864,6.442540100903031,6.043830473755483,6.369437776163082,0.05425653477441067,0.05161574948031847,0.05449928538884533,0.051842008774018684,0.2329303217153376,0.22719099779770868,0.23345082006462375,0.22768840280967031,0.9754481576786895,0.9540897529531623,0.976925095685498,0.9620128937538611
Lasiodiplodia_082.jpg,Stem and Rot,206.25580575980393,333.47960015378703,182.72968750000004,336.48441368704346,0.47629153615592684,0.376375119434747,0.4749659261577747,0.375665772913911,6.426853553921569,8.794202229911573,6.1399509803921575,8.999846212995003,6.018846136392293,6.293334340063203,5.993654277939728,6.308414667536417,0.055976641815197285,0.05389931326504562,0.056312479842676205,0.054177249959018216,0.2365938330033082,0.2321622563317423,0.237302507029901,0.23276006951154277,0.9855843740369593,0.9766725865726561,0.9872325834183804,0.9764623952220308
Lasiodiplodia_083.jpg,Stem and Rot,313.05091911764714,490.6991926182238,257.6657628676471,482.09345636293745,0.4710056047169977,0.36968371933514543,0.466785937747787,0.37267846527913173,7.183455882352943,9.984329104190696,6.7801317401960794,9.956524413687045,5.862743536294099,6.141882037610841,5.831245975438264,6.135106778142624,0.059467431068053765,0.057407763523951466,0.06034380943946589,0.057731486174616244,0.24385944941308665,0.23959917262785252,0.24564976987464468,0.24027377338073386,0.9781744080003069,0.9657596706864771,0.9820433408551131,0.9663601673813953
Lasiodiplodia_085.jpg,Stem and Rot,605.763893995098,969.203875432526,575.9094515931372,939.0484890426759,0.4081486689535084,0.31259924648736953,0.4088494371556559,0.31717007699520383,12.58889399509804,17.217900807381778,12.388250612745097,16.99752402921953,6.568880745007252,6.859055823102443,6.550544676561055,6.840719426785094,0.05622109934899588,0.05399322420723346,0.05611088618916853,0.05415404083337656,0.23710988876256486,0.23236442113033023,0.2368773652951428,0.2327102078409466,0.9576636118021726,0.932188080098815,0.9597420425228429,0.9342979505794148
Lasiodiplodia_086.jpg,Stem and Rot,332.8743719362745,503.8352479815456,221.5546875,480.69101114955794,0.4052696195324603,0.31155482874085694,0.4252163086013992,0.3160919206343793,8.438526348039217,11.456993464052289,7.207046568627451,11.172241445597846,6.395988832601962,6.663402164425271,6.280775330858111,6.644690017194326,0.039388481236934114,0.03810431920648033,0.040557302953829345,0.03833407439039875,0.19846531494680403,0.19520327662844272,0.20138843798448147,0.1957908945543657,0.976330385288302,0.9641539633870317,0.9842688449499521,0.9658005912563252
Lasiodiplodia_087.jpg,Stem and Rot,112.10476409313728,254.34200692041523,190.91014093137258,281.81857747020376,0.5473951584741873,0.44454351958384136,0.5258113069528398,0.43483955456847345,3.758992034313726,6.0129642445213385,4.60404411764706,6.193879277201077,6.021489517232455,6.37048075918828,6.135186609098697,6.394778931686347,0.07002727281217715,0.06722834363679657,0.06865627536678352,0.0669146336376406,0.2646266668576263,0.25928429114930307,0.26202342522527167,0.2586786300366549,0.9922089381170924,0.9823070287759806,0.986717771616959,0.9803956568482434
Lasiodiplodia_088.jpg,Stem and Rot,101.58100490196081,272.2801999231065,230.65894607843143,320.82986543637065,0.47593860816501266,0.34792117399562517,0.4359579876899201,0.34597075682420586,4.6399509803921575,8.088119953863899,6.577328431372551,8.315632449058056,6.2891359398308735,6.7345456237460635,6.516730991001323,6.7369276633015085,0.038706076980232984,0.03615334367744579,0.036952121944346834,0.036079695961731204,0.1967386006360546,0.19014032627889801,0.19222934725048316,0.18994656080522018,0.9926792683872118,0.9803349352062425,0.9833363656040537,0.9768285020601556
Lasiodiplodia_089.jpg,Stem and Rot,268.5983609068628,429.49439446366785,280.4025428921569,483.9405920799693,0.4883466277055995,0.39375824940693016,0.48472434838029144,0.3881690412633059,6.9016390931372555,9.467020376778162,6.939675245098039,9.938715878508265,6.240462744794925,6.529371636686915,6.257183357378446,6.568799289886412,0.06905610046034731,0.0663203826759914,0.06831816031262768,0.06637211281675148,0.26278527443589245,0.257527440627191,0.2613774288507477,0.25762785722190734,0.9813549586575742,0.9701573586366401,0.9805319854621382,0.9663742630479518
Lasiodiplodia_090.jpg,Stem and Rot,111.15416666666668,259.117877739331,200.88823529411764,292.45191849288733,0.5445097393039713,0.43885461993092884,0.519206709432726,0.4261888246071812,3.6628063725490208,5.914555940023069,4.607843137254902,6.180115340253748,6.093515574347412,6.44896704170872,6.2233618334690135,6.480665788679696,0.06513902639985221,0.06231541206240582,0.06364292049444625,0.0620087563991077,0.25522348324527705,0.24963055113989116,0.2522754853219913,0.24901557461152446,0.9922431840723153,0.9818979801520675,0.9859660379248604,0.9795692582877287
Lasiodiplodia_091.jpg,Stem and Rot,178.6006893382353,337.05560938100734,238.43682598039217,396.38153018069977,0.4937585060410856,0.3932617733251604,0.4860849775175684,0.38935810278902283,5.613893995098039,8.38472895040369,6.173100490196079,8.671880046136101,5.99687801495922,6.325699302971785,6.053585546789197,6.326365235609651,0.0641388851108573,0.06145872656259586,0.06344242915791853,0.06128893080929893,0.2532565598575036,0.2479087061048802,0.25187780600505183,0.2475660130334916,0.9875149997872829,0.9764110233671733,0.9833311205352954,0.9722590741916799
Lasiodiplodia_092.jpg,Stem and Rot,245.9974111519608,397.6286812764322,261.5080575980392,455.6428296808919,0.48838145314299086,0.3899067814938395,0.4827801896290782,0.38389069608123116,6.436780024509804,8.92633602460592,6.548406862745098,9.388835063437138,6.27592787543645,6.5737119499509475,6.300212465679255,6.612151455414311,0.06296051283517007,0.060285869407279986,0.0619849871819132,0.06029979135874895,0.2509193353154955,0.24553180935935773,0.24896784367044913,0.24556015832937753,0.9828504514171001,0.972247510253889,0.9817637716946443,0.9681984133588769
Lasiodiplodia_093.jpg,Stem and Rot,178.91852022058825,337.84232218377554,227.49849877450978,352.25846981930033,0.46046367044815306,0.3620823872322788,0.4547766528783066,0.3617143938236742,6.401547181372549,9.316370626682044,6.969424019607843,9.572641291810843,6.450452435155241,6.768560294945331,6.493233885728893,6.78811968380803,0.06343414623432093,0.060733853022253155,0.06276954260756079,0.06077466387177558,0.2518613631232884,0.24644239290806513,0.250538505239336,0.24652517898132756,0.9875426717589579,0.9764512422315156,0.984155300485802,0.97544638775849
Lasiodiplodia_094.jpg,Stem and Rot,445.84139093137264,779.4874894271435,486.49954044117646,785.6997462514419,0.4380859377156706,0.34291797794620205,0.44177603754888245,0.35028364828635467,9.977389705882356,14.339715494040755,9.971783088235295,13.979915417147252,6.060445414704003,6.365099757686579,6.040651142600375,6.33656606521804,0.0636792299592555,0.06111230114227205,0.06381642917631591,0.061139412354488804,0.2523474389789908,0.2472090231813395,0.2526191385788415,0.24726385169387136,0.9692793615879489,0.9462302037037561,0.9664779259423807,0.9458016762565379
Lasiodiplodia_095.jpg,Stem and Rot,187.57392769607847,277.0515494040754,155.73589154411764,297.92441368704345,0.4746258891189076,0.37875758070524534,0.47318220548499773,0.3752750954711151,5.5817401960784325,7.540991926182238,5.459359681372549,7.985190311418686,6.004427190328416,6.265281052563941,5.997937415359622,6.302874452559023,0.05937745349125787,0.05783978037016195,0.06020820075023729,0.057334429767866464,0.24367489302605197,0.24049902363660844,0.24537359423996155,0.2394460894812577,0.9869006880663441,0.9806276179162587,0.9891241074383783,0.9791681165962284
Lasiodiplodia_096.jpg,Stem and Rot,211.07539828431374,369.5463898500576,210.98495710784317,355.4809073433294,0.4859883802576623,0.3946177982579162,0.48882093074119437,0.39699291464770986,6.4598651960784315,9.05673202614379,6.318627450980394,8.95104959630911,6.118297639749733,6.393456425802267,6.096035817760937,6.385178604109791,0.0801490293837932,0.07725733511835049,0.08014084842011636,0.07747915368663838,0.28310603911572285,0.27795203744234454,0.2830915901614111,0.2783507745393182,0.9853774153056043,0.974381681665424,0.9853836807622778,0.9753567527749888
Lasiodiplodia_097.jpg,Stem and Rot,205.6267463235294,384.48347558631303,233.315625,375.34385236447525,0.49139629518153477,0.3971954154262899,0.49866290447225614,0.395919982500552,5.496844362745098,7.994340638216071,5.558455882352941,7.942360630526721,6.090717274782323,6.386162461947349,6.068476357206405,6.375810187638171,0.06168951871256698,0.058984784635371504,0.060962024352863076,0.059088413189792875,0.24837374803422158,0.24286783367784937,0.24690488928505055,0.24308108357046807,0.985608215244733,0.9730573893670553,0.9836642235662367,0.9736978468260457
Lasiodiplodia_098.jpg,Stem and Rot,45.55681678921569,152.06549788542867,129.1765012254902,158.01237985390236,0.49754792204867176,0.35507593289709627,0.4380022391601025,0.34519828827011906,3.1987898284313725,5.700069204152249,4.773866421568627,5.978116109188774,6.2763384179025365,6.734808332616582,6.548628390316158,6.773375372349446,0.01957369465958105,0.01775233250275934,0.018170210953081443,0.01752299628643702,0.1399060208124763,0.13323787938405257,0.13479692486507786,0.1323744548107263,0.9965617326231481,0.9884894529283379,0.9902264955678391,0.9880393056840282
Lasiodiplodia_099.jpg,Stem and Rot,411.9917585784315,653.7411457131874,377.0647977941177,662.8068896578238,0.45267335378884715,0.3607312694713814,0.4513070053997813,0.3609617718085674,9.213511029411768,12.628404459823148,8.948682598039216,12.839184928873507,6.184085760762398,6.466464180875902,6.1817890674576805,6.477348070531488,0.07437245381790511,0.07215512786685865,0.07477618506760468,0.07187226005554005,0.2727131346633402,0.2686170654795757,0.2734523451492137,0.2680900222976231,0.9715312470663939,0.954785735291737,0.9739425499797368,0.9541587272638987
Lasiodiplodia_100.jpg,Stem and Rot,278.31136642156866,469.3527412533641,242.47490808823534,427.9102191464822,0.4490539073048879,0.36067083334933964,0.4561623307110304,0.35815825438834337,7.906924019607844,10.841153402537486,7.2401348039215705,10.576947327950789,6.534971918718453,6.822881785327346,6.483637945789264,6.820615906129751,0.06451188747078948,0.06197666274808392,0.06472210278010562,0.06219044666965549,0.2539919043410429,0.24895112521955776,0.2544053906270573,0.2493801248489051,0.9806398474068997,0.9673156912195169,0.9831327908205857,0.9702016234196063
Lasiodiplodia_101.jpg,Stem and Rot,165.97041973039217,228.27395617070363,143.7336550245098,296.85720876585935,0.4839750667396212,0.39461069980408947,0.49371344604467904,0.40043769748618857,5.914659926470588,7.671572472126105,5.38046875,8.091441753171857,6.402094813998657,6.657628889505844,6.3466445055552905,6.653645998246931,0.06163085890567932,0.05997435830805323,0.062374295033385596,0.060224232214238727,0.2482556321731278,0.24489662780049307,0.24974846352557525,0.24540625952538114,0.9884317629531008,0.9840815876435889,0.9899841591875127,0.9792990162374261
Lasiodiplodia_102.jpg,Stem and Rot,154.83730085784313,287.2520261437909,161.21669730392156,240.49871587850828,0.3969774919521825,0.2902332700075946,0.3970325909734914,0.2881975413959831,6.2281096813725485,8.961737793156479,6.498284313725491,8.656655132641292,7.273630023237769,7.5945617131563345,7.286079893555557,7.590927584583239,0.008524711987276529,0.007913898197555402,0.008408060803499552,0.00780875625129246,0.09232936687358215,0.08896009328657092,0.09169547864262202,0.08836716726982063,0.9877096530839601,0.9771748609416031,0.9872090591679942,0.9808898941219484
Lasiodiplodia_103.jpg,Stem and Rot,219.4779718137255,317.9521107266436,175.43394607843138,375.85617839292576,0.49574273659362655,0.4073293322144262,0.49698360369469263,0.4037885963289257,5.541666666666666,7.542914263744713,5.207904411764706,7.817700884275278,6.4071337069152285,6.6822048443948425,6.386827704229532,6.704247908748361,0.082588673099927,0.0801095160956784,0.08274901581103873,0.07972550917555882,0.2873824509254645,0.28303624519781634,0.2876612866046433,0.28235705972324976,0.9847997247101311,0.9779661985698749,0.9878497251576824,0.9739534976444446
Lasiodiplodia_104.jpg,Stem and Rot,231.80019914215686,382.47695501730107,197.12014399509803,369.2411841599385,0.4312563250235345,0.3315829126212996,0.4471398955316368,0.3357318815350411,6.548177083333334,9.014102268358325,5.691988357843137,8.727535563244906,6.576677820071553,6.860612538092282,6.460913950092262,6.835318020704774,0.042300715052316126,0.04008078376385269,0.04175860283604864,0.040321737314235016,0.20567137635635185,0.2002018575434621,0.20434921785034715,0.20080273233757306,0.983473737075117,0.9726801905040946,0.9859354965243101,0.9736256036423535
Lasiodiplodia_105.jpg,Stem and Rot,333.09411764705885,573.1983544790465,351.8997702205882,538.0823836985776,0.41269660312024636,0.3158884919298253,0.40855938298451305,0.3141804468235466,8.593811274509804,12.139161860822762,8.787576593137254,11.82635909265667,6.942247012891578,7.263966265231393,6.962501839775358,7.250046420375288,0.04760021662904591,0.04567403227191623,0.04722653668736183,0.04567413668862166,0.21817473875095145,0.2137148386797609,0.21731667374447325,0.21371508296940966,0.9763506025521898,0.9592516318212992,0.9750228113735084,0.961748007631058
Lasiodiplodia_110.jpg,Stem and Rot,306.3083180147059,483.2945482506729,267.25081188725494,506.0320184544405,0.45523964297455943,0.367009100034803,0.4637727255707882,0.36735107406118295,7.87844669117647,10.814179161860825,7.484329044117648,10.762783544790464,6.830999925626712,7.118306932052391,6.779213143001507,7.110808950708864,0.06488098613851942,0.06295210031453609,0.06512679273465286,0.06266226520098957,0.25471746335600826,0.25090257135895616,0.25519951554549014,0.25032432003500893,0.9785845979185511,0.9661836575129785,0.9813228668159131,0.9645927062339252
Lasiodiplodia_111.jpg,Stem and Rot,387.5887101715687,645.457485582468,376.1336397058824,629.9118031526335,0.4762714367182936,0.39060472308693434,0.4815848892153284,0.39103600215168877,9.005499387254904,12.409550173010379,8.542769607843137,12.316539792387541,6.060453941322756,6.330979682546256,6.018263111460968,6.326962969460829,0.09441509289358363,0.09154164318251588,0.0939064621329537,0.091300758218418,0.30727039052532157,0.3025584954723894,0.30644161292643285,0.30216015326051515,0.9733290901943106,0.9555687196103724,0.9741168781013455,0.9566388359082179
Lasiodiplodia_112.jpg,Stem and Rot,571.0100796568627,920.16553633218,565.3679534313725,873.4390157631681,0.44811705433929655,0.3598062483193349,0.4532989223841698,0.36015681681596035,11.202879901960785,15.504129181084199,11.176807598039215,15.08241445597847,6.5253653818147805,6.828805042473078,6.509661896542626,6.8143462703989455,0.07491765568963107,0.07217898371386156,0.07489424057622818,0.07226211844999135,0.2737108980103479,0.26866146674553376,0.2736681212275704,0.2688161424654244,0.9605087440804648,0.9363110651186797,0.9608989554946575,0.9395452248521695
Lasiodiplodia_115.jpg,Stem and Rot,432.0823069852941,745.241968473664,469.7852941176471,770.8817377931565,0.4250939188217093,0.3217994348995538,0.4167096693988189,0.32228253583331024,9.427987132352941,13.55123414071511,9.825367647058824,13.55612456747405,6.563578743246207,6.904800426211907,6.594919625582945,6.895248777407892,0.04282476933357212,0.041070161965623776,0.04283723437387363,0.04105646764966777,0.20694146354361206,0.2026577458811377,0.20697157866208013,0.2026239562580589,0.9692119690250613,0.9468140783415536,0.9665241609285103,0.944984236732982
Lasiodiplodia_116.jpg,Stem and Rot,159.1240502450981,257.12355247981543,130.20142463235294,252.04845828527488,0.5258274632436194,0.4327906538576933,0.5217593908533709,0.4255440221487917,4.666176470588237,6.565767012687428,4.582582720588235,6.673079584775085,6.317183208255413,6.612872750308297,6.315336849819935,6.6325437589493905,0.0743260064394554,0.07197734630501,0.07457624799881656,0.07180123174462957,0.2726279634216846,0.2682859413107776,0.27308652108593084,0.26795751854469313,0.9889717140525244,0.9821678184496127,0.9909773219955007,0.9825197893219405
Lasiodiplodia_117.jpg,Stem and Rot,244.04921875000002,389.57210303729335,210.69367340686276,393.3257670126875,0.4996827012906768,0.4037923623296414,0.5098625051590497,0.4037071094623987,5.795450367647059,8.119461745482507,5.328722426470588,7.914340638216071,6.035956884624807,6.322723733281904,5.983970621193542,6.30588823466596,0.05990880911188005,0.05771501222210546,0.06007126634737842,0.057622528820651435,0.24476276087648638,0.24023948930620348,0.24509440292952106,0.24004693045454972,0.9828890115414802,0.9726540368007001,0.9852288781483891,0.9723905488452399
Lasiodiplodia_118.jpg,Stem and Rot,140.24178921568625,235.89425605536334,133.96007965686275,238.16922722029992,0.5507878504606364,0.4536505988618766,0.5432700009710899,0.4516541429284767,4.163480392156863,5.913756247597078,4.061305147058824,5.741422529796233,5.907157864868397,6.194527032489328,5.9140358785893525,6.188262986527212,0.08656361968184562,0.08369061613986045,0.08661805654112903,0.0837880625867583,0.29421696022127214,0.28929330469241843,0.294309457104472,0.28946167723337457,0.9903374234152389,0.9837389434576392,0.9907702294998932,0.9835821213485982
Lasiodiplodia_120.jpg,Stem and Rot,66.47916666666667,138.51450980392156,79.82582720588235,124.57888504421376,0.5896650225178515,0.47987944090421686,0.5593612457821883,0.4699538664363994,2.759589460784314,4.348604382929642,3.2818933823529415,4.381391772395233,6.061990037991142,6.400727347643954,6.190773598188825,6.446313424718377,0.06900231947673374,0.06615123991142319,0.06801849963618259,0.06620256385582633,0.2626829257426789,0.25719883341769495,0.2608035652290486,0.2572985889114558,0.995382201634023,0.9903692619032191,0.9944532837852412,0.9913381882089594
Lasiodiplodia_122.jpg,Stem and Rot,206.2635723039216,404.6248058439062,270.75533088235295,445.47626297577847,0.47156532006618146,0.37618155246923923,0.46382693761885985,0.3753095210753627,7.039154411764705,10.510818915801616,7.89981617647059,10.85339484813533,6.302031087543435,6.630404943973655,6.358507422579377,6.64016890377861,0.0792036243806844,0.07637386844825453,0.07882859314739227,0.07633770798532072,0.2814313848537231,0.276358224860876,0.28076430176821315,0.2762927939438897,0.985750617949283,0.9720281261125686,0.9812942066316012,0.9692040486202675
Lasiodiplodia_123.jpg,Stem and Rot,330.90761335784316,569.5185082660514,311.0024816176471,532.3276124567474,0.48087937195994845,0.3856935795431772,0.4815110845269886,0.3905504753995169,7.97078737745098,11.529826989619377,7.776868872549022,11.010334486735871,5.823864611811465,6.125210097924203,5.813372188302843,6.093209983221448,0.07866795934012005,0.0757074520623999,0.07833465012987043,0.07584197424437204,0.28047809065971635,0.2751498720014238,0.2798832794753385,0.2753942160692051,0.9773519075084577,0.9609935471799246,0.9787193086413192,0.9635407601355469
Lasiodiplodia_124.jpg,Stem and Rot,951.2774509803922,1467.53354863514,895.1276501225491,1455.4123337178007,0.3923820901209566,0.3049789273122999,0.4023522079588609,0.3041852657436291,15.335539215686275,20.380238369857743,14.557705269607842,20.30851211072664,7.090310012794628,7.383634449558159,7.03447132455053,7.385977601846255,0.053665179201659224,0.05162944497879663,0.05431778933808511,0.05162116058340319,0.23165746092379416,0.22722113673423217,0.23306177150722318,0.22720290619488825,0.9330016075000677,0.896512944610917,0.9369665435064946,0.8973677045179052
Lasiodiplodia_125.jpg,Stem and Rot,267.06418504901967,474.078369857747,232.91865808823536,386.5823298731258,0.5208225443496612,0.43173588623811804,0.5185791511935705,0.43451185185755004,6.923713235294119,9.82658977316417,6.661366421568628,9.45371780084583,5.67078792737002,5.943943072634987,5.653252004115387,5.9301156813324845,0.10696846122697705,0.10373009215838523,0.10697221051267095,0.10401424785457225,0.3270603327017464,0.32207156372207907,0.32706606444672753,0.32251239953616084,0.9817366643667073,0.9675771125823042,0.9840717255773523,0.973561089988333
Lasiodiplodia_128.jpg,Stem and Rot,247.82049632352945,473.3397154940408,286.05458026960787,455.1268127643214,0.5299189089537176,0.43607255917893856,0.5252173203631899,0.4377111624969104,6.116053921568627,8.872541330257594,6.033072916666668,8.718200692041524,5.512587306185546,5.788756882249043,5.493465697829032,5.777492033531011,0.09621965337193777,0.09320021125758124,0.0964390687748177,0.09328025369830106,0.31019292927456904,0.30528709644788665,0.3105464035773361,0.3054181620308476,0.9829359261711008,0.9673979978141029,0.9803041525475513,0.9686524395504911
Lasiodiplodia_129.jpg,Stem and Rot,143.08691789215686,317.40592079969247,181.89001225490193,245.4811841599385,0.5396415385306308,0.42284994299924555,0.5211495521035079,0.435784986774425,4.066207107843137,6.395417147251058,4.603094362745098,6.06326797385621,6.151137292458907,6.518181646568311,6.237551232891213,6.480047743676309,0.06186581950057519,0.05900689969152432,0.060885966358529456,0.0592919364849618,0.24872840509394015,0.24291335840485248,0.24675081835432575,0.24349935623110341,0.9900133172653004,0.9778206028004541,0.9873028784160918,0.9828464929867073
Lasiodiplodia_130.jpg,Stem and Rot,165.31233149509802,324.484090734333,210.9932444852941,326.01442522106885,0.5342040452141321,0.42749405461443724,0.5219436358931641,0.4273041740350487,4.64719669117647,7.228481353325645,5.182306985294117,7.154109957708574,5.998442524066055,6.360735474967187,6.074613075890205,6.346484639502814,0.06520400314595046,0.06252310989725215,0.06471357252450229,0.06244866776316033,0.25535074534050306,0.25004621552275524,0.254388624990392,0.24989731443767124,0.9884863123759006,0.9773758832045718,0.9853028700374785,0.9772691831624044
Lasiodiplodia_131.jpg,Stem and Rot,130.95575980392155,225.43949250288352,92.81012561274508,174.63586312956556,0.512567124341479,0.41347551512536135,0.5185819516895124,0.4066241642212244,4.348039215686274,6.133933102652826,4.081847426470588,6.196524413687044,6.135076737110282,6.422091386054127,6.10530760488505,6.45884789164796,0.04639906129760038,0.04447288351077816,0.047009937208645707,0.044516087430366065,0.21540441336611554,0.2108859490596236,0.21681775113824445,0.21098835851858289,0.9907743432392941,0.9840981973763576,0.9934646265901094,0.987681727830095
Lasiodiplodia_132.jpg,Stem and Rot,136.30229779411764,294.00907343329493,200.70330882352943,309.26434448289126,0.4818686851326769,0.35898355150726247,0.45146979345680827,0.3642440019265027,5.316237745098039,8.588019992310649,6.339583333333333,8.36090734332949,6.386388406702197,6.806761936599574,6.536880813685053,6.776123916249296,0.038012763012010106,0.03548767677412688,0.036398966846810724,0.035604388753564004,0.19496862058292894,0.18838173152969712,0.19078513266712038,0.18869125245639767,0.990174056212558,0.9787587460498958,0.9855060710504387,0.9776565994982326
Lasiodiplodia_137.jpg,Stem and Rot,241.5426317401961,489.06971164936556,349.86870404411764,513.2961168781239,0.5226596121949667,0.4304771564839164,0.507345863774151,0.4276354366888578,6.536351102941175,9.69507112648981,7.598697916666666,10.321107266435988,5.87264761955793,6.178424306048018,5.962671858004233,6.2233063737888346,0.09856648152903928,0.0955490374934905,0.09778882464827228,0.09536759531608889,0.31395299254671755,0.3091100734261025,0.3127120474946117,0.3088164427553832,0.9833569803971464,0.9662934127648098,0.9758934305148281,0.9646237337358543
Lasiodiplodia_140.jpg,Stem and Rot,207.9949754901961,344.70129950019225,201.8725796568628,349.63183391003463,0.5031047338461848,0.4108437812257254,0.5025098587343808,0.4148438325931253,5.788204656862746,8.212564398308343,5.717984068627452,8.05354863514033,6.256487967268271,6.5466089720083716,6.248261401295974,6.528706001128927,0.08468969243162185,0.08189551323013165,0.0846274741179024,0.08190218904065086,0.29101493506626397,0.2861739212963537,0.2909080165927065,0.2861855849630635,0.9856256367306647,0.9761649751365046,0.986048750517811,0.9758240439870739
Lasiodiplodia_141.jpg,Stem and Rot,301.2376531862745,459.2968242983467,246.59445465686275,467.4955786236062,0.541648691607868,0.4567838697416885,0.5466096861800195,0.4582338599947787,6.32827818627451,8.786128412149171,5.96452205882353,8.79271049596309,5.494985690537945,5.758194498910905,5.473234598689505,5.756122819023363,0.11538285539591144,0.11219305620039967,0.11530643625930383,0.112224155232047,0.33968051960027296,0.33495231929395514,0.33956801418759075,0.3349987391499362,0.9792812667429535,0.9684112425886433,0.983039554734736,0.9678473622224956
Lasiodiplodia_142.jpg,Stem and Rot,194.8008272058824,344.14665128796617,188.18195465686279,316.69530180699735,0.4964062199215317,0.4023340379580891,0.4989089444880289,0.40284802597277086,5.413419117647059,7.768519800076894,5.496047794117648,7.824405997693195,6.225115738457141,6.520825309338303,6.238948413675407,6.537374490542354,0.06944612461252885,0.06668969403865457,0.06904326641665019,0.06679915254550456,0.263526326222882,0.2582434782112698,0.26276085404156035,0.2584553202112593,0.9864712664801802,0.9760769283320864,0.9869310129238026,0.9779851863335994
Lasiodiplodia_143.jpg,Stem and Rot,236.73026960784313,393.7418838908113,207.69751838235297,378.59140330642066,0.5223398450700281,0.43658863105425516,0.5246432689082039,0.4347754467785555,5.520281862745098,7.812410611303345,5.3934129901960794,7.861745482506729,5.958706205447655,6.230575450612656,5.9533115478274645,6.244396873525238,0.09354411347010465,0.09081475391492434,0.0937034673225142,0.09089391620441137,0.3058498217591513,0.3013548637651703,0.3061102208723423,0.30148617912669123,0.9836798864559018,0.9728461109854181,0.9856814802333348,0.973890943869948
Lasiodiplodia_145.jpg,Stem and Rot,86.90110294117649,243.35252595155706,191.61250000000004,239.64029219530948,0.5383651283955471,0.4143399019533194,0.4976323733757384,0.4119620361026476,3.6717218137254912,6.350941945405612,5.225674019607844,6.512572087658592,5.894351632437702,6.2956673422999865,6.101258536905268,6.3260486340648034,0.055762910237911814,0.05280320463501376,0.05409706183187508,0.05303694279002203,0.23614171642874077,0.22978947894760926,0.23258775082079253,0.23029750930051768,0.9939307874137726,0.9829801915391501,0.9865995695333277,0.9832398210919817
Lasiodiplodia_147.jpg,Stem and Rot,294.6852022058823,613.4979469434833,404.040625,548.3788389081122,0.4747909793192075,0.36848993300382377,0.46039238699936436,0.3764182856283353,7.65125612745098,11.770580545943869,8.681862745098039,11.366305267204922,5.900001972296098,6.249583278136003,5.988772814244653,6.212480862602741,0.05659190552274066,0.053712760818192984,0.05532589546857729,0.05403705852937704,0.2378905326463007,0.23176013638715565,0.2352145732487196,0.23245872435634038,0.9793680698479333,0.9569857904007577,0.9717130718319106,0.9615514893992698
Lasiodiplodia_148.jpg,Stem and Rot,234.70119485294117,381.1525105728566,206.86332720588234,382.5393310265283,0.5416619949561873,0.4504815618798229,0.5472538440143713,0.4509521084657541,5.4038602941176475,7.685198000768936,5.103186274509804,7.4754325259515575,5.6338401486791785,5.913486966896893,5.6092368624788795,5.89793129379633,0.0954878608559884,0.09252338678481245,0.09547034310909566,0.0924602695470541,0.30901110150929595,0.30417657172243306,0.308982755358767,0.30407280303745365,0.9838291903798186,0.9737298981049753,0.9857472072788567,0.9736343145429693
Lasiodiplodia_150.jpg,Stem and Rot,397.5404718137255,622.766582083814,350.76211703431375,657.3206459054211,0.4734276104726083,0.38010501783752837,0.47140812022434214,0.3763044215521366,8.64172794117647,12.125444059976934,8.42722120098039,12.283014225297965,5.724666878170489,6.00328340957646,5.720146946385768,6.01968716550622,0.0759859797717149,0.07343693551751086,0.07630510094806535,0.07329475922444874,0.2756555455123566,0.27099250085105836,0.2762337795202921,0.27073004861752736,0.9726350461313488,0.957103267908603,0.9758584648424533,0.9547231523708283
Lasiodiplodia_151.jpg,Stem and Rot,423.8552083333334,663.343206459054,371.0825980392157,676.1145098039217,0.5387695772308837,0.46621863690490484,0.5481186536557368,0.4689521092225856,8.88633578431373,12.068558246828141,7.930392156862746,11.874878892733566,5.161589145942736,5.383133582710661,5.084257668199866,5.364435425770814,0.15558802339582442,0.15242927989870503,0.1560554652817201,0.15247186074737473,0.39444647722577575,0.3904219254840909,0.39503856176545615,0.39047645351208404,0.9709532847208516,0.9545709450426694,0.9745697814763785,0.9536963024204468
Lasiodiplodia_152.jpg,Stem and Rot,360.3820772058824,502.2646366782007,238.5782475490196,532.0988850442138,0.5009566957254391,0.4151362282136469,0.5090497284243642,0.4151830625476195,7.324785539215687,9.48499807766244,5.963786764705882,9.739084967320261,5.83102765764483,6.065653967699376,5.72672507871091,6.072047241799865,0.09161818396169744,0.08922712640762634,0.0923251021288762,0.08918746213157597,0.3026849582679943,0.29870909997458456,0.3038504601426106,0.2986426997794789,0.9751711596608397,0.9653888386248434,0.9835663315800018,0.9633329543174556
Lasiodiplodia_153.jpg,Stem and Rot,325.78437500000007,570.5633525567089,342.2416666666667,559.4710342176085,0.4685551609922508,0.3715699258044258,0.46144232066204177,0.3685530740745113,7.886825980392159,11.560353710111494,8.287591911764705,11.417762399077276,6.3710153972955625,6.70458628540054,6.411303796501164,6.706485687137539,0.06980159643657939,0.066986394994029,0.06978688323282363,0.0672608717464566,0.2641999175559663,0.2588173004148467,0.26417207125815484,0.2593470102901836,0.9773433354687313,0.9602829159913702,0.9761988136162488,0.961055055557205
Lasiodiplodia_154.jpg,Stem and Rot,327.6066636029412,498.82151480199934,229.00876225490202,435.2571318723568,0.38790003432486037,0.2895870866207515,0.39680178822925777,0.2889029822851113,8.664506740196078,11.453333333333333,7.386795343137256,11.155847750865052,6.844070427658135,7.107951504241935,6.7334057950382515,7.099665591262896,0.02904788066038303,0.027985858454168615,0.02977069518878707,0.027997298764663458,0.1704343881391987,0.16728974401967567,0.17254186503219174,0.1673239336277493,0.9760225537712386,0.9634571717624182,0.9832607632695136,0.9681137919331577
Lasiodiplodia_155.jpg,Stem and Rot,95.12492340686273,194.88632064590547,115.12748161764708,171.30299115724722,0.5000405907673651,0.38921323441978206,0.49004463152377675,0.3906441966725195,3.9607689950980394,5.990849673202614,4.22264093137255,5.834294502114572,6.316949242217211,6.6501026042112485,6.3574589572288325,6.6465957348941345,0.05038891327009896,0.048148042667172784,0.0496370971867416,0.048054752312606835,0.22447474973835913,0.2194266225123396,0.2227938445889868,0.21921394187552679,0.9932860746470333,0.9862234352506146,0.9918701201127978,0.9878905469526046
Lasiodiplodia_156.jpg,Stem and Rot,307.7624693627451,444.7657670126874,272.60857843137256,537.5295347943099,0.46529782558941557,0.37931595298017423,0.4722744050582413,0.3768770720300752,7.379105392156863,9.741853133410226,6.689246323529412,10.039861591695502,6.3613539753379245,6.612042204370519,6.294707916235698,6.615619874016527,0.0738446557654733,0.07199347034921798,0.0747133140461301,0.07193709502496677,0.2717437317869049,0.26831598973825244,0.2733373630628094,0.2682109151861027,0.9785859078459535,0.9690353353351984,0.9810366287901705,0.9625771068125895
Lasiodiplodia_157.jpg,Stem and Rot,596.2461090686276,900.9730103806229,510.3521752450982,880.5443444828912,0.47693111375841535,0.3938330947993633,0.4797763883187449,0.3969325336308301,11.663817401960786,15.580807381776241,10.944577205882355,15.42013071895425,5.949160699465123,6.200602878970184,5.907027512909934,6.185735450566283,0.1075093261061701,0.10446895434444595,0.10768691353686086,0.1046890342504236,0.3278861480852311,0.3232165749840901,0.3281568428920245,0.32355684856053285,0.9591847172992481,0.9383199564785017,0.9650644792598977,0.9397184900495864
