image_name,label,contrast_angle_0,contrast_angle_1,contrast_angle_2,contrast_angle_3,dissimilarity_angle_0,dissimilarity_angle_1,dissimilarity_angle_2,dissimilarity_angle_3,homogeneity_angle_0,homogeneity_angle_1,homogeneity_angle_2,homogeneity_angle_3,energy_angle_0,energy_angle_1,energy_angle_2,energy_angle_3,correlation_angle_0,correlation_angle_1,correlation_angle_2,correlation_angle_3
Alternaria_0.jpg,Alternaria,154.8437299807972,222.74218262986474,87.33095771941827,209.02342697420985,2.690022421524971,3.1231273502385895,1.9171204356184004,2.9765730258001155,0.7493494902019929,0.7426423476027353,0.7608798636697677,0.7469185559262081,0.6588027328455003,0.6564860715091194,0.6603114136566313,0.656748467136268,0.9908757690150259,0.9869054251393895,0.9948539871102975,0.987711923804374
Alternaria_1.jpg,Alternaria,103.86018577834919,215.05893945181927,130.7221332479221,195.48939250738005,3.7808696348495383,5.295019002996364,4.3625080076875316,5.220857045185024,0.4943680243228913,0.46803689214545785,0.485115279123384,0.4715155002692305,0.3578381500381658,0.3524723590463199,0.355975392545642,0.35277251812691285,0.9924803575506947,0.9843908312107568,0.9905279197316276,0.9858112063049684
Alternaria_2.jpg,Alternaria,96.92721012171958,163.64503609562888,148.7907190903313,262.97528605037996,3.7812299807816356,4.723601922419521,4.209200832799616,5.376902813247877,0.4897323130776591,0.472677531846751,0.4908375045448106,0.4690706629346053,0.3493297209565257,0.34502982268321397,0.34804129529563615,0.34391091852100214,0.9933222901712446,0.9886920689323062,0.9897462897884363,0.9818283128036661
Alternaria_3.jpg,Alternaria,87.74259288917472,168.34249633010094,107.24187219731238,174.7934203382246,3.5663036515055198,4.74833598101719,3.7272181294043163,4.633996259727757,0.5078274868911614,0.4885364080688227,0.5109947161228275,0.49113210673615776,0.3690407138778016,0.36415313014277084,0.36911843437730507,0.3647396505007236,0.9928950210286246,0.9863402940354784,0.9913160618836999,0.9858168508938311
Alternaria_4.jpg,Alternaria,97.35722293402006,261.1146212471548,154.0057054772696,163.0488246294881,3.33323991031401,4.694584648796697,3.8991231582322543,4.040640270265039,0.4691386071319486,0.4527231806551255,0.47151212412545596,0.45849010136844126,0.27732352465837595,0.2720510244016485,0.2754297504938654,0.27318889198853724,0.9910715339077949,0.975986244739902,0.9858901676036576,0.9850049968424017
Alternaria_5.jpg,Alternaria,79.80533311979711,193.63622835769033,133.88993433697078,176.2759757887682,3.8674727738630117,5.154577811739848,4.224415438821601,5.085322447666577,0.4310606336877208,0.41315542940001476,0.43511807286776644,0.41099894578130713,0.2639352247449595,0.2583310011426236,0.261549577448379,0.25838879345446963,0.9939981506791196,0.9853797452685965,0.9899203593387985,0.9866905088427015
Alternaria_6.jpg,Alternaria,133.87487988469442,252.06503247601,163.71720852018524,272.5517102696477,4.648502562460108,6.138028112369279,4.909473094170583,6.2572744273966565,0.4524985446089553,0.4314022188363582,0.4512240607137862,0.4327629460766084,0.3170350705235077,0.3122326717251499,0.3168258680441331,0.31181405349035657,0.9901113144014013,0.9813111468866113,0.9879070068744049,0.979792203507982
Alternaria_7.jpg,Alternaria,154.15394778989042,260.2272718132244,140.7134849455575,266.3710913149257,4.158592248558974,5.422590440186164,4.049647661755612,5.271330611916965,0.4986498164995831,0.47626573802468725,0.5009835411254218,0.4813731354486461,0.35289753162815,0.34809633160728237,0.35278231162003587,0.34814408062673685,0.989602563007537,0.9824160005031408,0.9905091007094677,0.9820008521665625
Alternaria_8.jpg,Alternaria,135.95880044843324,250.40398962375207,130.80977738629502,224.51853043494714,3.8486146700833785,4.978945886706029,3.731181934657403,4.695449335397903,0.4643026727733984,0.44914701974648497,0.47703227128847536,0.45206203984531773,0.2898524398571045,0.2845693998381948,0.2898325913530646,0.2849858723669918,0.989115699017155,0.9798499799892634,0.9895279085732206,0.9819329840237695
Alternaria_9.jpg,Alternaria,172.1337283792499,309.41973496349215,133.9253283151872,227.18092058958894,3.949231262011647,5.100766152546972,3.6560698270340612,4.53932313137218,0.5260693134670668,0.509811751474606,0.5303628122399016,0.5153032005005921,0.3752941336006976,0.3705528848595985,0.3755418173864229,0.37140461252542617,0.9895920800222612,0.9812534168252488,0.9919023185448832,0.9862359586596755
Alternaria_10.jpg,Alternaria,41.86545083280114,54.10774397233012,32.2337243754013,71.77164230127147,2.8280949711724235,3.0061332421726443,2.3661314862268283,3.197409961994091,0.49482657755454057,0.497721706533306,0.520116223678683,0.49606884529840944,0.3059541023149983,0.3037726019479682,0.3076893573258183,0.30348184348208096,0.9940835239195583,0.9923459454179526,0.9954546631995972,0.9898472191356203
Alternaria_11.jpg,Alternaria,56.88943385650419,152.43260471756497,104.08936579116583,122.5921896679991,3.3376241191544875,4.694544430815245,3.907631326073346,4.232761567697119,0.4253967828464412,0.39750045959109215,0.4225626484669972,0.411121657313721,0.2288677202190058,0.22290431728008364,0.22695376470096923,0.22390589853122891,0.9940349628581221,0.9839388451795406,0.9890758861257801,0.9870829988001324
Alternaria_12.jpg,Alternaria,64.99311338885724,177.52426149731014,153.07030749520658,207.52864525728774,3.9136370916082663,5.363389571477603,4.789598014093966,5.648253534155392,0.4003886692034979,0.3777640972933807,0.3900382704253235,0.37698043768904743,0.21227117952421382,0.206365942368528,0.20802797683084115,0.20607998727125576,0.9932850712729755,0.9815045661864639,0.9841275293111673,0.9783785478649845
Alternaria_13.jpg,Alternaria,118.1278427290238,157.39001387519662,63.30038837283897,160.86921112428587,3.842088404868791,4.272195298518054,3.021600736707311,4.364314585051029,0.4670937899510009,0.4566933791968952,0.4859477968199475,0.4589343667708402,0.30047058380697783,0.29940970528444427,0.30440858629174106,0.29841297782164433,0.9912219247632136,0.9882984017359092,0.9953128960335078,0.9880397510307777
Alternaria_14.jpg,Alternaria,71.94020259449198,177.93189084838963,136.0838404868721,188.5059623157411,3.6944066303652368,4.929095698686939,4.094090326713774,4.938989322125963,0.4531689901009384,0.4354212680990386,0.4584606332756032,0.4376740869249979,0.2864707257010391,0.2813291294377559,0.2854585127509443,0.2808603870834182,0.9938353918803268,0.9846812872992036,0.9883355128016168,0.9837709324318806
Alternaria_15.jpg,Alternaria,102.15829196028558,210.04434032454867,139.30357142857787,216.60972470790733,4.183636290839342,5.5137847131453865,4.399623638693355,5.598966397876609,0.46166129078119167,0.4433442857816767,0.4652160973853877,0.44248478328479696,0.3210431449472869,0.31636938930467745,0.3201694930132035,0.3157266447242879,0.9910718758965117,0.981584290833461,0.9878228789916508,0.9810086685187424
Alternaria_16.jpg,Alternaria,93.50458440102827,170.41132940537352,124.11699231262746,214.9494459973007,3.255144939141679,4.101610730157642,3.507286995515963,4.401475999919755,0.4949011571619128,0.484973785548582,0.49807472377568607,0.477896831187617,0.32229990435178185,0.31749049780437266,0.3206837528119017,0.31691694651160834,0.9928993036619472,0.9870248482568161,0.9905730379805835,0.9836337074027984
Alternaria_17.jpg,Alternaria,91.08143818065459,200.94994872206482,105.32471172325565,138.36743147860793,3.645459641255671,4.845020008445842,3.927730621396609,4.559673429990592,0.4479360490593004,0.4315583922909188,0.4432003018310147,0.4257690244171048,0.26662713766993223,0.2616687848710224,0.2655622212004522,0.26242640972981474,0.9926890643749035,0.9837938792209269,0.9915392815799189,0.9888410058290936
Alternaria_18.jpg,Alternaria,138.61865390775483,190.62028192804559,82.58145819987391,197.44004504413272,3.5370555733504814,3.811699410806672,2.8069546764894966,3.9193629471737688,0.4665313384513661,0.4690854636412099,0.4992833778035306,0.4678512465345286,0.25792663549184397,0.2559186500128378,0.2608174778661063,0.25524820295587647,0.9901133449192325,0.9863683668368715,0.9941279600440274,0.9858806720957118
Alternaria_19.jpg,Alternaria,138.44314541961123,195.10615536206384,100.71941063421421,213.40734782521366,3.7051969891098016,4.130266041947594,3.434176809737595,4.203985601962866,0.42397963522438353,0.4183425811162386,0.4326528007341695,0.41512687949723887,0.18784874609662566,0.18465653640591348,0.1884844256324914,0.1849181808097595,0.9870677740430265,0.9816415166126297,0.9905984634429584,0.9799194687501174
Alternaria_20.jpg,Alternaria,57.3567624919944,136.31597257133433,106.91952274183615,146.5601761547551,3.5412596092249746,4.616280238894993,3.984625240230749,4.623720565464948,0.39668536415594763,0.3772171224016848,0.398191866780179,0.38008427744615325,0.20641756877906609,0.2016805759272403,0.20385582188752294,0.20133815740846417,0.9941162497345649,0.9858946432563511,0.9889992025377851,0.9848346196701667
Alternaria_21.jpg,Alternaria,137.0474455477352,194.47427054635978,105.7434537155707,230.59074182066811,3.8237508007690124,4.484204387781982,3.572409513132748,4.5888113575582175,0.4449550575663248,0.42889534930625467,0.4486220115108158,0.42875458272777583,0.2089690681720679,0.2039607675125249,0.20885527623221647,0.2041498550708071,0.9858010416368125,0.979656193397924,0.9890424574664026,0.9758780766080366
Alternaria_22.jpg,Alternaria,46.933996636772115,103.36469665587265,60.621156310058865,80.1044259888582,3.273963004484363,4.146051599670333,3.245075272261459,3.9036980433952992,0.4552242984780206,0.43645790094483405,0.4627386968276997,0.4390807958630637,0.278478419579744,0.2745071485744252,0.2786699329671605,0.27545758952844945,0.995504076052617,0.9900735978303605,0.9941992584732414,0.9923073469602428
Alternaria_23.jpg,Alternaria,149.15931294042656,275.1704236964231,164.19266495836456,272.4888093466526,3.7180893657912493,4.812041263649102,3.7441944266496945,4.458686078545826,0.49616725633859743,0.47956411862244525,0.4998986707436348,0.4904566818186448,0.30720101229208363,0.3020363951169892,0.30740138041575005,0.30289338354474904,0.990492735248422,0.9823871669180446,0.9895345244942988,0.9825588090055074
Alternaria_24.jpg,Alternaria,34.099175208201,117.98013231715782,109.95775944907638,136.37225763638676,2.736627162075687,3.864384966518667,3.6366511851378656,3.9287337368538777,0.4389751955005707,0.41438634276192354,0.42127133673149647,0.41625617511144875,0.20084205207652542,0.19611681802183087,0.1974891227554793,0.1962755049976057,0.9965666721392064,0.9880323526157475,0.9888816450506597,0.9861666955246288
Alternaria_25.jpg,Alternaria,105.05737508007994,185.83269319712423,100.68629884689503,180.7959138530798,3.032311018577916,3.770435761829224,2.901625560538197,3.7363711315329957,0.5775020869145124,0.5710651893528932,0.5870096572265494,0.5683616998009003,0.4250943467668027,0.42081444063538664,0.4252672993497822,0.42091443135658724,0.9939705287010714,0.9893242114796144,0.9942213942749939,0.9896135663298155
Alternaria_26.jpg,Alternaria,139.5450232222998,249.24311769791558,105.94582799487786,183.54628084215628,4.429712524023249,5.579742202739071,4.080637411915575,5.308753443664856,0.44523170891159647,0.42969422074835084,0.4521386769048127,0.4292862489727794,0.2996286112610571,0.29603196206153254,0.30014292072417686,0.29545300082729065,0.9885798368758523,0.9795323707854471,0.9913337889307899,0.9849273381961932
Alternaria_27.jpg,Alternaria,63.561599135172266,155.57748999577527,105.91928251121612,137.13917432483947,3.8980020819988495,5.292746687043978,4.636611146701182,5.376822377285114,0.33783906802387137,0.31151324465052094,0.3252541090337218,0.30540840326517754,0.1382285617758785,0.13476500770043479,0.13610039639649665,0.13416499650550068,0.992834683499041,0.9822303097270714,0.9879809269825606,0.9843356626748796
Alternaria_28.jpg,Alternaria,118.18349615631794,160.66066078143496,75.95439622037568,174.52520661987967,4.024223254324466,4.587705363068083,3.609264894298792,4.711777835870675,0.38299690293491406,0.3690697409111901,0.38721821352218994,0.365779764536805,0.1691883401207107,0.165753168576758,0.17004276719196137,0.1653948534720341,0.983976366462968,0.9780116954156399,0.9897209193794297,0.9761141689437809
Alternaria_29.jpg,Alternaria,80.05643417681046,194.10695972168293,131.50484465086777,175.28450200083591,3.568886130685517,4.737336363088002,4.057054772581765,4.776388023085181,0.45086371859626206,0.4337781623778441,0.44616335326908496,0.42893102956947904,0.2714669621915544,0.2658245480535656,0.26859252903150943,0.2659075300891478,0.9938717726973019,0.9850551057935517,0.9899078142621375,0.9865043049348268
Alternaria_30.jpg,Alternaria,174.25664638053522,232.3460154034822,112.88194666880844,260.9691930261951,3.8779228058939377,4.402079269641673,3.3726977898785364,4.647167648655838,0.5187029632120096,0.5127224348802725,0.527966590086429,0.5030235145059291,0.3670350319780636,0.3640881847775769,0.36849342500855126,0.36345292719103994,0.9895989640071308,0.9861105079508016,0.9932641621933352,0.9843994332102917
Alternaria_31.jpg,Alternaria,105.66247597694016,222.83906774718005,128.83540198590947,189.136600374018,3.961162716207646,5.352570934464838,4.21576713645109,5.123891491886048,0.46926314953595644,0.4463481103437913,0.4682526837619846,0.4491750536173568,0.3271820362847354,0.3220675890311546,0.3256344158705558,0.32227251348880054,0.9924553428275951,0.984029059312106,0.9907931953536354,0.9864445249344324
Alternaria_32.jpg,Alternaria,120.66573910954898,233.16593939149237,129.35397982063105,208.14375917471665,3.8208880525305178,4.992358583522746,3.959961563100672,4.849906493193142,0.4446792393509528,0.4250508193007785,0.4450273347705626,0.42399397529929245,0.26438221357602587,0.258821530741689,0.2633732366041802,0.25928018298333877,0.9904371881172835,0.9814125089948146,0.9897450634180807,0.9834072237928764
Alternaria_33.jpg,Alternaria,130.2659352978908,242.12491705040676,118.47553651505935,202.77701140179065,3.5429212043563014,4.71169739990767,3.5473654708521325,4.358503086730241,0.5074374576981449,0.48930169583937233,0.5118619231827328,0.4940968987394699,0.33626473829637243,0.33115188717925,0.336320759291348,0.3318905095890307,0.9902395581294232,0.9818069452045988,0.9911229778944307,0.9847635124686005
Alternaria_34.jpg,Alternaria,89.66165518898353,162.2033622232416,102.64369795003509,172.6158780590718,4.027446348494681,5.227271813227836,4.241311659192943,5.387098071547933,0.4755819557871837,0.45619765832013365,0.47233247565146874,0.4539290721921618,0.3430247148422952,0.338669891320815,0.34203884732848866,0.338030531186078,0.9927494534438874,0.9868494342854517,0.9916944032221824,0.9860052441781909
Alternaria_35.jpg,Alternaria,58.00186178732013,198.94476060246728,159.93623878925274,191.4964306541484,4.440923286355334,6.784853908182891,5.724435458040394,6.563494138229769,0.3689584960350591,0.3382767737497058,0.3527141863245427,0.33849835132455186,0.21533296816413197,0.2088729191783381,0.2110677938511683,0.20924344525092614,0.9881151843917029,0.9590016597521832,0.9671506830667499,0.9605366042492169
Alternaria_36.jpg,Alternaria,138.6318065342797,194.46751392546707,104.31476217168743,228.8367954312291,4.616551889814387,5.526051197490543,4.375580557335207,6.001467956323443,0.4545078400885495,0.4368538425267141,0.4549972293705104,0.43206684152283353,0.3245211610848993,0.3210300069099945,0.32543730504926444,0.32014026920042987,0.9887726760014138,0.9842079966544114,0.9915550977415263,0.9814169916296068
Alternaria_37.jpg,Alternaria,103.52986867392949,116.23857306601535,59.981061819348085,169.1701019525778,3.967328635490208,4.366144503207437,3.2138853299167867,4.7064288443364015,0.44325212473226694,0.43610046917199263,0.46335986413932656,0.4310938687512199,0.27614096378784225,0.2744005312450558,0.2799863369227615,0.2738304047553372,0.9889758559236734,0.9876070073261981,0.993635014576763,0.981963613464741
Alternaria_38.jpg,Alternaria,91.6821748878954,146.22039453839304,87.36254804612715,165.80208731323316,4.147501601537579,5.060186209254293,3.905909673286467,5.226889742403986,0.4559921395164633,0.4398094994856898,0.462463758031786,0.4382866452181755,0.3218520877111244,0.3172485714953381,0.3219652950797551,0.31704466612005194,0.9905583473579588,0.9848982613969307,0.9910031930025336,0.9828758512767675
Alternaria_39.jpg,Alternaria,116.22171284433358,132.522270707229,79.8308576233198,209.1087695308491,4.827974855861768,5.458344225703385,4.0178771620756875,5.910756299141479,0.3794901933801641,0.3650805707629876,0.4000355559015074,0.3678440593444677,0.23323518962899106,0.2311984285512872,0.2351982035498226,0.23060402310276606,0.9914002525325597,0.9901693815536363,0.9941145181749391,0.9844881277986192
Alternaria_40.jpg,Alternaria,42.96026185137896,71.90538719861797,44.07683376041186,72.15107884735437,3.764033472133387,4.555349996983821,3.65943305573365,4.576182911379852,0.3543601278230345,0.33609541266752196,0.36293590211662374,0.33686245122158703,0.159945472981991,0.15711933587233834,0.16048599288103702,0.1567383566439345,0.9889680957442836,0.9814319654791587,0.9886953577612223,0.9813685208445757
Alternaria_41.jpg,Alternaria,149.43029308136343,180.67813549437415,67.75738709160906,212.44905387198034,4.2217729019860535,4.778841319954311,3.5989950352339073,5.252005871825491,0.420775897554114,0.4058587068568996,0.42168359042436665,0.3952682861322549,0.23212761261861758,0.22964452886303563,0.23485089409821158,0.22843185231419447,0.9884141921474356,0.9859190827544673,0.9947607468775891,0.9834430572450005
Alternaria_42.jpg,Alternaria,165.9991992312685,266.581793319787,138.7627722613763,266.0294797804008,4.079196028187201,4.895533793159154,3.772061178731701,5.040881578153777,0.5273553537621718,0.5175067603127952,0.5317071875031262,0.5118699669507232,0.3883465367855891,0.38431527444641744,0.38879281759401924,0.3841277058153524,0.9906984277973991,0.9850362359724095,0.9922245893281442,0.9850672384252326
Alternaria_43.jpg,Alternaria,112.05036835362687,198.35419976270762,109.59749359385685,188.76848518972312,3.914077514414175,4.972350137746831,4.004524343369964,5.101288986306073,0.48199042963916416,0.46182255352555773,0.481176987724176,0.46444632564158433,0.3400159759654527,0.3356161991642083,0.33989446002777274,0.3349570192409017,0.9901277208338931,0.9824891622710477,0.9903438331478789,0.9833353953863618
Alternaria_44.jpg,Alternaria,114.07126841768374,209.0406804882363,120.1824951953887,206.3772446660821,4.033191864189714,5.2987592752720225,4.14710121716858,5.296507068310328,0.46761896284175225,0.4447524261832294,0.46545536417283007,0.4431377771132133,0.3177440974622115,0.3127192942125238,0.3173003426851237,0.3124137543556106,0.9905976068220181,0.9827036676155637,0.9900938852647739,0.9829240442004272
Alternaria_45.jpg,Alternaria,109.47187299808495,161.48551147217853,85.6380525304351,178.2249592792938,3.908171844971499,4.694463994852425,3.6566704035877575,4.590299422872281,0.38210479031069067,0.3652201296600029,0.3847169457925197,0.3703889582430468,0.1668794178909779,0.16326657684182322,0.16774134557141784,0.1634344468091542,0.9867776414495077,0.9803784653894664,0.9896683704106809,0.9783445141605664
Alternaria_46.jpg,Alternaria,132.17909192825837,189.13511230870907,87.90454836643528,195.15393432403272,3.8755204996800057,4.518570652939144,3.298006085842522,4.376721832331404,0.44922039541144704,0.43994530445317404,0.46389657163921316,0.4387952712839309,0.2679563363256506,0.2640423836586399,0.26945335086996924,0.2645103722883062,0.9876823411340369,0.9823311849210581,0.9918179920908498,0.9817689125228584
Alternaria_47.jpg,Alternaria,57.654488308779776,96.13145247239785,37.59969570788083,67.34301916386792,4.302830717489182,5.199199662169183,3.3466127482383943,4.648132880210909,0.3874275557777038,0.3728887164129565,0.41757190600031013,0.37991846515952865,0.24285905014756315,0.24055173543380648,0.2451973387352818,0.24013844745094862,0.9934577049217335,0.9890860125189984,0.99574284765052,0.9923544183596126
Alternaria_48.jpg,Alternaria,116.74959961563795,207.51155261516897,93.65887251762123,161.86293711918194,3.706718449712026,4.667819582135421,3.482743433696634,4.360192241951591,0.4663172774369071,0.4545117891550497,0.4739275786708405,0.4516216520781814,0.29792360341075813,0.2924798678536932,0.2977375764293001,0.29328612328013737,0.9892823299795758,0.9809084556753728,0.9914020699562838,0.9851082342183748
Alternaria_49.jpg,Alternaria,57.60550128123303,158.79273663254455,129.84112748239144,165.20296004343257,3.0946508648305056,4.127088821412233,3.7021941063423727,4.041826700718056,0.4486207480044859,0.43449000288479567,0.44721993244012376,0.43882377385134497,0.22312317428912357,0.2171313890106341,0.21950987311538647,0.21760086605415882,0.9946530080979418,0.9851397085227467,0.9879207314317205,0.9845398209564674
Alternaria_50.jpg,Alternaria,64.38955397181502,186.7708178326486,113.88202674568308,110.0645900782237,3.382026745675955,4.617426451366635,3.8195667841130403,3.9584548251524994,0.4158814932292301,0.39492173986564433,0.41190808770345827,0.40191282158088054,0.2111023277460029,0.20529942371674365,0.20816487428297645,0.20684766195841237,0.9941201918707459,0.9828221292474515,0.9895786295397655,0.9898770304443967
Alternaria_51.jpg,Alternaria,110.89586002562778,201.5724024211159,117.87015534913836,201.1476201009392,3.535554131966799,4.423012728991228,3.55569346572721,4.324197148545251,0.4645602652446269,0.45096588253060177,0.4704721282910422,0.4578341629685368,0.2547008926157846,0.2493079923200567,0.25322283223802866,0.24968450391718147,0.99022177310922,0.9821133864816963,0.9895918554328998,0.9821510797229253
Alternaria_52.jpg,Alternaria,123.77732623318877,220.7376581069311,102.95023222293749,165.97858392486657,3.8488348814863302,4.781173962878967,3.499799807815614,4.246234591485982,0.47164118803128785,0.4595072284986858,0.47924765767667254,0.4611267641014309,0.30486425535918626,0.3000432078997225,0.30506644958932083,0.3013443109877462,0.9904633923300366,0.982936219568981,0.9920694054466243,0.9871692844046933
Alternaria_53.jpg,Alternaria,137.57182895580846,227.85847292323675,125.35385970532647,234.40431136760805,4.133087764254087,5.312031209153922,4.158952594491118,5.119346859981406,0.444501945638336,0.42829196384550383,0.4461970577845399,0.43419114289676636,0.2647437534207261,0.2591590335831206,0.26311232914300814,0.25986198900392043,0.9857060608648217,0.9762271415708065,0.98695597946413,0.9755442032159687
Alternaria_54.jpg,Alternaria,48.01949871877317,168.0421886625459,123.36246796925926,137.89764523718296,3.300728699551866,4.786744153311188,4.186178731582692,4.616984053570606,0.42065432356755234,0.4044548877066975,0.4148722603223558,0.4080211718713033,0.21086111649973563,0.2045187830877529,0.20708752774062797,0.20453516192828208,0.9949428181579772,0.9821688879539019,0.986954338558905,0.9853675533347516
Alternaria_55.jpg,Alternaria,115.35097693786692,193.9194836011138,125.4260089686182,222.62583200948353,4.326833760410342,5.256208650888107,4.381366111467373,5.689637837077243,0.41149885716580514,0.3977761404091073,0.41577405783260435,0.38959861287241526,0.24647886791607676,0.24270430379634442,0.2456387708223939,0.24168648912803084,0.9886532718212501,0.9808511350435758,0.9876679576922671,0.9780164843996257
Alternaria_56.jpg,Alternaria,88.53070948110347,152.07416195780525,105.12908392056633,179.31050292585104,3.2821909032672085,3.940960003217536,3.3883327994875874,4.041786482736536,0.4776683690115207,0.46899656758349245,0.4775351447616938,0.46284220742849935,0.2709083138007604,0.26608190508316604,0.2709291792754868,0.2658197710717308,0.9927664994774164,0.987519902522861,0.9914103107505313,0.9852847286719899
Alternaria_57.jpg,Alternaria,46.727918802051406,127.94564539805548,126.30469250481049,172.61028775965278,2.8938380845612577,3.593898932212743,3.472093209481375,4.082024573186846,0.4526131696381609,0.454554299199083,0.46692701462019043,0.4413136664605901,0.22687624820611257,0.22152919113831976,0.22365441733462965,0.22072611163757597,0.995137721358494,0.9866269057243751,0.9868827521221676,0.9819584821040852
Alternaria_58.jpg,Alternaria,114.53419282511419,226.24078505498747,125.21024183216153,195.85063041684822,3.592969250480556,4.4862756138270345,3.5304692504805213,4.3676727865028795,0.4999284144011332,0.4921477107908239,0.5056332835229318,0.4884589895775705,0.2984742483049,0.29338551580563027,0.29846307325929666,0.2938741981780803,0.9910204245781291,0.9821794915407969,0.9901834135083233,0.9845732597894088
Alternaria_59.jpg,Alternaria,73.52538436899876,125.56858171288349,53.3938981422187,90.41396368316317,4.2169682895583,4.98027308009434,3.808295964125675,4.904542621006088,0.34876385418644634,0.33339673474847537,0.3595794093327278,0.3391455041522048,0.1545696665015554,0.15194974935733052,0.15580612915875866,0.15222371102831037,0.9914184028557632,0.9852602650692027,0.9937794923586736,0.9893865289682223
Alternaria_60.jpg,Alternaria,47.09735345932254,61.95517705966504,54.14295723895121,105.77101892256005,3.809276905829727,4.290635243017351,3.5435017616913473,4.731384101832175,0.3404097035956722,0.3353465758052551,0.36628441218818897,0.323257658576272,0.1441857445655878,0.14162362726486472,0.14403252614865839,0.14179249983401387,0.9942851434833079,0.992450320096684,0.9934514313757657,0.9871110427283951
Alternaria_61.jpg,Alternaria,116.25752722613899,167.54199762712932,113.08908552210185,235.88907880712503,3.6964686098655104,4.381869733958073,3.7148462524023587,4.917050413239833,0.4654647984448307,0.45182786239362915,0.4629522882453636,0.4442416383739391,0.2736627436662356,0.26904620474841007,0.27375630689145497,0.2680598995670584,0.9914139174283014,0.9875595861361395,0.9916479194989114,0.9824846438034226
Alternaria_62.jpg,Alternaria,56.44969170403698,85.84938365943177,48.555833600257394,97.06820969655227,3.3489549967970063,3.8717850751070815,2.864449871877078,3.853626656478125,0.4574067134420808,0.4470653367742049,0.47523316890596873,0.44804105771205,0.26904393990979514,0.2669766948896816,0.27265980039108645,0.26710319918850384,0.9933370443052444,0.9898488117149863,0.9942853281145883,0.9885221639472758
Alternaria_63.jpg,Alternaria,118.80641415759463,209.9732349333281,113.47291399744039,186.80884393411324,3.7389093529789625,4.5471857467474335,3.6410754324152177,4.362746083774099,0.4508487435830715,0.4428352146148569,0.4549275099963066,0.44173466918184384,0.24245075370615565,0.2379650744425911,0.24260640110896753,0.23825415655293913,0.9903301414277775,0.9828156847826773,0.9907673645681929,0.9847114701996732
Alternaria_64.jpg,Alternaria,67.88823270339756,163.01321160690483,141.7842128443392,202.43057370949742,3.7693585842409707,5.031269480584971,4.652886771300841,5.637113153291115,0.38909755760541276,0.3700814956444575,0.3814401513856945,0.35664763840447006,0.19462854005841235,0.18959067914326116,0.19080785810090103,0.18829979086653448,0.9935692482164719,0.9844366833479563,0.9865311517978369,0.9806734001027292
Alternaria_65.jpg,Alternaria,105.05561338885666,242.95292485268797,133.89213645099656,174.01837961751608,3.3773222293402543,4.693679744213704,3.6719650864831,4.13847051016514,0.5217212073699877,0.505235999344154,0.5256344351961013,0.5102101786255511,0.3444395956360353,0.33908521636202804,0.3429829056246142,0.3402069934711777,0.9934734252989718,0.9848711084999322,0.9916804412038644,0.9891637230305146
Alternaria_66.jpg,Alternaria,144.9952754644515,267.4780912545848,151.5211002562524,253.18779786441425,4.211402946829117,5.518309236059621,4.3484945547727465,5.443825534396538,0.47028264648621215,0.4550839867206097,0.46895571483739484,0.4475621115094573,0.3197772342118562,0.3147241757393453,0.3196053372493391,0.31500502207224235,0.9894157965172068,0.9804102855971427,0.9889394316338098,0.98145688632968
Alternaria_67.jpg,Alternaria,75.35309897501728,138.8097890566809,127.94174407431484,218.0881578153502,3.204596412556134,3.673550644493254,3.5829996796926036,4.54587866235008,0.46615362007610844,0.46842522653718244,0.46574186464385997,0.43933256517569513,0.24090608697233842,0.23637543680560943,0.2389643755892503,0.23474437623106628,0.9937936037828009,0.988499363792111,0.9894472269003362,0.9819310109083347
Alternaria_68.jpg,Alternaria,67.14479900704856,103.73669287538159,58.77552450352496,113.81558044601474,3.3819466688021445,3.8205473667277734,3.0746917040359802,3.901807798266759,0.4146537829600722,0.40346602663177406,0.42211936441319253,0.4044664808400949,0.1794022543402606,0.17654676300439465,0.1797399466098788,0.1770752600028473,0.9934596354311717,0.9898391419323613,0.9942894333115271,0.9888519115528531
Alternaria_69.jpg,Alternaria,103.83758408072188,167.35846286874505,53.23830877642682,109.56659092279973,3.506666399743872,4.38800297613083,3.161274823830962,3.76667538056278,0.4147175647769784,0.3997234683618701,0.4196941695203651,0.4087943957132673,0.19825786047360058,0.1948605196119057,0.1992520048209435,0.19600658618369177,0.9916764110478103,0.9865399277246754,0.9957329645060079,0.9911879315362869
Alternaria_70.jpg,Alternaria,88.56734465086735,110.2357578073141,69.60189782191023,166.33320597638996,3.0086483023703523,3.183213014538862,2.83392056374124,3.6776528786021028,0.47806884002455924,0.48312494384588134,0.48356098293930583,0.47407919173688556,0.24852163093224372,0.24611114397129066,0.24899739011810637,0.24523825224950066,0.9911659158337571,0.9889622212310694,0.9930626285139649,0.9833452487104563
Alternaria_71.jpg,Alternaria,174.41367713004718,260.7197409961851,112.42092408712534,249.62018138308522,3.896820948110221,4.605039313076888,3.3775224215246777,4.50067365118945,0.4959287748493604,0.48381467849346815,0.4983242228792478,0.4884672317198131,0.2944449049980092,0.29032922155518326,0.29582435613768543,0.2906038308478641,0.9891106546272325,0.9836584005503618,0.992987459683648,0.9843541075826472
Alternaria_72.jpg,Alternaria,151.30353139014247,343.70805767258,198.64513933377154,263.311106195577,4.202394298526894,5.6783365842871545,4.615911274824202,5.306802871564129,0.4291478968515966,0.40982933897279683,0.42860485565585743,0.41098937783474976,0.22605116552578353,0.22028937319250116,0.22436867630541524,0.22068356607340586,0.9885690831265134,0.9737936144521795,0.9849556542027794,0.9799235653225399
Alternaria_73.jpg,Alternaria,67.2981662395924,98.86012186048313,106.7679172005156,189.23048925174015,3.1497437540039424,3.457962154879539,3.571008167841258,4.270043636510045,0.4583275198142977,0.45158620608990174,0.4551793824342421,0.4478294700786174,0.22058777475493557,0.21670064071531975,0.21803878815368405,0.21494478650381482,0.9917759603684555,0.9878230038832082,0.9869247694228277,0.9766917247376387
Alternaria_74.jpg,Alternaria,190.5266255605453,359.2703251623626,169.51781710442143,272.3799794888178,4.100936899423561,5.227734320014589,3.8848894939142182,4.788393090550836,0.48966146891136486,0.4750617563790146,0.49550005743300535,0.4777757466025524,0.29480467314973213,0.2900684078342551,0.29554795922867405,0.290825924739998,0.9882134483798625,0.9776641294239227,0.9895169297381468,0.9830661105488573
Alternaria_75.jpg,Alternaria,134.2997477578523,212.3277363309055,61.42290598975152,138.40419071366273,3.470591768097486,4.0114621247160605,2.6422765855221657,3.6182509199864072,0.4658723387361853,0.46574127446642655,0.4952350958926231,0.46538639371470925,0.25940937294223165,0.257290363285901,0.26314698925018254,0.2573729404683014,0.9918898411491024,0.9871614852074594,0.9963029879038743,0.9916313290316991
Alternaria_76.jpg,Alternaria,78.34641255605665,110.55927125017185,57.76377322229503,124.64666492388301,3.5349535554132996,4.175511271089445,3.23318385650233,4.158257757043314,0.47386924357413285,0.4585361353670723,0.4776604885701235,0.46125133168223437,0.3032109911081633,0.29947408676546,0.30463476289450103,0.2999446838262784,0.9934166615905605,0.9906944652593426,0.9951491757431509,0.9895087598024049
Alternaria_77.jpg,Alternaria,126.93958199872306,201.47599991955587,145.30561338885914,270.8779987532324,3.3229500320308474,3.9136117758250193,3.3227098014094487,4.4263106034709505,0.5744123158752578,0.5632319299430495,0.5767865003989886,0.5631810563664189,0.4217456875552827,0.41835119978682256,0.4219263619358918,0.41716409179093406,0.9930091937657235,0.9888942514543143,0.9919977411934151,0.9850686784435219
Alternaria_78.jpg,Alternaria,128.47909993593984,253.78032938525257,155.08724375400664,242.26439301009995,3.816824151185201,4.963461963844033,3.9380605381166442,4.714633312554021,0.49224241141569147,0.47691633171900705,0.4946436944177859,0.48041986300103595,0.30615542460304823,0.3009393521165995,0.30614193565031944,0.3017861974314435,0.9924217983208983,0.9849698198411357,0.9908523455440506,0.9856518529949104
Alternaria_79.jpg,Alternaria,161.60181774504017,259.7529811578658,119.32603299167589,237.14396026462464,4.068145419602963,5.008184359227203,3.6638372837925517,4.737155382171491,0.4618568166442912,0.4449647619962538,0.4648966534396432,0.44779284445455236,0.27251696958985805,0.26770712899986837,0.2734739820743242,0.26826847878087473,0.987318234215694,0.9795262026282978,0.9906398321946571,0.9813082515213397
Alternaria_80.jpg,Alternaria,149.4742152466391,303.09022904138976,169.23278347213835,251.68601821873318,3.6915438821268776,4.889179352088375,3.800528507367173,4.360513985803031,0.5141791004184465,0.49791081965433964,0.5122091075487964,0.49936632066863423,0.30533414293650946,0.29997755877266613,0.3047746185718344,0.30091164883426,0.9906098166555295,0.980876963358091,0.9893671066802905,0.9841202371852237
Alternaria_81.jpg,Alternaria,162.12760249840198,282.7131050292419,155.86491031390403,281.18389672020146,4.122637732223017,5.077439723300329,4.022901985906536,5.347905648615501,0.4994356111422832,0.4852068839658933,0.501763733400343,0.48222525691750995,0.32778370234027243,0.3235463373493384,0.32690977916808955,0.3226204680167066,0.9902950276319685,0.9830133405123662,0.9906640298756648,0.9831052221420923
Alternaria_82.jpg,Alternaria,146.84298926970772,235.76148726095144,133.16295643818924,253.88688692713987,3.977238148622986,5.097086207243587,4.036234785394299,5.028635202799368,0.4517391621132086,0.4329646995421093,0.4478006505477214,0.42878446470236714,0.27597764880481696,0.2713433952732409,0.2756490591130142,0.2716431272682771,0.9862128676949238,0.977798734849601,0.987495590115692,0.9760918962619216
Alternaria_83.jpg,Alternaria,133.06922645740462,256.491906131224,142.0580156950746,229.1080456071846,3.467729019859157,4.44131191055539,3.6227578475339124,4.5594321221019465,0.5512027595600252,0.5405055918387452,0.5511408697435554,0.5374725106260051,0.40191707504259205,0.3980075986837728,0.4015689832016745,0.39729882245391285,0.9916387040140217,0.9838627427789977,0.99107218859579,0.9855856057248314
Alternaria_84.jpg,Alternaria,134.3361627162135,257.52953005287884,139.57643337604674,229.5744133201867,3.5421604740551955,4.555209234048719,3.6731262011532237,4.654467212290772,0.5331543703951039,0.5217182215701217,0.5328019995710629,0.5187255266667078,0.37485517629373705,0.3707590534593518,0.374904029969215,0.3700705011536037,0.9915987543386512,0.9838640624583602,0.9912710331930182,0.9856156364136842
Alternaria_85.jpg,Alternaria,128.46000160153824,258.97721651348877,192.92028347213986,310.3901948561022,3.78371236386938,5.005007138691768,4.420763933376199,5.344406684228565,0.4739273773128094,0.4570534923684897,0.46678888041559824,0.4540550864734942,0.27259295846932696,0.26733112439477125,0.27147861518617733,0.2671004256820223,0.9913721100735802,0.9825006478101462,0.9870356863829948,0.9790266209159688
Alternaria_86.jpg,Alternaria,145.30841607943862,297.22355164992524,152.57455156951025,228.06648032333868,3.814021460602235,5.081059341631715,3.8981422165279427,4.752237125218657,0.4964396052332823,0.4789473040147113,0.4954113571161732,0.47712904840319664,0.314146461395967,0.30909069538497264,0.3133392026403824,0.3095365515516696,0.9921362303477661,0.9838473870299566,0.9917366394540257,0.9876057278514746
Alternaria_87.jpg,Alternaria,161.45507687380746,227.78318486194348,123.27202114029986,268.6803675923418,3.4691704035877162,4.0474974361038045,3.188300768738091,4.257274427396636,0.5763357553184603,0.5644927403663244,0.5762326768574396,0.5621507428040563,0.4088449449284738,0.40501767206718103,0.40934680161929393,0.40472542745382784,0.99040046705664,0.9864427613458805,0.9926706929825706,0.9840086358115697
Alternaria_88.jpg,Alternaria,78.61841367713066,252.17615475878424,164.9367592889236,176.22019344848178,3.3097974055092947,4.668141325986971,3.9768778026907037,4.43475637957733,0.4666829405585112,0.44519128038783823,0.4605928738372926,0.4434556997194125,0.2443371703882178,0.23863454230239856,0.24198485663816943,0.23890306490765656,0.9946730153655023,0.9827934640984356,0.9887966882550229,0.987976107066695
Alternaria_89.jpg,Alternaria,136.77994875080532,259.65557320677385,151.98826873799595,245.792274125756,3.831237988469044,5.250216171650523,4.173606662396053,4.9078002775042915,0.47863399628791087,0.45490868246907157,0.47424637466044417,0.46257515686566614,0.3184245936812252,0.31293880986982636,0.316829460167557,0.3136150467874903,0.9891346586272142,0.9793047129327926,0.9879171686761149,0.9804096572659282
Alternaria_90.jpg,Alternaria,45.8526785714307,178.03098795471234,186.44418641897678,235.89991755313855,3.0393377642537995,4.434052564902035,4.368353619475088,4.812584206398966,0.40989622184960595,0.38909143819589126,0.3928067424418655,0.37891400070672776,0.1604574951781002,0.1541697042880635,0.15476376069198958,0.15329699315332312,0.9949818113724916,0.9802188713258834,0.9793592758335868,0.9737890202321386
Alternaria_91.jpg,Alternaria,95.7564461883441,218.49443986405385,162.38645099296303,234.22035432040985,4.088124599615759,5.546381387118389,4.590727098014504,5.647569828470568,0.4584097728727986,0.43297445667938556,0.4537092079762843,0.4344840396715413,0.30028290253838585,0.29524610051365086,0.2998715544853376,0.29486387825247623,0.992359220150757,0.9824969751407274,0.9870423835226716,0.9812372127786444
Alternaria_92.jpg,Alternaria,143.41595932095564,137.210661786883,91.39059497117496,277.33509622151377,3.462083600256515,3.592209776991472,2.800628603459412,4.409036980434132,0.5663817272468727,0.563971047489057,0.581740149508485,0.5541900067281368,0.4212044118437312,0.41882397442832303,0.42295135205087975,0.4177031478156834,0.9895399641416073,0.9899909679284169,0.9933384992372482,0.9797693864565227
Alternaria_93.jpg,Alternaria,66.42294602819138,174.89187395684533,182.73496556695795,262.48056466046137,3.0575552530431587,4.0579138933019445,3.999699711723581,4.502764986225614,0.447082482301114,0.4359808087696574,0.436178864783576,0.42960416812902213,0.18957794621066132,0.18454368593664786,0.18690573885001788,0.18385917777636926,0.9937038793413547,0.9832546865978875,0.982609406640763,0.9748683617039461
Alternaria_94.jpg,Alternaria,22.694586803331926,80.79402360795383,69.96624759769566,82.32783687586638,2.5821188340808043,3.76074322829747,3.524783792440864,3.672525085966017,0.44318469642738395,0.40706077906471055,0.41444253656085545,0.41531569162913307,0.1933140537581351,0.18815340092097982,0.18971120126097707,0.18902252976053688,0.9981066730891696,0.9932082751562097,0.9941327298561808,0.9930792120294973
Alternaria_95.jpg,Alternaria,118.88853299167621,165.48854792977318,45.241712043563204,126.88041183212697,4.246156310057791,5.082949586760412,3.4016255605381747,4.714914838424382,0.42575284764549454,0.4099642240752676,0.43887508404506453,0.41664845460957006,0.25830308018753906,0.2552596867707905,0.26173550806035717,0.25628569141444063,0.9892888749715338,0.985053381431691,0.9959356452606802,0.9885403966427301
Alternaria_96.jpg,Alternaria,77.90631005766136,88.45581049287007,67.0146740871283,155.29556194574187,3.750840807175253,4.336604395825614,3.506426169122694,4.694102033019231,0.47277288178421123,0.4579078688593518,0.48150215904542726,0.4615587775738013,0.3213051258007328,0.3176964227603107,0.3221937706962592,0.3166571434678159,0.9937086769830323,0.9928474714026929,0.9945890601668655,0.9874428153259567
Alternaria_97.jpg,Alternaria,49.8549207238968,136.00484626676774,186.57010730302326,277.5911641094752,2.868293561819452,3.8539886183114724,4.121676809737656,4.7185143477651605,0.4323099394673939,0.41609648843445224,0.4153036613690209,0.40394520842707365,0.1899463667030611,0.18513885494763904,0.18524134186782049,0.18353891696285665,0.9952581569986387,0.9869289792766855,0.9821247677573797,0.9733215399430246
Alternaria_98.jpg,Alternaria,102.90022421524944,166.3131774216175,104.41023382447445,197.24571175772064,3.2425928891736926,3.8894809869493465,3.1296444586804224,3.9951336242434956,0.5302203148519916,0.5196558713604658,0.5360812355720007,0.523429919084685,0.344774173297265,0.3403358782496894,0.3450825106801289,0.3402483543879063,0.9925123481486721,0.9878621627924123,0.9924024705820035,0.9856046503570716
Alternaria_99.jpg,Alternaria,117.61042600897308,138.68446982645358,84.72025144138576,211.57734923283545,3.24575592568877,3.443825534396511,2.8981422165279485,4.110076615254778,0.5641380336881404,0.5577466311168706,0.5687154994983621,0.5494766921753063,0.39021641310844046,0.38748382049725877,0.39139465477930524,0.38617250901853645,0.990072083157635,0.9882725363299347,0.9928500790067523,0.9821085541903768
Anthracnose_100.jpg,Anthracnose,243.68766015376517,471.96983651389235,309.99479500322735,463.54899555590305,4.967128443305977,6.873373685375115,5.367512812300288,6.601419694745859,0.5089478085658738,0.4878709682562436,0.5049498087815485,0.49378020914058285,0.37293215030581195,0.36835929725940847,0.37272465791187603,0.3687802579959628,0.9789259279352985,0.959102078250927,0.9731916969227781,0.9598317750830393
Anthracnose_101.jpg,Anthracnose,270.368894138436,398.21983148664214,187.1778307175247,421.40775000501435,7.138673126203143,8.729755273583807,6.2657951633583355,9.025598745200016,0.526046080235777,0.5163919276244014,0.5296878997462549,0.5152913772808823,0.46220780948252377,0.4598914197577755,0.461811336038942,0.46029265732064034,0.9773433213580967,0.9666407103816932,0.98429461286652,0.9646985249778263
Anthracnose_102.jpg,Anthracnose,179.52446348496477,367.386836654664,205.858223894961,311.84922278750486,7.53915759128861,10.454704498382279,7.9078315182584635,9.85955880874429,0.33866624681350393,0.3183743306444724,0.337877051790452,0.3189481108761454,0.24325142853053788,0.23889882444005398,0.24432269944239016,0.23914131911908437,0.9546230148723105,0.9068026983030092,0.9479449359312366,0.9208912699084503
Anthracnose_103.jpg,Anthracnose,210.81700432417261,286.51993806429675,126.8472333440214,314.26004946810997,8.420223414479068,10.319290554807932,7.252262171685588,10.188099499287066,0.2525782116984743,0.2369482944925236,0.25964545130905486,0.23387794170261308,0.13757469537289838,0.13542981199457527,0.13865520687475213,0.134334039463248,0.9740523280409599,0.9645035967343916,0.9843580395833161,0.9610669277623238
Anthracnose_104.jpg,Anthracnose,297.4680493274137,451.79697962957226,188.2106822549955,424.8925174445307,7.596692825114071,9.536930161476286,6.329676489431248,9.199420861068116,0.5074610648944055,0.49806041967614667,0.5177798513197625,0.49952205981800735,0.44317435590663595,0.44125322603276335,0.4467014067852283,0.4409122968628184,0.9745281291405489,0.9613245434654167,0.9838802062551216,0.9636276627972029
Anthracnose_105.jpg,Anthracnose,241.42993273548942,379.2718735547106,190.8483544202883,403.6350017093092,6.252001921846756,7.807335759819167,5.388993433697848,8.089947515535211,0.6145423837419232,0.6040665418219251,0.6201470716283748,0.6032253213853338,0.5663060663258352,0.5622070840636431,0.5665089050676022,0.562467958012908,0.9782266540627605,0.9658598852468683,0.9827883684224614,0.9636668410246713
Anthracnose_106.jpg,Anthracnose,250.0474855861962,374.37396690058677,183.78645499682094,398.18807939027926,8.061338885331478,9.937722455711034,7.44788997437673,10.248285708541404,0.2786672098670509,0.26600372934761346,0.289880642358864,0.2630571709504791,0.1433137510059223,0.14046029983230215,0.14595944832167176,0.14036672736404943,0.9720846203526643,0.9581116445047894,0.9795327523760187,0.9554471055732208
Anthracnose_107.jpg,Anthracnose,259.8276745676084,339.87675199581184,107.2936619154473,305.05899977879966,6.052049967969895,7.313619819421733,4.604680493273942,6.964769048241941,0.4898165119525366,0.4776112678809222,0.5002927407329469,0.47823370704563034,0.4000874299282461,0.39811962242156607,0.40294363579426773,0.398543560089482,0.9649626217922785,0.9541820258415199,0.9855517027243156,0.9588757239599207
Anthracnose_108.jpg,Anthracnose,291.82282991676425,538.8218946690872,291.6319666880613,502.8695529771067,9.308295964127034,12.37764684590606,9.133448110187167,11.940276297533744,0.35429330180905094,0.33448026748656,0.35448571021467906,0.33678624153619835,0.263952831957386,0.2575682848005122,0.2646153013020394,0.2580310421666699,0.9604295363589904,0.9267505729340135,0.9604554169470617,0.9316380662906565
Anthracnose_109.jpg,Anthracnose,223.60139734146532,474.22950391118565,343.73230301092207,482.78061091112625,4.600516495836458,6.528162641517457,5.358103779628992,6.48500874741135,0.520685692234313,0.5006273975358547,0.5109034283330164,0.501761517452986,0.37506248859073177,0.3703580932742542,0.37362236952099576,0.37042215467821527,0.9826594952926012,0.9631708861500128,0.9733399833499263,0.9625067990557836
Anthracnose_110.jpg,Anthracnose,250.344730941733,518.0648313860935,368.7356662396391,550.7931790303228,6.264293721974001,9.008787628949701,7.3328395259460635,9.15055601359447,0.5034527777697207,0.4839573215494215,0.49385351648154074,0.48323386948092834,0.40120811447189986,0.3964980771401574,0.39862889627736636,0.39643485521738775,0.9831782767998152,0.965151507273991,0.9752097146601468,0.9629499805234575
Anthracnose_111.jpg,Anthracnose,406.52658552215894,568.5488145749732,240.7327033952865,552.2064791167879,8.886250800770203,10.783566932776534,7.2100816784123,10.743590259205734,0.46221222078277047,0.45278809742933235,0.47327513053967263,0.45279646610329477,0.4022045499919602,0.4006580769629675,0.40517518805469815,0.40065827377024177,0.9673193645243123,0.9542975993010938,0.9806665837349972,0.9556112665611852
Anthracnose_112.jpg,Anthracnose,235.89321748882978,372.8052042068374,172.07423126204407,335.93227291925837,3.8040919282518475,4.847312433389561,3.3647101217175375,4.8232620804767645,0.7778869826938837,0.7725136966469969,0.7803466414352294,0.7717301059564302,0.7449256037815406,0.7431973701780777,0.7454667454230806,0.7430362096529634,0.9709451257250149,0.954225710857366,0.9788056850107553,0.9587530945935573
Anthracnose_113.jpg,Anthracnose,275.0566543882352,377.57929980492145,142.78701553492448,356.9712441432385,7.210121716848889,8.683564921876842,5.679952754644916,8.467513925476329,0.4482153074693628,0.43572774445238643,0.45987534895971643,0.4372475408425879,0.35340271019232816,0.35202097285374334,0.3566257085931106,0.35186551088237505,0.9690620830309018,0.9575189988877061,0.9839696343258991,0.9598375868927718
Anthracnose_114.jpg,Anthracnose,202.2584881486543,365.37782782679585,226.95964125563887,398.2069617325627,7.710401985908058,9.789659956967807,7.771140294684547,10.552675501217687,0.3477107939287877,0.33317595512326575,0.34980728879148704,0.32717230556511634,0.24286671320226694,0.23740070122100768,0.242727107848453,0.23776831607935509,0.9806475550605629,0.9650239644031164,0.9782841056458175,0.9618813737239569
Anthracnose_115.jpg,Anthracnose,188.03547405512234,277.9101731384044,157.7372477578718,328.4840435158452,7.094690903268691,8.602565907217995,6.661495035235199,9.30738603229607,0.3541935299704207,0.339957669113315,0.361752803528791,0.3351988520244601,0.2350870264693055,0.2312335082426497,0.2363508850423144,0.23071130071159193,0.9801904511001372,0.9707498062030312,0.9833875174629909,0.9654268793993893
Anthracnose_116.jpg,Anthracnose,131.12896380527175,139.93448490820262,34.72765855221322,163.45001910354202,4.931774503524377,5.312674696857455,3.0949711723257685,5.342717529007773,0.4157012328217739,0.4124598428011754,0.45268674799940745,0.4171264996560922,0.25973123422400873,0.2575456285185472,0.2631426304289738,0.2582281408872928,0.9855182165494157,0.9845339143548745,0.9961548573373277,0.9819348010393183
Anthracnose_117.jpg,Anthracnose,108.47213324792668,267.109151601667,201.88893337605887,298.53972531116455,5.709921524664236,8.99380643085599,7.7834320948120075,9.205895956082662,0.3557527442683095,0.32202672629753865,0.3315641966717248,0.32208468108178484,0.2211693111133787,0.21638939026704554,0.2180085885193489,0.21524563874010452,0.9888453507472091,0.9724374596580335,0.9791975800117483,0.9691942742079731
Anthracnose_118.jpg,Anthracnose,311.99061098658933,500.81706851130474,262.5096692825453,495.1960827685787,10.322409513134188,13.052223048926315,9.64756165919433,13.116048985502594,0.27741479934618574,0.26058442430753426,0.2833678839499617,0.25995027597841686,0.17842896822204804,0.17558501352319567,0.18005776421478517,0.17664945694987821,0.9677017067358572,0.9479514571583904,0.9728581658502058,0.9485356307731325
Anthracnose_119.jpg,Anthracnose,94.3262331838637,184.39172313941103,106.06594330558138,170.2000442397748,4.701032991672468,6.034989643870231,4.830517296605246,6.2959641255609595,0.4328931898907464,0.4193666453288726,0.4327511116919134,0.4126508443069939,0.2937097504329674,0.28971684222088273,0.29271063511308965,0.288946119983604,0.9918604667104952,0.9840729184731136,0.9908471917282526,0.9852987437053341
Anthracnose_120.jpg,Anthracnose,140.26165118515672,278.5892336463591,166.79079916722335,254.71652355767958,5.337163677130948,7.196766474291392,5.8054932735436235,6.944720384484575,0.42715749501585304,0.4065307108002864,0.42249940522559276,0.4069131824884729,0.2734083143444298,0.26943314454835926,0.27246684070971033,0.26964961549219557,0.991124203981758,0.9823623263505934,0.9894662728992912,0.9838737238448857
Anthracnose_121.jpg,Anthracnose,157.95783952596335,228.93800398157862,105.89998398463605,237.04413923464713,5.733504163998435,7.4322427557368105,5.503082959642241,7.170423696435398,0.35211837328987666,0.32651858092760067,0.3536685924497671,0.33421479160530837,0.2154066942368747,0.2113822117262095,0.21713610311484657,0.21188587659380992,0.9821555614104989,0.9741401604590177,0.988044100339213,0.9732245267359321
Anthracnose_122.jpg,Anthracnose,167.10205797568386,317.2754931729882,213.19921124282675,366.5662892879271,6.193305573351664,8.39234651812914,6.881706438182192,8.898851776630314,0.45462430658436925,0.4382311717430244,0.452866067591237,0.4368054203401856,0.35875894149232623,0.35481792467508827,0.35929178135841716,0.35461630612836825,0.9807029942544077,0.9633559404997325,0.9753850492273477,0.9576630492915644
Anthracnose_123.jpg,Anthracnose,147.84136771302363,273.83611172554265,161.11635169765347,278.8391884011196,6.54636450993059,8.846950471556685,6.757607303012058,8.72376279434617,0.4057548164468459,0.388617688005406,0.4076662290702619,0.39073766002563,0.31024952900931596,0.30620576343509825,0.31098593987384493,0.3059879197431376,0.9829589329015861,0.9684142532417991,0.9814363588333548,0.9678371711619628
Anthracnose_124.jpg,Anthracnose,138.17054372198456,351.33364837417486,257.13424887894536,341.3316374751022,4.707258968610334,7.141768384645237,5.86278827674632,6.955197168654576,0.5200747549427198,0.49918497193456607,0.5108950073839219,0.5030410217445502,0.4129122230668759,0.4079134340632905,0.4101764979662363,0.407959581718653,0.9891381666973069,0.9723509532497892,0.9797688084557765,0.973138085561839
Anthracnose_125.jpg,Anthracnose,197.43345611789513,570.9474552071966,419.2885570147893,514.9837720444643,6.785193786035573,10.669468519375904,8.749199231263358,10.324156930564502,0.48248839677575933,0.4619095634522612,0.4722774089191806,0.46234239736640487,0.41417383215046766,0.4093564987279707,0.4111424319688831,0.40987962858136584,0.9810256844076798,0.9450971174010876,0.959748322998306,0.9504786415649374
Anthracnose_126.jpg,Anthracnose,134.27202114031286,231.79311870337034,126.81638372839612,227.64338715839867,5.007767456759344,6.750628405960981,5.19630845611876,6.567073538579768,0.43111384349777643,0.40819757803257595,0.4292340927444292,0.41215054650271915,0.3010547369909973,0.29615542364192676,0.29996461978034844,0.2959627606380639,0.9879121894527778,0.9791431267101024,0.9885823789283896,0.9795165218544635
Anthracnose_127.jpg,Anthracnose,104.30591367714003,278.2798367149944,150.18671925049915,151.3341510989567,4.517156470212003,6.706388626355507,5.175068065343556,5.4653823724592385,0.36997590834083494,0.33365102130488,0.3587192683651337,0.3528697120102724,0.190072700188605,0.18544614063418757,0.187621221256066,0.1874552873169039,0.9893671532710009,0.9716436067047041,0.9847348892240527,0.9845793683119002
Anthracnose_128.jpg,Anthracnose,221.75344330559534,473.74964306539323,249.6827354260354,346.40342657200466,8.938340807176177,12.585975989866244,9.288957399104463,10.894648997567867,0.23416814691027285,0.20564627043509096,0.22915759783129314,0.2201116223575763,0.10813503382252201,0.1042808248088104,0.1063733525319069,0.10506351104710138,0.9724529017534858,0.940829439945797,0.9688859826104962,0.9567347753080472
Anthracnose_129.jpg,Anthracnose,130.40631005767486,199.86418387661104,83.5307895579842,177.53150073397717,5.832719410635189,7.172112851656732,4.810097693786647,6.8384644774684915,0.4760265020068455,0.4631759051005543,0.48580360463749916,0.46466847324336435,0.3852035168716216,0.38257518113146693,0.38759618197791024,0.3825765639134425,0.9826482980003516,0.9734258681316684,0.988889603801993,0.9763952429105506
Anthracnose_130.jpg,Anthracnose,153.5400184176955,225.26423213818464,122.85101697630678,243.69400148805963,5.736406950673343,7.122463753544772,5.204236066624486,6.746425626898243,0.36035718731969113,0.3414737319337475,0.3667574283300725,0.34586445647319974,0.193460281499817,0.19051423534347148,0.19587836849283902,0.19023219113643408,0.9875135017213624,0.9815945171966296,0.9900180474935337,0.9800886909071164
Anthracnose_131.jpg,Anthracnose,137.01859785395695,373.5675963723124,200.76305253045217,225.65386394256734,6.375260249840876,9.396388425265744,6.896140294683979,7.829898047417713,0.33141965700727116,0.3009046611472174,0.32253109559171844,0.3127116966383058,0.1869984940359032,0.180360288835627,0.18293351833234822,0.18155177797066527,0.9889225069908775,0.9696555512215426,0.9837265338193598,0.9816704066879359
Anthracnose_132.jpg,Anthracnose,299.81532270984144,495.29085644188825,262.8891736066952,485.6231374047098,10.271160313902925,13.085865390417228,9.712003523383837,13.127008385450235,0.28111451087567524,0.26344564089844397,0.28537609385743634,0.26240819467066184,0.18386543045730508,0.18064636296473122,0.18543292809645381,0.18174986179347688,0.9681706824345707,0.9472066013653061,0.9721192327245527,0.9482370902959517
Anthracnose_133.jpg,Anthracnose,123.54650464446898,186.44410706026017,130.24523542602037,256.8235637153299,6.204776585522742,7.744233746908692,6.42076393337676,8.611252991212956,0.315101208888179,0.29169915301596955,0.3086253672948962,0.2888417211744152,0.17431113386943017,0.16846415749678204,0.16995756965782857,0.16792999978205775,0.9875894255135411,0.9811834116976311,0.9868908103194389,0.9740804719388831
Anthracnose_134.jpg,Anthracnose,220.43970211404908,423.21603088740244,272.9801409353217,403.2319974260432,4.625960922486083,6.40966035914701,5.129564381807059,6.2521667437515385,0.5586477516160476,0.5362765384024238,0.5496364442846575,0.5389963224412568,0.45012368703944905,0.44588713683359943,0.4493093689806542,0.446190003714409,0.9826183285760622,0.9666158560574474,0.9784755147575657,0.9681922373873979
Anthracnose_135.jpg,Anthracnose,207.54264093531467,354.98686882902626,171.69770980142385,308.30911540547953,8.042921204357086,10.284099821030656,7.162596092249359,9.605099640049708,0.33442191633806423,0.31584652774916777,0.34520668389659265,0.3229901912221987,0.22805210495365788,0.2240710521716909,0.23071257457186484,0.2253443809812025,0.9748426071759777,0.9568350061372135,0.9792113740171304,0.9625108356311359
Anthracnose_136.jpg,Anthracnose,90.0659633247979,193.12843612378705,143.65130525305673,225.13525307164275,5.915659032671965,8.077138088439947,7.223494554773456,9.275855134831524,0.29961289415267534,0.276585176434579,0.282607199660156,0.2624229799603582,0.16682767449869954,0.16332095611376415,0.16567452597524218,0.16261403266131044,0.9895247812953792,0.9774429731851996,0.9832675803114937,0.9737046520413625
Anthracnose_137.jpg,Anthracnose,110.11607142858578,205.95855537010735,99.61465006407312,163.38432303082385,5.358824471493517,6.893221259225707,5.005305092889951,6.504072070623388,0.39974336538908517,0.3833263895778245,0.4067887610703349,0.38509308515183066,0.26366622023273534,0.2602153283923743,0.265395007765865,0.26007480837815183,0.9882153171923233,0.9779420519465718,0.989340643807029,0.9825017081534586
Anthracnose_138.jpg,Anthracnose,240.76767696992485,373.5269963200323,147.4408432094977,318.76691668843256,7.8197269378619705,9.759456252891678,6.9954556374130705,9.698928190795082,0.27100127181608014,0.2500163916365962,0.2755998055155227,0.2509484827407796,0.12362226679766058,0.1204376307682298,0.12438377499785842,0.12061191261819774,0.9744536959784714,0.9603072739209894,0.9843700135461004,0.9661263361635957
Anthracnose_139.jpg,Anthracnose,157.63735185779848,279.1308089846852,105.96182335042356,180.75477085804368,5.593389654068537,7.120915361258508,4.917300608584745,6.466448148967778,0.3784002792434722,0.35725848969476165,0.38696765973952363,0.363457766138695,0.23621766327262309,0.23303001081700797,0.2392860004012036,0.23438050599911148,0.9855876531463537,0.9744476923038401,0.990328877484246,0.9834532721797559
Anthracnose_140.jpg,Anthracnose,135.4245275464616,257.3989020491014,99.12315823191226,150.83279374207874,5.452234144779874,7.046150133725398,4.69959160794421,6.102998250518274,0.40863529343095184,0.3922650936561038,0.4264667725676711,0.40072499801029504,0.2754139105283183,0.2718503450444998,0.2783727937416428,0.273549467033849,0.9845577813921134,0.9706512746390377,0.9887069774911508,0.9828019847648105
Anthracnose_141.jpg,Anthracnose,93.63394859065373,202.0346276820359,89.95417600897544,120.05151923424813,3.851117072389899,4.9322528102319065,3.9149383408075877,4.706670152225375,0.41168288589792296,0.3939740941186163,0.41810063850078044,0.4012905242023533,0.20151125428907135,0.19686597014377524,0.2001983618321602,0.19635977685130737,0.9914021257367499,0.9814434963719274,0.9917400591206635,0.9889734919316382
Anthracnose_142.jpg,Anthracnose,141.36995515697345,270.9250739005318,133.86821348496449,219.70622775442445,6.148142216529183,8.095698686883667,5.959020659834562,7.805807476523529,0.41479782611029575,0.39783045587958005,0.4193551104329618,0.4002527670299728,0.3110034538469252,0.3059649157067197,0.3115666165516159,0.3067899784471574,0.9862037479205156,0.973562990964336,0.9869364404324419,0.9785609524998417
Anthracnose_143.jpg,Anthracnose,116.81390134530056,307.49522411469235,152.92773062141248,154.2891270687095,4.57230941704089,6.660017293732595,5.040438821269082,5.514689617728479,0.4279858980697397,0.40165534030851296,0.429189561201664,0.42123068199852076,0.28209709267915384,0.2755142473678785,0.2807157604160022,0.2780116978620932,0.9886163334260696,0.9700112208181226,0.9851254874889377,0.9849527986161406
Anthracnose_144.jpg,Anthracnose,138.90260650226097,314.82883227090326,166.12712203718146,228.6223129361137,4.454536354901447,6.5876852540778446,5.00448430493372,5.8419232238740575,0.5007172998734171,0.472940022577715,0.4912741087047905,0.48374657499325735,0.36588349871953396,0.35997524321422775,0.36387634697346577,0.3618005482332025,0.9873305738416722,0.9713247714797324,0.9848427439003321,0.9791766306122996
Anthracnose_145.jpg,Anthracnose,220.9963965407194,349.9186993504607,201.26867793084273,397.9223591867701,8.525464445869886,10.39407589133213,7.797425528508986,11.126002935913863,0.34340584133139096,0.32892376206445356,0.35488191418974474,0.328799727869176,0.234952629230014,0.23175491030925727,0.23850749035221225,0.23207171867859172,0.9761116156655877,0.9621846337730231,0.9782483839287619,0.9569969259417102
Anthracnose_146.jpg,Anthracnose,91.9232463164702,159.77204448108208,91.00636611147375,155.62359991151365,5.21408552210178,6.394819923988453,5.085842408712899,6.700195057210558,0.33554566484512266,0.3145680558533949,0.33972567530343895,0.31385624551441876,0.16936908000814138,0.16567667860160243,0.16882752138585186,0.16510753705263112,0.9912806113560114,0.9848158636948648,0.991371204268854,0.9852101163189964
Anthracnose_147.jpg,Anthracnose,139.36122677772394,190.9988537875244,94.36543081359133,225.4394819923952,5.586483023703659,6.605401274910531,4.903347213325432,7.132819883770661,0.4026105889767405,0.3926131947485075,0.4094781057122566,0.3825716984484619,0.28181394905678675,0.2785724672501895,0.2832719566260811,0.27743910477549333,0.9828940010106679,0.976543314393614,0.9884199656863204,0.9723136398596237
Anthracnose_148.jpg,Anthracnose,94.40082479180727,177.64626274407135,89.841948270345,145.44889300005673,5.411795323511103,5.96490981117695,3.777406310057957,6.33767017233436,0.3857637511381753,0.3863569497514739,0.42990291802442104,0.3768450314955869,0.2716982179129452,0.27094169933782913,0.27273477854055383,0.26928018863714326,0.9911956503924285,0.9834355143113964,0.9916265351206145,0.9864376698174503
Anthracnose_149.jpg,Anthracnose,177.71238388856153,185.0366787990859,149.275264253708,386.08379416436003,7.586663196670366,7.837298156006247,6.600176169123722,10.451024553078982,0.28343078481930406,0.2822649739299702,0.29881190389413287,0.26286905633542423,0.15654641814539627,0.15540508083915022,0.15876794105389053,0.15346129800559596,0.9700130064261174,0.9687262852980618,0.9748179628145,0.9347472135397011
Anthracnose_150.jpg,Anthracnose,139.80399183218114,225.02115465824983,101.12644138374024,205.31802368839192,6.949211242794519,8.514166783970037,5.412155669443474,7.921373846247475,0.2728891313564571,0.25769688678268327,0.3026498594052215,0.2683655705459828,0.12887132538225776,0.12608415682935672,0.12935811741702033,0.12722290342283352,0.9685747576645511,0.9493569234552491,0.9774586836374375,0.9537907792864203
Anthracnose_151.jpg,Anthracnose,147.87297805895517,317.4158137102955,235.35986547088814,369.7752820285747,6.814602017938366,9.667497838284497,8.263012491993893,10.294616823182613,0.2859105971783433,0.25884163969273266,0.2691783932877413,0.25205642228963093,0.1478199508831662,0.1436908423469447,0.14644804721489968,0.1435274286449147,0.9831363675469051,0.9637291706364174,0.9731724615747156,0.9577460996648052
Anthracnose_152.jpg,Anthracnose,270.63192664962054,377.7661726557763,167.1222373478742,411.7385429025036,7.8359224855875445,9.445514689618653,6.736386931455289,9.85437068913607,0.3565808255956366,0.3441473787934288,0.3679960238749116,0.3405770671960998,0.23977056715338552,0.23631784448493956,0.24290378205872268,0.23632941617335815,0.97367197470715,0.9631887525364382,0.9837610847307906,0.9598783308560531
Anthracnose_153.jpg,Anthracnose,133.19995195389208,411.49988940053106,286.25568545808403,350.3036457600039,6.053090967329544,9.530495284442651,7.9527146060233935,9.19604255062533,0.35851265064775134,0.3268802381776621,0.3395146171329329,0.3271674103892763,0.21891704136716816,0.211153111112213,0.21450138605166344,0.21129677239796651,0.9864887739840433,0.9581265615880031,0.9709244068218247,0.9643537738063586
Anthracnose_154.jpg,Anthracnose,255.0003603459733,435.97956926539274,238.46848975019685,444.2181825493912,8.388252722615471,10.727100886807555,7.892937219732606,10.771541756320389,0.3757039035125692,0.35869539481713186,0.38029760487634146,0.36176443579150247,0.2871517748520789,0.2819661846118623,0.2875584534180395,0.2823898179263972,0.9766332498646015,0.9600370844077263,0.978148134349303,0.9592819136830498
Anthracnose_155.jpg,Anthracnose,156.94702914799873,284.9620141165025,169.09020659835178,294.65454764824244,6.636050608585053,8.946208449798664,7.007607303011767,9.050373021778784,0.41858744580753476,0.4002951211582604,0.41478147535997045,0.3981031222503969,0.3296895968462009,0.325093598709185,0.32946493239036945,0.3247081829388433,0.9796919622062574,0.9631027096109598,0.9781207052800398,0.9618477064645355
Anthracnose_156.jpg,Anthracnose,160.35526105062084,307.3315369301435,172.21872998079294,279.6423817088506,7.0629804612434555,9.601882201532725,7.2526024983991215,9.182247782984321,0.35067655017998905,0.3281598020225926,0.34890620135708145,0.3307760485414086,0.24936703755024692,0.2438696495995577,0.2481081654824773,0.24419512960118345,0.9799300094966353,0.9613691017345554,0.9784279645771082,0.964849567648
Anthracnose_157.jpg,Anthracnose,161.19388613070103,295.65124977376456,163.16267616913552,273.3628064107381,6.674227258168586,8.818657121599662,6.733944586804027,8.613143236341614,0.3511384167752441,0.3320524406462622,0.35035957383129873,0.3305847463881996,0.23725499698786034,0.2318040729238548,0.2359588228810016,0.23196496694018603,0.9801231725855928,0.9633819169772087,0.9798673676223475,0.9661424670176412
Anthracnose_158.jpg,Anthracnose,224.3125400384618,330.21798145950754,189.8978619474898,401.6651853043448,8.109344971173515,10.039815801645977,7.72225336322972,10.795310583362879,0.3394893667553033,0.31939170721040633,0.3397429603812372,0.3201454285453284,0.24820506052077831,0.24314640684336905,0.24739217113158718,0.24290127858797722,0.9476855865788516,0.9227593480032279,0.9556939458518303,0.9060472701692674
Anthracnose_159.jpg,Anthracnose,216.05437219732525,332.8867461641943,172.98404468290738,347.2150053288645,8.06638372837997,10.236220314102914,7.414337764254303,10.12087514327705,0.3501374674397077,0.3304653011718958,0.35161803295603594,0.3325041686214668,0.2589157847541379,0.25420514165405017,0.2587901934339229,0.2544733068893037,0.9668309444036427,0.9486731866522252,0.9734376457249915,0.9464639551576756
Anthracnose_160.jpg,Anthracnose,170.84729340168147,312.8029117818512,161.94078315183728,275.0035190733732,7.209801409353764,9.595728850369744,7.233944586804016,9.395925918478856,0.3411765332361352,0.3204256909312823,0.3387018070538695,0.3200392682990352,0.2418960284002639,0.236297672348125,0.24089555579762353,0.23655674177984864,0.9610763628007287,0.9284738414118329,0.9630986284690621,0.9371171284643793
Anthracnose_161.jpg,Anthracnose,275.0566543882352,377.57929980492145,142.78701553492448,356.9712441432385,7.210121716848889,8.683564921876842,5.679952754644916,8.467513925476329,0.4482153074693628,0.43572774445238643,0.45987534895971643,0.4372475408425879,0.35340271019232816,0.35202097285374334,0.3566257085931106,0.35186551088237505,0.9690620830309018,0.9575189988877061,0.9839696343258991,0.9598375868927718
Anthracnose_162.jpg,Anthracnose,205.858223894961,311.84922278750486,179.52446348496477,367.386836654664,7.9078315182584635,9.85955880874429,7.53915759128861,10.454704498382279,0.337877051790452,0.3189481108761454,0.33866624681350393,0.3183743306444724,0.24432269944239016,0.23914131911908437,0.24325142853053788,0.23889882444005398,0.9479449359312366,0.9208912699084503,0.9546230148723105,0.9068026983030092
Anthracnose_163.jpg,Anthracnose,297.4680493274137,451.79697962957226,188.2106822549955,424.8925174445307,7.596692825114071,9.536930161476286,6.329676489431248,9.199420861068116,0.5074610648944055,0.49806041967614667,0.5177798513197625,0.49952205981800735,0.44317435590663595,0.44125322603276335,0.4467014067852283,0.4409122968628184,0.9745281291405489,0.9613245434654167,0.9838802062551216,0.9636276627972029
Anthracnose_164.jpg,Anthracnose,262.5096692825453,495.1960827685787,311.99061098658933,500.81706851130474,9.64756165919433,13.116048985502594,10.322409513134188,13.052223048926315,0.2833678839499617,0.25995027597841686,0.27741479934618574,0.26058442430753426,0.18005776421478517,0.17664945694987821,0.17842896822204804,0.17558501352319567,0.9728581658502058,0.9485356307731325,0.9677017067358572,0.9479514571583904
Anthracnose_165.jpg,Anthracnose,272.9801409353217,403.2319974260432,220.43970211404908,423.21603088740244,5.129564381807059,6.2521667437515385,4.625960922486083,6.40966035914701,0.5496364442846575,0.5389963224412568,0.5586477516160476,0.5362765384024238,0.4493093689806542,0.446190003714409,0.45012368703944905,0.44588713683359943,0.9784755147575657,0.9681922373873979,0.9826183285760622,0.9666158560574474
Anthracnose_166.jpg,Anthracnose,223.60139734146532,474.22950391118565,343.73230301092207,482.78061091112625,4.600516495836458,6.528162641517457,5.358103779628992,6.48500874741135,0.520685692234313,0.5006273975358547,0.5109034283330164,0.501761517452986,0.37506248859073177,0.3703580932742542,0.37362236952099576,0.37042215467821527,0.9826594952926012,0.9631708861500128,0.9733399833499263,0.9625067990557836
Anthracnose_167.jpg,Anthracnose,431.222413517029,685.3098996561042,354.18425688664473,626.882020551352,8.560778347214598,10.972953407469308,7.7292600896870365,10.529670815822469,0.44630604441078586,0.4323193485218329,0.45288890651071984,0.4342354705254309,0.3630869794421183,0.3591873876798138,0.3639164782443121,0.3599344089236705,0.966684470674864,0.9469704090892352,0.9726371693852233,0.9514915848788508
Anthracnose_168.jpg,Anthracnose,243.68766015376517,471.96983651389235,309.99479500322735,463.54899555590305,4.967128443305977,6.873373685375115,5.367512812300288,6.601419694745859,0.5089478085658738,0.4878709682562436,0.5049498087815485,0.49378020914058285,0.37293215030581195,0.36835929725940847,0.37272465791187603,0.3687802579959628,0.9789259279352985,0.959102078250927,0.9731916969227781,0.9598317750830393
Anthracnose_169.jpg,Anthracnose,223.8428090967505,421.8827846930209,349.7169082319286,504.9817410364024,5.500920884049223,7.842606929558625,7.082419122358123,8.340465322046057,0.42018579293108277,0.39101998199905685,0.4020050481764531,0.38960908964570057,0.2821414527003343,0.27818094288215406,0.28058387959183007,0.2777712334846714,0.9791309947499529,0.960522240425168,0.9673919764972544,0.9527462402221163
Anthracnose_170.jpg,Anthracnose,426.450352338301,662.7569426290113,392.781710442076,747.2986386212926,8.876201153108449,11.289428703574352,8.65931294042405,12.084176235195818,0.42153574676678174,0.40835209728847865,0.4241603875273166,0.4043370067632786,0.3336214208765415,0.3294864236784274,0.3340249141152665,0.32921897527942207,0.9611766396506257,0.9395604916299167,0.9642417791437494,0.9318507896050978
Anthracnose_171.jpg,Anthracnose,315.5381566303844,556.5447525588249,332.41175528509456,530.7316455186767,6.260450032031273,8.004785939793898,6.15907270980191,7.976190954976235,0.4266759964008307,0.41115732491306867,0.4285331058290905,0.41589374303129384,0.2582597608820818,0.25330865726480933,0.2582595079375463,0.2537317847375784,0.9736632047706556,0.9533040644839355,0.9722548283089996,0.9554698690778609
Anthracnose_172.jpg,Anthracnose,234.5271860986922,397.5716382794828,199.0241031390447,315.0243922057693,4.277346252403089,5.76745963120177,4.037355861627888,5.01663013533411,0.7109880419938405,0.6989828337329066,0.7122017041043436,0.7056062627407444,0.6649774556366507,0.6620836626058648,0.6654179861094384,0.6636336049358772,0.9736562247744662,0.9554571542080964,0.9776441856282124,0.9647055233028297
Anthracnose_173.jpg,Anthracnose,134.36519058298063,262.3936133845575,171.44674887895133,268.0265438677758,3.0171364509935024,4.29572281767229,3.3331197950038023,4.22996641798598,0.7814269281111954,0.7733412198267912,0.7798456797370632,0.7742338918755549,0.7463488180650694,0.7439019922518302,0.7457276095542212,0.7440228298899145,0.9748801020374407,0.9511012007645986,0.9679476148609186,0.950051466614239
Anthracnose_174.jpg,Anthracnose,280.33247918005844,568.0744032656753,318.4975576553975,448.8441754308144,7.287996476619066,10.074242393775283,7.430012812301359,9.123569748035226,0.49774196189867664,0.4838406346068706,0.49899479377767986,0.4871376303555119,0.4305482919234217,0.4261756161502831,0.42984843969010167,0.42702240058834107,0.9735322091014468,0.9463816011267027,0.9699288260055389,0.9576352923281567
Anthracnose_175.jpg,Anthracnose,257.13424887894536,341.3316374751022,138.17054372198456,351.33364837417486,5.86278827674632,6.955197168654576,4.707258968610334,7.141768384645237,0.5108950073839219,0.5030410217445502,0.5200747549427198,0.49918497193456607,0.4101764979662363,0.407959581718653,0.4129122230668759,0.4079134340632905,0.9797688084557765,0.973138085561839,0.9891381666973069,0.9723509532497892
Anthracnose_176.jpg,Anthracnose,279.7995675848929,358.929819622323,130.4908111787364,367.9664380944413,6.31858584240895,7.426431257415205,4.877021941063536,7.409700577128087,0.4712250727263485,0.45964631408350864,0.48359745021958495,0.4627200928838164,0.3530957044839139,0.351564809183598,0.35673166088394714,0.35157490611086806,0.9805753239146485,0.9750588630987395,0.9909554203748753,0.9744309310459669
Anthracnose_177.jpg,Anthracnose,419.2885570147893,514.9837720444643,197.43345611789513,570.9474552071966,8.749199231263358,10.324156930564502,6.785193786035573,10.669468519375904,0.4722774089191806,0.46234239736640487,0.48248839677575933,0.4619095634522612,0.4111424319688831,0.40987962858136584,0.41417383215046766,0.4093564987279707,0.959748322998306,0.9504786415649374,0.9810256844076798,0.9450971174010876
Anthracnose_178.jpg,Anthracnose,240.7327033952865,552.2064791167879,406.52658552215894,568.5488145749732,7.2100816784123,10.743590259205734,8.886250800770203,10.783566932776534,0.47327513053967263,0.45279646610329477,0.46221222078277047,0.45278809742933235,0.40517518805469815,0.40065827377024177,0.4022045499919602,0.4006580769629675,0.9806665837349972,0.9556112665611852,0.9673193645243123,0.9542975993010938
Anthracnose_179.jpg,Anthracnose,368.7356662396391,550.7931790303228,250.344730941733,518.0648313860935,7.3328395259460635,9.15055601359447,6.264293721974001,9.008787628949701,0.49385351648154074,0.48323386948092834,0.5034527777697207,0.4839573215494215,0.39862889627736636,0.39643485521738775,0.40120811447189986,0.3964980771401574,0.9752097146601468,0.9629499805234575,0.9831782767998152,0.965151507273991
Anthracnose_180.jpg,Anthracnose,281.20739910319213,355.42070019509555,147.54820627805196,391.5073297271692,5.860586162717451,6.977055641578212,4.6092648942994305,7.008224577209322,0.5843781266930196,0.5753603078733827,0.5936692740575926,0.5775539156762314,0.5038638437810243,0.5025096066739677,0.5068964091629276,0.5023909688334082,0.9807138351154262,0.9756363054159913,0.9898796954712918,0.9731626070073104
Anthracnose_181.jpg,Anthracnose,106.90052450352965,267.1815841862849,199.80509288918742,262.51436787387183,4.223834881486552,6.206378571859759,5.2497597693790174,6.147700536910311,0.5290948366096078,0.5088238608104085,0.5195361896841482,0.5096292148682741,0.4111369724922786,0.4065271454129711,0.4083360762511495,0.40656962249372347,0.98891030733664,0.9722509994657946,0.9792619780826491,0.9727357281881682
Anthracnose_182.jpg,Anthracnose,142.78701553492448,356.9712441432385,275.0566543882352,377.57929980492145,5.679952754644916,8.467513925476329,7.210121716848889,8.683564921876842,0.45987534895971643,0.4372475408425879,0.4482153074693628,0.43572774445238643,0.3566257085931106,0.35186551088237505,0.35340271019232816,0.35202097285374334,0.9839696343258991,0.9598375868927718,0.9690620830309018,0.9575189988877061
Anthracnose_183.jpg,Anthracnose,107.2936619154473,305.05899977879966,259.8276745676084,339.87675199581184,4.604680493273942,6.964769048241941,6.052049967969895,7.313619819421733,0.5002927407329469,0.47823370704563034,0.4898165119525366,0.4776112678809222,0.40294363579426773,0.398543560089482,0.4000874299282461,0.39811962242156607,0.9855517027243156,0.9588757239599207,0.9649626217922785,0.9541820258415199
Anthracnose_184.jpg,Anthracnose,78.88310778347439,219.54986024250758,175.97033151826338,219.39373403848194,3.8272141255606393,5.784331074423546,5.047605701473603,5.707635383780239,0.4417846129685288,0.41394356026312185,0.4234877181211211,0.4134336276324114,0.27247434693236017,0.26702172603088037,0.26901721246776317,0.26734403281742514,0.9896344810203009,0.9709945761083951,0.9768129702592139,0.9710152024331962
Anthracnose_185.jpg,Anthracnose,138.2057975656811,253.15542238935896,135.9021060217974,216.21669448411106,4.024583600256777,5.3187878300393825,3.9090326713650287,4.902612157896341,0.5848593992400037,0.5725957297769405,0.5925348781625456,0.5776775329016758,0.4797528773261513,0.4753951230161112,0.48025874701608057,0.47670566319235,0.9817861710074632,0.9666613139904375,0.9820897692976177,0.9715258696835504
Anthracnose_186.jpg,Anthracnose,249.86755285077885,546.5236381185979,362.5562940423475,509.69796295922947,6.528547405510723,9.25102053128057,7.266535874441098,9.066379778399913,0.5151495177724205,0.49910055356804095,0.5118149971573901,0.4996095150700063,0.43548665212413956,0.4309103774178477,0.43460350334745323,0.4310909238634932,0.9677566349207853,0.9295091387887684,0.9532150740774482,0.9342589307018956
Anthracnose_187.jpg,Anthracnose,167.6489830237294,267.6712984375572,144.6688420884272,253.75728448190702,4.0363949391422915,4.8761085081145685,3.5754324151190593,4.784089766535174,0.6078248234140403,0.6033478651826452,0.6188541198516431,0.5984373537388323,0.5031194203033985,0.4998035477525355,0.5042116757644196,0.5004629213892551,0.9773107788599514,0.9638262519971613,0.9804208573710542,0.965706625565341
Anthracnose_188.jpg,Anthracnose,139.36122677772394,190.9988537875244,94.36543081359133,225.4394819923952,5.586483023703659,6.605401274910531,4.903347213325432,7.132819883770661,0.4026105889767405,0.3926131947485075,0.4094781057122566,0.3825716984484619,0.28181394905678675,0.2785724672501895,0.2832719566260811,0.27743910477549333,0.9828940010106679,0.976543314393614,0.9884199656863204,0.9723136398596237
Anthracnose_189.jpg,Anthracnose,213.19921124282675,366.5662892879271,167.10205797568386,317.2754931729882,6.881706438182192,8.898851776630314,6.193305573351664,8.39234651812914,0.452866067591237,0.4368054203401856,0.45462430658436925,0.4382311717430244,0.35929178135841716,0.35461630612836825,0.35875894149232623,0.35481792467508827,0.9753850492273477,0.9576630492915644,0.9807029942544077,0.9633559404997325
Anthracnose_190.jpg,Anthracnose,201.88893337605887,298.53972531116455,108.47213324792668,267.109151601667,7.7834320948120075,9.205895956082662,5.709921524664236,8.99380643085599,0.3315641966717248,0.32208468108178484,0.3557527442683095,0.32202672629753865,0.2180085885193489,0.21524563874010452,0.2211693111133787,0.21638939026704554,0.9791975800117483,0.9691942742079731,0.9888453507472091,0.9724374596580335
Anthracnose_191.jpg,Anthracnose,152.92773062141248,154.2891270687095,116.81390134530056,307.49522411469235,5.040438821269082,5.514689617728479,4.57230941704089,6.660017293732595,0.429189561201664,0.42123068199852076,0.4279858980697397,0.40165534030851296,0.2807157604160022,0.2780116978620932,0.28209709267915384,0.2755142473678785,0.9851254874889377,0.9849527986161406,0.9886163334260696,0.9700112208181226
Anthracnose_192.jpg,Anthracnose,150.18671925049915,151.3341510989567,104.30591367714003,278.2798367149944,5.175068065343556,5.4653823724592385,4.517156470212003,6.706388626355507,0.3587192683651337,0.3528697120102724,0.36997590834083494,0.33365102130488,0.187621221256066,0.1874552873169039,0.190072700188605,0.18544614063418757,0.9847348892240527,0.9845793683119002,0.9893671532710009,0.9716436067047041
Anthracnose_193.jpg,Anthracnose,157.7372477578718,328.4840435158452,188.03547405512234,277.9101731384044,6.661495035235199,9.30738603229607,7.094690903268691,8.602565907217995,0.361752803528791,0.3351988520244601,0.3541935299704207,0.339957669113315,0.2363508850423144,0.23071130071159193,0.2350870264693055,0.2312335082426497,0.9833875174629909,0.9654268793993893,0.9801904511001372,0.9707498062030312
Anthracnose_194.jpg,Anthracnose,147.4408432094977,318.76691668843256,240.76767696992485,373.5269963200323,6.9954556374130705,9.698928190795082,7.8197269378619705,9.759456252891678,0.2755998055155227,0.2509484827407796,0.27100127181608014,0.2500163916365962,0.12438377499785842,0.12061191261819774,0.12362226679766058,0.1204376307682298,0.9843700135461004,0.9661263361635957,0.9744536959784714,0.9603072739209894
Anthracnose_195.jpg,Anthracnose,89.841948270345,145.44889300005673,94.40082479180727,177.64626274407135,3.777406310057957,6.33767017233436,5.411795323511103,5.96490981117695,0.42990291802442104,0.3768450314955869,0.3857637511381753,0.3863569497514739,0.27273477854055383,0.26928018863714326,0.2716982179129452,0.27094169933782913,0.9916265351206145,0.9864376698174503,0.9911956503924285,0.9834355143113964
Anthracnose_196.jpg,Anthracnose,200.76305253045217,225.65386394256734,137.01859785395695,373.5675963723124,6.896140294683979,7.829898047417713,6.375260249840876,9.396388425265744,0.32253109559171844,0.3127116966383058,0.33141965700727116,0.3009046611472174,0.18293351833234822,0.18155177797066527,0.1869984940359032,0.180360288835627,0.9837265338193598,0.9816704066879359,0.9889225069908775,0.9696555512215426
Anthracnose_197.jpg,Anthracnose,147.84136771302363,273.83611172554265,161.11635169765347,278.8391884011196,6.54636450993059,8.846950471556685,6.757607303012058,8.72376279434617,0.4057548164468459,0.388617688005406,0.4076662290702619,0.39073766002563,0.31024952900931596,0.30620576343509825,0.31098593987384493,0.3059879197431376,0.9829589329015861,0.9684142532417991,0.9814363588333548,0.9678371711619628
Anthracnose_198.jpg,Anthracnose,199.80509288918742,262.51436787387183,106.90052450352965,267.1815841862849,5.2497597693790174,6.147700536910311,4.223834881486552,6.206378571859759,0.5195361896841482,0.5096292148682741,0.5290948366096078,0.5088238608104085,0.4083360762511495,0.40656962249372347,0.4111369724922786,0.4065271454129711,0.9792619780826491,0.9727357281881682,0.98891030733664,0.9722509994657946
Anthracnose_199.jpg,Anthracnose,431.222413517029,685.3098996561042,354.18425688664473,626.882020551352,8.560778347214598,10.972953407469308,7.7292600896870365,10.529670815822469,0.44630604441078586,0.4323193485218329,0.45288890651071984,0.4342354705254309,0.3630869794421183,0.3591873876798138,0.3639164782443121,0.3599344089236705,0.966684470674864,0.9469704090892352,0.9726371693852233,0.9514915848788508
Healthy_200.jpg,Healthy,98.78603459322072,127.37087011603397,46.7837123638746,130.12326811317547,3.4812620115315522,4.025860162078897,2.724055092889489,4.2335056003542935,0.6628181465571582,0.654263631994897,0.6705932702586005,0.6507041982727282,0.6041607657320643,0.6022999738206148,0.60600665768685,0.6011725986667646,0.9877681954093472,0.9842596060574439,0.9942071849526396,0.9839194668347017
Healthy_201.jpg,Healthy,85.8991431774568,130.54044923485418,56.311378923770874,123.22294838022296,2.2555653427292244,2.8232620804763884,1.942985265855376,2.704297291319119,0.7611287080617931,0.7513817286304701,0.7633348665395019,0.7528213672794525,0.7030373889798744,0.7007337475534525,0.703680070691133,0.7008162783759948,0.9944332264781572,0.991562900887505,0.9963506889408187,0.9920358460958915
Healthy_202.jpg,Healthy,81.48214285715028,147.24370085865743,61.86034593209999,104.43165959500664,2.3099375400386983,2.8496852942953317,1.9763773222295364,2.7040559834304245,0.7460797466219122,0.7399530737057142,0.7514847055748778,0.7385222115595188,0.68075872420905,0.6782966269751861,0.6815406089987837,0.6787382238876456,0.9950831420073971,0.9911373504366473,0.99626717553495,0.9937142220895494
Healthy_203.jpg,Healthy,92.72149263293622,150.46761447042934,71.47353459321559,136.41613545416328,2.9537556053815095,3.6824790363774453,2.5771941063423593,3.565525146293217,0.7319263233005352,0.7229544778813436,0.7360062057249925,0.7236258563924738,0.6853442272394894,0.6829440625560872,0.6861267779740307,0.6833662912228221,0.9921834175219845,0.9873478287567647,0.9939746571989033,0.988529356884001
Healthy_204.jpg,Healthy,155.679612427937,278.3115888113503,116.83938581038205,212.34496973596487,4.138132607303159,5.226387017635839,3.8452714606023015,4.83092360594447,0.44987967610776053,0.4325765929504506,0.44868422364617444,0.43769048933522536,0.24593342900371654,0.24102596527007483,0.24619474587749937,0.2419267516378639,0.9879691686053255,0.9783673911989569,0.9909707957665052,0.9834948458999268
Healthy_205.jpg,Healthy,201.07102818707776,303.61967865831457,157.1547285394095,320.17452593053326,6.90114509929611,8.592109232038222,6.28529388212743,8.526031088500204,0.3881788822002204,0.37380459760423446,0.3939894453099271,0.3756911557974042,0.28895014977776023,0.284998919726331,0.29022250887103435,0.2853884786751189,0.9781838753153047,0.9669177981811028,0.9829496908070797,0.9651139928383154
Healthy_206.jpg,Healthy,150.7249759769549,203.7290916769001,107.52574471493833,247.17565203403802,3.039357783472467,3.4787347423036614,2.5821989109548245,3.7546300951159197,0.6738382459154619,0.6677726863580655,0.6866100379547739,0.6667088904180686,0.5733910564544279,0.5709080930959117,0.5745389745251305,0.5704263703656535,0.9853165282235515,0.9801849018514888,0.9895249527987648,0.9759592026614207
Healthy_207.jpg,Healthy,140.67400704677522,265.0488849564558,184.02114029469706,325.93697842304124,3.907951633568544,5.0546763457944826,4.2188901345295005,5.5595326670557785,0.49271698423397414,0.47453111333956194,0.48815361537800284,0.4622196496442263,0.3155518387244305,0.3109144189964571,0.3154945878934144,0.3102851277457954,0.9881589676823103,0.9776130788889811,0.9845102850547007,0.9724702655349032
Healthy_208.jpg,Healthy,147.46264413838594,248.0372820688166,119.41603939783111,221.586921112434,3.2433536194750108,4.0636248466692475,2.969770980141194,3.8739970640876504,0.6119761591380379,0.5970952140028719,0.6143446259594308,0.6025403996558766,0.4865396837841286,0.4828761308678112,0.48726461029335544,0.4833227984482703,0.9876292599792851,0.9792031552544009,0.9899821084429575,0.9814209027062634
Healthy_209.jpg,Healthy,179.41055413198478,254.49773773855404,124.79860666240887,282.91363188482956,3.3344010249843596,3.906452975125575,2.7745435618196677,4.015966538639837,0.6323256048606012,0.6252292152496346,0.6442430834059389,0.6275901006967128,0.5107412830174483,0.5075140650358732,0.5118971486456786,0.5074971553226405,0.9843753906662224,0.977853956545165,0.9891314672989373,0.9753812444803648
Healthy_210.jpg,Healthy,85.73270339526651,126.83878622132215,52.109865470856164,118.43873795974386,2.371997117232774,2.932775643990649,2.0796764894300415,2.8694725411733564,0.7434023252772312,0.7339341730996636,0.7452311929549584,0.7330222817813706,0.6831609769361588,0.6807086162037016,0.683723789812844,0.6809290638509544,0.9939628054145686,0.991090655533435,0.9963304855065904,0.9916806873819574
Healthy_211.jpg,Healthy,104.61346893018222,157.77912284582987,67.81546284433543,149.2976733897759,2.2008327994877237,2.670956584689232,1.851377322229491,2.5646604596917255,0.7673795133115737,0.7591633025922925,0.7680240584079534,0.7601147979506829,0.6920822782758741,0.6896917428382232,0.6928243666216393,0.6900928460195587,0.9944395386066723,0.9916353545385049,0.9963954425097203,0.9920849977892667
Healthy_212.jpg,Healthy,104.1336483023795,145.76754006716655,59.425448430497894,147.79227412576537,2.4829035874442003,3.0130105170024235,2.0552930813582875,2.981399183575239,0.7359057933247624,0.7264936619058104,0.7410062774858404,0.7282868628081388,0.6687319866738313,0.6662550620404771,0.6693568080462295,0.6662356050342239,0.9938929107639864,0.9914716444888,0.9965148967469106,0.9913531842893646
Healthy_213.jpg,Healthy,92.07246957079556,127.5509260190269,55.063821268421734,135.23605944217968,2.311779308136014,2.837740553801847,2.006886611146872,2.795310583362043,0.7395224729577247,0.7302591711720705,0.7408862623647408,0.7305297329457935,0.6680301510754024,0.6654897545179272,0.6687517330702789,0.6657505714037946,0.9946060330777997,0.9925454296337427,0.9967741450629386,0.9920962806572079
Healthy_214.jpg,Healthy,100.85810377963666,161.33543807436664,68.3078955797624,143.5867200225257,2.1720852017939354,2.7277845924914983,1.9133167841129173,2.6491182207567188,0.758693805525564,0.7499770109394579,0.7607638304811596,0.7509656055308476,0.6840787625201636,0.6816091690035099,0.6846413585897705,0.681732865408973,0.9946487207584357,0.991461482110213,0.9963757535591822,0.9924008153925629
Healthy_215.jpg,Healthy,91.98134208841319,143.5419574091611,64.86382927611064,133.77144121136834,2.6073030108907225,3.302298457640695,2.3541399743756237,3.1739628788033576,0.7346244392780352,0.7250396652745359,0.7353174288406031,0.7260168651168991,0.6787789330806936,0.6762244326957739,0.6793204495288161,0.6765875956138784,0.9938206366994357,0.990380589721896,0.9956424079377146,0.9910353571894095
Healthy_216.jpg,Healthy,109.33892536836035,169.90255183091796,109.09657270980661,228.7665949445968,4.025424407431447,4.844939572483101,3.9122757847536946,5.455287659112716,0.45466415294858087,0.4396848822729516,0.45555870957521,0.4294741819189919,0.2859523411784929,0.28110587151655275,0.28607431853946286,0.28029315793025233,0.9895448576404556,0.9836906323389522,0.9895680317437104,0.9780401267355281
Healthy_217.jpg,Healthy,165.27442344652735,218.50779223391496,81.79408231903398,218.66942830140212,3.1454996796928807,3.5771481429350764,2.3420083279951367,3.603692010698346,0.6885168290376414,0.6799880567647295,0.6984255867477934,0.6834221246855671,0.599239336164018,0.5967927383112472,0.6007869301418757,0.5966726617337161,0.9852440563840827,0.9805271372075267,0.9926973040253512,0.980512732609261
Healthy_218.jpg,Healthy,178.33444106343984,252.5054998089768,121.86939461884681,281.00573106237255,3.227378283152175,3.767017233405431,2.641415759129045,3.887389651913772,0.6557129259996081,0.6473573469106342,0.668070952409402,0.6500693503545738,0.5377532783561788,0.5347079311118866,0.538905744820977,0.5346887173549639,0.9859802815471674,0.980169921913415,0.9904192673586582,0.9779317060659678
Healthy_219.jpg,Healthy,172.0532511210877,231.6487964769056,131.8176049007126,291.8122021355746,4.780909673286775,5.826962134770834,4.647521620756309,6.183213014539235,0.3984432609398899,0.3740494380322087,0.395380980440113,0.37181850302624686,0.23501251283945876,0.2306327007720337,0.2348992593845899,0.22999940088864756,0.9823826938921855,0.976126677548154,0.9865055352444603,0.9699263415009427
Healthy_220.jpg,Healthy,81.7859144779062,119.9148183152736,54.73382447149745,122.15081743047602,2.522661755285317,3.1627018439947605,2.265214606021999,3.055762231293894,0.7079492051459966,0.6948744973557917,0.7102891612156441,0.6982739832676994,0.6342479857610193,0.6314729800968284,0.6349095402752641,0.6317152691329765,0.9950298368003834,0.9927278296108347,0.9966738032838635,0.992592228633546
Healthy_221.jpg,Healthy,112.5801769698959,200.29324941180977,125.91736066624577,222.1322166140467,3.5648022101218473,4.410042429970651,3.68105381165946,4.570512175994106,0.4833566498838495,0.4673469240515912,0.48284404753823046,0.46496204753355497,0.29279766819740044,0.28808116362301744,0.29206672266472916,0.2876608266737027,0.9911398664093878,0.9841717792218521,0.9900858315751027,0.9824459497420326
Healthy_222.jpg,Healthy,149.6659192825155,264.9659554786884,134.9554772581717,240.89231635463807,3.7369474695708877,4.451044662068547,3.4973174247278376,4.3788533853487,0.5002674189747606,0.5005524112468442,0.5066221489210418,0.4941530375177173,0.275600708708086,0.27162176296989954,0.27687398473211183,0.2719859525151288,0.9905007291502199,0.9831030823240247,0.991443689620971,0.9846382618066231
Healthy_223.jpg,Healthy,72.78711563101241,102.33453316978115,47.63148622678195,108.439783627261,2.81966688020531,3.5588891793523896,2.5904468289560647,3.3732429769352854,0.6642427664752542,0.6489181631171088,0.664268505935959,0.6526553137124188,0.5878056559034999,0.5847798763351724,0.5884260690680859,0.5853249363709689,0.9951015871099186,0.9931242532930948,0.9967945056747484,0.992714048111831
Healthy_224.jpg,Healthy,196.63601057016845,254.61505359047086,116.90410794363648,299.4957871664545,3.3723174247281418,3.789137123208133,2.686098654708803,4.081964246214846,0.6435724423567845,0.6383698553157962,0.6539867734953717,0.6360531301347663,0.5212462918633864,0.5183485175135089,0.5226193379023705,0.5180233762897255,0.9840093636749169,0.9793114044841295,0.9904932414484301,0.975664647034737
Healthy_225.jpg,Healthy,210.3530589365909,301.60678879526154,142.07795483664822,315.4377124012075,4.6783712363872905,5.940034989644106,4.300488468930338,5.773532546401733,0.4501405342495641,0.4238137624543851,0.446464626915618,0.4287894051445918,0.29570620582059604,0.2906412862256578,0.29616477377256856,0.2909371360508088,0.9828978601556003,0.9753532591920561,0.9884487676827245,0.9742230220690427
Healthy_226.jpg,Healthy,152.14650064062212,236.86842687365083,111.1176729660509,234.06213678135094,3.7739029468290943,4.590440185807211,3.4187219730942533,4.5426210058518945,0.5076415685103366,0.48986652814296777,0.5078131598253065,0.49361688393874587,0.3236797852256286,0.3195776696927906,0.32454251275853085,0.3195450939858619,0.9885413438419745,0.9820969572523207,0.9916335701542487,0.982309062901637
Healthy_227.jpg,Healthy,145.3288356822679,201.38526815339424,78.17620916080014,187.3855496792656,3.2005525304295404,3.7177502061174468,2.5679452274185683,3.5683001870139237,0.6150680382976558,0.5990989973515931,0.6205877673341746,0.6100996660660429,0.4798330859878449,0.4765614488515031,0.4811795746724951,0.4766528985605837,0.9853166040131225,0.9796672581536701,0.9921014144889332,0.9810807312655159
Healthy_228.jpg,Healthy,181.5560938501136,230.95670534296514,72.52466367713546,228.15572402421628,3.5070868033315876,4.15894146272832,2.5015214606024183,3.9617929176138005,0.6651259425836188,0.6521963591088165,0.672887830719568,0.6573945513532967,0.5824674873399373,0.579636784866115,0.5842380865527103,0.579983114262342,0.9875077605636033,0.9841321995713797,0.9950098317027762,0.9843246400225175
Healthy_229.jpg,Healthy,79.17905188982108,123.64978181745317,52.18665919282913,112.68841118864398,2.1177130044845045,2.7355064449317585,1.865871236387087,2.5132216614050003,0.7592144459241809,0.748265792020459,0.7606200591485937,0.7528611293267246,0.6937455448370874,0.6911197654910205,0.6942667492511725,0.6915237082566956,0.9951354364865497,0.9924232046883277,0.9967937817877444,0.9930948764079945
Healthy_230.jpg,Healthy,66.30144939142146,106.66580868306359,50.28183055733908,99.98857809326685,2.0890054452276265,2.6663315168214,1.866912235746491,2.534979589374608,0.7658250888907848,0.755599440439477,0.7679749414425617,0.7590071497646498,0.7090762852132676,0.7066604458594912,0.7095583831860953,0.7069035662583438,0.9955058676887785,0.9927897472281941,0.9965917306265645,0.9932411057371932
Healthy_231.jpg,Healthy,126.69546764895134,206.91873956846084,120.13853299167884,224.60515996702188,4.45435618193502,5.522572342094483,4.356742472774205,5.708097890567242,0.4476912609527681,0.4270301547374372,0.448132941767224,0.4261529990321747,0.30634939041882625,0.30170646425018366,0.30625489828190444,0.3013428765018372,0.9841335153449983,0.9739767225233456,0.984954661555309,0.9717523777077834
Healthy_232.jpg,Healthy,154.64433856503305,311.251543365031,146.9301729660577,221.67342999054523,5.447589686099119,7.551207544893815,5.431494234465506,6.73667276639417,0.3966009348056607,0.3696671016082266,0.3918742671089791,0.3733087964191378,0.26548815726571096,0.25930183819481895,0.2655176210219187,0.26089318434423886,0.9835360452408841,0.9667204847687968,0.9843573211738071,0.9762983206124349
Healthy_233.jpg,Healthy,129.6191944266581,226.8237044782672,93.5106101857809,171.85517504875872,4.0695467648946115,5.128596995717084,3.573750800768855,4.736230368598006,0.4872837237761937,0.4708649858465499,0.49441133006526117,0.47276305645018435,0.34307820919999754,0.33851889589048995,0.3433374916563958,0.33868605201007157,0.9912218894532498,0.9846045947132807,0.9936672459882568,0.9883355221775428
Healthy_234.jpg,Healthy,147.316724055102,215.0821251181373,66.24447469570937,164.8509119427259,4.17510810377996,4.994329264614425,3.3589846252403097,4.581732992821297,0.4289203175132764,0.41130998837428356,0.441218643970345,0.4134251601422835,0.23819062298328492,0.23418373438686643,0.2392956063333236,0.23523699209669882,0.9860876691473676,0.9795889710522157,0.9937561677001131,0.9843558513573247
Healthy_235.jpg,Healthy,85.72077194107061,124.38629371192033,52.08243914157986,123.3629069557023,2.084681294042481,2.566228960968643,1.8026905829598006,2.558064710732372,0.7682197373673867,0.7585859873156189,0.7697911964901794,0.7592563437987047,0.7039756195238543,0.7017180650162025,0.7045774470548191,0.7017385137090454,0.9946037970550622,0.9921909769321523,0.9967213616360266,0.9922552255768209
Healthy_236.jpg,Healthy,74.71312459962246,129.11130326369175,62.05657431134448,110.87293128757992,2.2431133888535215,2.8247099278089567,2.037676169122552,2.731725954674569,0.7530754268416072,0.7433227219863892,0.7567050929204682,0.7437473919255383,0.6921215734877539,0.6896905501409459,0.6924643050505097,0.6898918800928835,0.9952851820377732,0.9918736018786465,0.9960838814759051,0.9930215437552817
Healthy_237.jpg,Healthy,71.52542440743748,117.39274869794286,53.30697469571199,102.1765971565896,2.2044362588086788,2.7922942347525543,1.9887091607945218,2.6887329324943225,0.7627530410438556,0.7536721627132584,0.7636004430259238,0.7531393816452773,0.7084916383165079,0.7061541688380132,0.7090726846047797,0.7065159204016399,0.9951617233682597,0.9920809101254222,0.9963940949373478,0.9931073625506154
Healthy_238.jpg,Healthy,130.84385009610472,189.38450401175217,88.99819827034844,194.28623137405657,2.9513933376044283,3.420458887168808,2.5050448430496295,3.559934846870411,0.6391026734017649,0.6337755357632628,0.651972218972508,0.6300916585627624,0.5156200194604751,0.5127117172001184,0.5168018085739844,0.5122261014694898,0.9809852285537207,0.9725030175802992,0.9870664123839339,0.9717913294101921
Healthy_239.jpg,Healthy,105.73374439462854,141.13571557843682,53.47493593850528,143.50560035392277,2.303050928891976,2.7252910776410473,1.8519378603460876,2.7143920046655126,0.7564033209258723,0.7475715257424017,0.7587242907607317,0.7494957603107252,0.6846016032900285,0.682237602833108,0.685445118898171,0.6823791149773267,0.9936045046793481,0.9914848452952396,0.9967654725128222,0.9913418628091138
Healthy_240.jpg,Healthy,145.04356181936112,232.11614953046623,99.96644778988741,195.36749180559363,2.8365631005768583,3.4520300026145163,2.37628122998105,3.215508053651107,0.6926535074651875,0.6894234016534693,0.7067695059498033,0.6891649896940439,0.5930334065098419,0.5900574507480784,0.5940824777736877,0.5906004442611315,0.986762412032327,0.9788524322337361,0.9908764330533771,0.9822005177983402
Healthy_241.jpg,Healthy,179.06942664960005,254.11618974844444,104.98999039078409,244.47312433389726,3.346332479180334,3.8920549377630036,2.652986867392973,3.790705624485021,0.6220347545739638,0.6154200335798798,0.6354832040052745,0.617064147535105,0.4938618031646791,0.4905186574481942,0.4952165992667158,0.49074281716796,0.984949677548195,0.9786539206146817,0.9911758626854558,0.9794639502316947
Healthy_242.jpg,Healthy,151.68497757849258,214.639747431085,85.07519218450543,203.32594663074815,3.0405989750164024,3.5409519596214984,2.3934577194108817,3.513281988377384,0.6770679022532574,0.6666338554959654,0.6806668263419409,0.6683015668602651,0.5728700536231289,0.5701436072270967,0.574354027996104,0.5701244289194836,0.9850805325837563,0.9789247903815654,0.9916321538362667,0.9800356783988158
Healthy_243.jpg,Healthy,184.31874599618055,222.83685575821966,93.58524183216805,267.0547165637887,3.517737027546886,3.8975245832415837,2.656149903908052,4.139395523739091,0.6457205197821211,0.6382499378376736,0.6603724400458686,0.6372040517672,0.5431319054219697,0.5405720549490483,0.544705300485906,0.5400680005614515,0.9850229862401154,0.9819124401720356,0.9923956326467644,0.9783232977922173
Healthy_244.jpg,Healthy,81.80068866112065,131.3430794908428,57.93814061499479,118.79454644171487,2.094730941704212,2.667779364153921,1.8344410634210384,2.4772667859801665,0.756303363564487,0.746193135300596,0.7589639813107657,0.7489215992680849,0.6821251570392586,0.6794880636688929,0.6826878634463832,0.6798517331779008,0.995535166576396,0.9928491612610326,0.9968376287418421,0.9935323532235834
Healthy_245.jpg,Healthy,99.47483584241515,199.108307024067,120.955156950682,200.37774739085484,3.6374719730944673,4.635584869995613,3.9238468930176458,4.740955981419552,0.42747179781568523,0.4138890967404673,0.4303542181770801,0.4104102967350321,0.2202658312053569,0.21488805463716176,0.2177475004064148,0.21467767760395154,0.9902746977532791,0.9804031269146477,0.9881554857433932,0.9802781845547325
Healthy_246.jpg,Healthy,149.25444426651387,202.1904723602023,101.66287636131887,234.60475778721795,3.2319426649588006,3.7272014317605406,2.7111627162079084,3.930221802168179,0.6184789163739663,0.6085716022781636,0.6311631686137515,0.6113180094431167,0.4960032075481058,0.49289018414697816,0.49719498877509394,0.49283317412020655,0.9766785221508141,0.9684619284203863,0.9841148547984837,0.9634058837805702
Healthy_247.jpg,Healthy,157.4258087764421,216.43588248306463,83.01893818066009,202.8510124876897,3.1920643818069077,3.763840012870074,2.5425208199874523,3.607512718936984,0.6426632631806359,0.6251405064996866,0.6467450483277833,0.6361625923309782,0.5281088527668745,0.5250766367962871,0.5294539213653633,0.525224273656914,0.9865707071408963,0.981560168573402,0.992918025053549,0.9827175677522848
Healthy_248.jpg,Healthy,96.27574471493533,141.39849986929303,58.47437540038937,136.50489653924544,2.5795163356825186,3.1527277845927215,2.2126841768099506,3.1705041323978738,0.7337229655792664,0.7242503962325059,0.7360711305471397,0.7229769512599535,0.6725345595631838,0.6701346638567437,0.6732782419850628,0.670214374291773,0.9939745134288144,0.9911718881206243,0.9963403392539096,0.9914774166639293
Healthy_249.jpg,Healthy,122.96196348495346,203.254318405756,95.26833760410457,192.55010155039946,4.058576233184198,5.031792314344085,3.740671044202768,5.19109573890527,0.49441631028892363,0.48346769684094804,0.4968107001511226,0.47521054508338484,0.3571144708614205,0.3527885150669615,0.357698172219762,0.3524175681899869,0.9911865869657653,0.9854131527168927,0.993171553343872,0.986181356697892
Healthy_250.jpg,Healthy,83.27770659834133,130.53035452150954,61.933576233188326,122.45727844919762,2.26185137732244,2.7775744535383877,1.9677690582961398,2.581270486034497,0.7436828884293131,0.7348532367837788,0.7478140984192035,0.7385790391422828,0.6719462467066319,0.6694230136262395,0.6726691785213464,0.6699469535123709,0.9952665877402802,0.9925987337951262,0.9964797643810667,0.993056489275234
Healthy_251.jpg,Healthy,163.27202114030115,213.8649882362342,119.84372998078506,294.6735707534739,3.237748238308891,3.642824106658179,2.9654868673927792,4.231052303484996,0.6177378500428623,0.6120525094145025,0.61761945385385,0.5980581771522222,0.4373347364925251,0.43394260901549997,0.4378531127947224,0.4329146757517747,0.9896333866881968,0.9864093077663755,0.9923907746233707,0.9812740839792328
Healthy_252.jpg,Healthy,118.3149423446583,182.70192443040946,135.32206918643024,276.8625148303775,4.2013132607306725,5.041927245671816,4.275344330557746,6.069858633795621,0.4639773286248813,0.451081752440855,0.4651060929142031,0.4378714374758951,0.317377426980086,0.3131303674549239,0.31737684232519303,0.31153055667404506,0.9849977838450753,0.9767593428205144,0.9828412972002201,0.9647816145720357
Healthy_253.jpg,Healthy,188.47033151827836,268.9984717167175,92.06456197950925,226.8896418588845,3.6715246636775647,4.325785758813243,2.7802490390778227,4.123851273904986,0.6341995954695032,0.6263923989895477,0.6479809553312156,0.6252111496438361,0.5391556534370002,0.536194841210426,0.5408287100069091,0.5366362043868353,0.984461815491448,0.9778462211290089,0.9924100405005428,0.981314157951233
Healthy_254.jpg,Healthy,90.64033472133855,139.1158881135784,57.775984945552494,122.4014961089125,2.4948750800770996,3.1015705121762194,2.1326473414479703,2.8775965734281694,0.7466874776073211,0.7373720360626512,0.748908823840763,0.7399825203304551,0.690695337784233,0.6882755547234312,0.691538099716317,0.6889394152993351,0.9939767043224556,0.9907791051967965,0.9961606293549322,0.9918869703908098
Healthy_255.jpg,Healthy,92.5913677130121,149.66184721189074,63.78819666880717,123.432162319774,2.5118914157593797,3.049930623982233,2.1221973094172273,2.9113394598727314,0.7327238096109998,0.7251051448015153,0.7370454453884246,0.7254454652506817,0.6643145069260911,0.6618202741028668,0.6652175197091984,0.6622626080744405,0.9941244185546051,0.9905256252850909,0.9959521848090186,0.9921861010038584
Healthy_256.jpg,Healthy,77.30301089046205,88.17076554927992,29.93185458039975,104.5585473265129,2.4441463805255697,2.911580767761516,2.0436819346574913,2.9553379315894825,0.7133260418899242,0.7012338019002291,0.7156464290404067,0.7020017743284283,0.6469477830750106,0.6443119632943934,0.6476891422122805,0.6446132700137951,0.9897958299925547,0.9883887429393297,0.9960489283760298,0.9862306268598685
Healthy_257.jpg,Healthy,82.21020179372798,128.73208791651004,63.812019538762115,128.10223410887173,2.3290759128765726,2.810352108427878,2.05433215887269,2.8688290534700225,0.7384159180531912,0.7312993900257422,0.7416975763475643,0.7295265837704918,0.6699341708094468,0.66754388552064,0.6705973041886784,0.6674827457682538,0.9952651174835917,0.9926035526087199,0.9963247576449371,0.9926397415700572
Healthy_258.jpg,Healthy,178.4984785394148,261.41671861489925,109.66972293402497,248.67409358724979,3.44919122357501,4.126887731505118,2.7473975016017924,3.900822457721177,0.6134653647422939,0.5969600446363454,0.6187317531251463,0.6091858200677889,0.47337079897429113,0.46974526075107476,0.47473781923052755,0.47018297212406795,0.9818197963988464,0.9733922792679257,0.9888300566585444,0.974689259085919
Healthy_259.jpg,Healthy,173.29656470212745,321.30539524221075,157.0600176169228,260.47046994711536,3.898582639334088,5.043857708781906,3.764293721973422,4.619477568421163,0.4881152897064297,0.4707507669313528,0.49283044729698766,0.4833250821272353,0.3000497534563591,0.29458624806455136,0.29996635497620505,0.29542291022704664,0.9854126150865062,0.9728721566123603,0.9867793401707841,0.9780084548206671
Healthy_260.jpg,Healthy,169.62271780911456,245.7124816505554,125.34709320949301,277.1018520380593,3.148502562460306,3.6967966377770973,2.607383087764548,3.8522391361181607,0.6643049608086017,0.6569519681368836,0.6764486750034093,0.6556610675972562,0.5555987226383943,0.5526759369209199,0.556750434521407,0.5526363005008785,0.9841110897090717,0.9770169165159107,0.9882584789056669,0.9740808649352892
Healthy_261.jpg,Healthy,139.13793241513235,203.52337670173122,96.4511130685554,210.41858875103986,2.9340166559900878,3.390657362907285,2.4180413196671524,3.4083130567680264,0.6493771495532819,0.6395060972694234,0.6597424148934163,0.6487260845430954,0.5168370253789774,0.5136591643811715,0.5181292150860611,0.5138071906486213,0.9847055548205661,0.9776561521236791,0.9893978138404299,0.9768991601181323
Healthy_262.jpg,Healthy,160.41319666881466,301.7821391944275,133.70311499040153,220.197912686762,4.148342408712716,5.617929176135034,4.011611146701153,4.9306038729919415,0.5010140971790672,0.480346735121177,0.5016962187319973,0.48641109639730684,0.35583672840165786,0.35023097010299714,0.3556899304599558,0.3519680565135432,0.9846832577465907,0.971119764732587,0.9872336179733799,0.9789272899292129
Healthy_263.jpg,Healthy,57.788737187702,147.9188602224028,93.1411755285128,117.49544531359939,3.1229780589366785,4.393432403627867,3.6428971812943356,3.976211063966872,0.48380404527675563,0.4510913362274925,0.4643821755393392,0.45972784680853457,0.2815193787800258,0.27548164127752794,0.2794330210270387,0.2766444678504174,0.9916558700128233,0.9785513285751303,0.9865484983986654,0.982962813554256
Healthy_264.jpg,Healthy,116.6788116592024,203.5911440004802,109.20655829597156,199.27297954915593,3.4618033311982837,4.365259707615573,3.3488549007049615,4.383076273402166,0.5578123017903777,0.5402339428647726,0.5564658137720768,0.5415571784634058,0.42060298948316777,0.4165375094720867,0.42070469901799257,0.4164176265235365,0.9911934104931533,0.9846279548041024,0.9917573952229021,0.9849539956023637
Healthy_265.jpg,Healthy,62.40791159513644,88.37060869915076,43.75740711082951,98.05867803494999,2.1202754644460633,2.640350700798535,1.9226457399104762,2.549015664903963,0.740357906615744,0.7275854367106606,0.7401548029837217,0.7310546237419705,0.6698548923315205,0.6672413103052772,0.6704156042177312,0.6676434832380048,0.9952874337212005,0.9933430820072475,0.996695776610246,0.9926132841250612
Healthy_266.jpg,Healthy,170.21416559898987,309.64970138148345,167.01837764255254,302.4809668402704,4.334641255605793,5.7922339077805995,4.380004804612875,5.760743228297816,0.4890712468865992,0.4654900986511018,0.4860195223401882,0.46610215548372597,0.3413301972146295,0.3365594461243683,0.3414666577286022,0.3365594926819528,0.9840902817676912,0.9709799641721376,0.9843889883162196,0.9716518102365856
Healthy_267.jpg,Healthy,70.46248398463153,115.70958595588206,50.99843850096521,96.10146996722393,2.2126441383730726,2.7501055722015635,1.9613228699553409,2.6362484666896826,0.7528144229687195,0.7439361163687592,0.7565872684815776,0.7454075715063266,0.6948595151079504,0.6924812708596987,0.6955016257517979,0.6928235479807971,0.9951856808326526,0.9921151817477597,0.99651555343928,0.9934513409739983
Healthy_268.jpg,Healthy,135.28391255606337,195.4438657523724,149.6611146700919,307.29666794022444,3.6477017937222556,4.092903537171665,3.7264173606665203,5.150033179834972,0.528797811916188,0.5221404307862036,0.5311305009836284,0.5123904715011515,0.35350687983313706,0.349836335100871,0.3534678519167281,0.3481054674059194,0.9904538202896641,0.9861773267001127,0.9894393067934217,0.9782665911220669
Healthy_269.jpg,Healthy,151.1841768097433,220.640571899692,109.02520419603032,244.96565384382785,4.259809417040511,4.961672263669328,3.7043762011532,4.987371553821891,0.4461022372320666,0.4336895557192315,0.45989414672399187,0.4384553633044598,0.26724301437374287,0.26320633807410293,0.2686674772398953,0.2635484029681726,0.9895226054342512,0.9846353507361723,0.9924512378562582,0.9829414358357295
Healthy_270.jpg,Healthy,171.1661194747092,264.3009913732461,129.54115951314247,263.1492288202099,3.5356342088407837,4.3648575278009885,3.1156710442027133,4.22361197691524,0.5766292723197758,0.5636653476739212,0.5892613787049049,0.5710888639137085,0.44205061939954676,0.4381649521383428,0.44300418138726094,0.43849470121395795,0.9863734946205307,0.9789551209982298,0.9896872505354034,0.9790468297104945
Healthy_271.jpg,Healthy,182.64786194748567,233.6616461219879,74.24883888533583,230.2533330652204,3.5066463805256807,4.148203261678657,2.506125880845847,3.952422127933741,0.6651389094932687,0.6529258518560035,0.6745509087770246,0.6569369576026683,0.5825931489192281,0.5797832669055656,0.5843441909770866,0.5801094120690644,0.9875504550412681,0.9840967552092854,0.9949390907291177,0.9843287283968658
Healthy_272.jpg,Healthy,172.74595611789073,217.70640873535697,92.57327033953476,251.3806430855354,3.243233504164366,3.6366707554951567,2.543762011531332,3.7857990307470093,0.6373829107109553,0.6300956157212615,0.6456932053801093,0.6268576939542019,0.5025596427575525,0.49939647956856675,0.5037698493459477,0.4992931418760522,0.9865418819297659,0.983048183503972,0.9927878948348359,0.9804261226989385
Healthy_273.jpg,Healthy,64.28831678411942,104.04484304932993,47.87035554132363,96.16803072653914,2.643417680974055,3.287337368537806,2.2911595131328273,3.2026382995840437,0.6944344609261435,0.6844804723010944,0.6998852608686544,0.6859591541825326,0.6272067573145194,0.6244826701470882,0.6280300848948718,0.6246050944885478,0.9957952198448238,0.9932089374477309,0.9968690373139304,0.9937230612008021
Healthy_274.jpg,Healthy,135.9768177450504,182.12290615134862,68.59969570788685,179.4007922942441,2.7511210762335425,3.1195881678701984,2.0485666239592426,3.0822256630942957,0.6844184512947005,0.6843155532938499,0.698389661964703,0.6760775640299362,0.5685701054796972,0.5657509532144607,0.5702017771704141,0.5658672287021435,0.9786745793401611,0.9714953661919057,0.9892414207629816,0.9719214128673125
Healthy_275.jpg,Healthy,157.16507847535348,210.80737597780583,86.20315502883473,216.01689155221774,3.380004804612823,3.860644694243183,2.6857783472136094,3.9852802187861744,0.6229322656491693,0.6180059230006277,0.6319894448702131,0.6101488829551515,0.5131153411005902,0.5101027693843828,0.5145626549384997,0.5101951046380725,0.9843047306609672,0.978971066720932,0.9913913335635592,0.9784513953625433
Healthy_276.jpg,Healthy,168.31334080719114,348.7464859538724,183.73134208842242,280.2176597156607,4.443425688661628,6.105009149591361,4.5831197950037,5.616561764765531,0.4673893724299424,0.44249256436894235,0.460801188640355,0.44678420429771437,0.30402371127397954,0.298650723577729,0.3040941805696048,0.29945796239450506,0.9796694395403929,0.9577240568757848,0.9778070998962973,0.9660312968827938
Healthy_277.jpg,Healthy,100.7857543241534,164.60741217397725,92.5286274823859,176.1921212974265,3.471412556053903,4.289086850731087,3.3672725816785087,4.25522331034217,0.49268377597701135,0.47948231266413344,0.49426454439737766,0.47756068839074056,0.2989367903013739,0.2937515119591745,0.29892299437660197,0.2941611952718331,0.9909308155948877,0.9851227976837648,0.9916738313760999,0.984075772770801
Healthy_278.jpg,Healthy,100.23526585522947,158.08196424621704,64.29860666240057,135.9309055078555,2.2563661114672176,2.8381025156349224,2.000040038437061,2.7176898791451545,0.7487128950377022,0.74052977329484,0.7522551943248121,0.7399684813811236,0.6793558564318234,0.6767047241756884,0.6798376825853638,0.6771450160907466,0.9943808227178013,0.9911598927488557,0.9963954276296741,0.992398602907269
Healthy_279.jpg,Healthy,185.02910794364487,242.34742303284813,104.91477818706966,263.83347744777996,3.321468609865852,3.649600836534343,2.560438020499964,3.7424239377429562,0.635031383840972,0.630577358868977,0.6445523208025813,0.6329078685043539,0.5006212372079868,0.4979744544083472,0.5024130204819005,0.4978981154592812,0.9844334637862574,0.9796258524470227,0.9911742003632816,0.977819519879078
Healthy_280.jpg,Healthy,84.96480621397276,135.7203241569328,55.3679131966739,115.72667859800275,2.373198270339777,2.9867079571278783,2.1208760409995735,2.9394920468944066,0.7337098575811227,0.7239120041112783,0.7345794884709345,0.7218205628884532,0.6685627426482611,0.6659652178001033,0.6690649428954015,0.6660856290885216,0.9949162663139377,0.9918990533480957,0.9966871492093387,0.9930924446625883
Healthy_281.jpg,Healthy,138.17136450994383,191.5416758832921,73.25416399744422,176.69625369503268,2.947189301730004,3.434253654809352,2.359585201793959,3.317983470409935,0.658274950630591,0.6437275148200853,0.6625112412741341,0.6502939454563447,0.5424491601188371,0.5395819910619445,0.543753742540501,0.539607999675232,0.9864149542419924,0.981194663812361,0.9927976308738118,0.9826521698815355
Healthy_282.jpg,Healthy,86.20315502883473,216.01689155221774,157.16507847535348,210.80737597780583,2.6857783472136094,3.9852802187861744,3.380004804612823,3.860644694243183,0.6319894448702131,0.6101488829551515,0.6229322656491693,0.6180059230006277,0.5145626549384997,0.5101951046380725,0.5131153411005902,0.5101027693843828,0.9913913335635592,0.9784513953625433,0.9843047306609672,0.978971066720932
Healthy_283.jpg,Healthy,63.812019538762115,128.10223410887173,82.21020179372798,128.73208791651004,2.05433215887269,2.8688290534700225,2.3290759128765726,2.810352108427878,0.7416975763475643,0.7295265837704918,0.7384159180531912,0.7312993900257422,0.6705973041886784,0.6674827457682538,0.6699341708094468,0.66754388552064,0.9963247576449371,0.9926397415700572,0.9952651174835917,0.9926035526087199
Healthy_284.jpg,Healthy,53.47493593850528,143.50560035392277,105.73374439462854,141.13571557843682,1.8519378603460876,2.7143920046655126,2.303050928891976,2.7252910776410473,0.7587242907607317,0.7494957603107252,0.7564033209258723,0.7475715257424017,0.685445118898171,0.6823791149773267,0.6846016032900285,0.682237602833108,0.9967654725128222,0.9913418628091138,0.9936045046793481,0.9914848452952396
Healthy_285.jpg,Healthy,125.91736066624577,222.1322166140467,112.5801769698959,200.29324941180977,3.68105381165946,4.570512175994106,3.5648022101218473,4.410042429970651,0.48284404753823046,0.46496204753355497,0.4833566498838495,0.4673469240515912,0.29206672266472916,0.2876608266737027,0.29279766819740044,0.28808116362301744,0.9900858315751027,0.9824459497420326,0.9911398664093878,0.9841717792218521
Healthy_286.jpg,Healthy,179.41055413198478,254.49773773855404,124.79860666240887,282.91363188482956,3.3344010249843596,3.906452975125575,2.7745435618196677,4.015966538639837,0.6323256048606012,0.6252292152496346,0.6442430834059389,0.6275901006967128,0.5107412830174483,0.5075140650358732,0.5118971486456786,0.5074971553226405,0.9843753906662224,0.977853956545165,0.9891314672989373,0.9753812444803648
Healthy_287.jpg,Healthy,71.47353459321559,136.41613545416328,92.72149263293622,150.46761447042934,2.5771941063423593,3.565525146293217,2.9537556053815095,3.6824790363774453,0.7360062057249925,0.7236258563924738,0.7319263233005352,0.7229544778813436,0.6861267779740307,0.6833662912228221,0.6853442272394894,0.6829440625560872,0.9939746571989033,0.988529356884001,0.9921834175219845,0.9873478287567647
Healthy_288.jpg,Healthy,181.5560938501136,230.95670534296514,72.52466367713546,228.15572402421628,3.5070868033315876,4.15894146272832,2.5015214606024183,3.9617929176138005,0.6651259425836188,0.6521963591088165,0.672887830719568,0.6573945513532967,0.5824674873399373,0.579636784866115,0.5842380865527103,0.579983114262342,0.9875077605636033,0.9841321995713797,0.9950098317027762,0.9843246400225175
Healthy_289.jpg,Healthy,163.27202114030115,213.8649882362342,119.84372998078506,294.6735707534739,3.237748238308891,3.642824106658179,2.9654868673927792,4.231052303484996,0.6177378500428623,0.6120525094145025,0.61761945385385,0.5980581771522222,0.4373347364925251,0.43394260901549997,0.4378531127947224,0.4329146757517747,0.9896333866881968,0.9864093077663755,0.9923907746233707,0.9812740839792328
Healthy_290.jpg,Healthy,101.66287636131887,234.60475778721795,149.25444426651387,202.1904723602023,2.7111627162079084,3.930221802168179,3.2319426649588006,3.7272014317605406,0.6311631686137515,0.6113180094431167,0.6184789163739663,0.6085716022781636,0.49719498877509394,0.49283317412020655,0.4960032075481058,0.49289018414697816,0.9841148547984837,0.9634058837805702,0.9766785221508141,0.9684619284203863
Healthy_291.jpg,Healthy,151.68497757849258,214.639747431085,85.07519218450543,203.32594663074815,3.0405989750164024,3.5409519596214984,2.3934577194108817,3.513281988377384,0.6770679022532574,0.6666338554959654,0.6806668263419409,0.6683015668602651,0.5728700536231289,0.5701436072270967,0.574354027996104,0.5701244289194836,0.9850805325837563,0.9789247903815654,0.9916321538362667,0.9800356783988158
Healthy_292.jpg,Healthy,96.27574471493533,141.39849986929303,58.47437540038937,136.50489653924544,2.5795163356825186,3.1527277845927215,2.2126841768099506,3.1705041323978738,0.7337229655792664,0.7242503962325059,0.7360711305471397,0.7229769512599535,0.6725345595631838,0.6701346638567437,0.6732782419850628,0.670214374291773,0.9939745134288144,0.9911718881206243,0.9963403392539096,0.9914774166639293
Healthy_293.jpg,Healthy,50.99843850096521,96.10146996722393,70.46248398463153,115.70958595588206,1.9613228699553409,2.6362484666896826,2.2126441383730726,2.7501055722015635,0.7565872684815776,0.7454075715063266,0.7528144229687195,0.7439361163687592,0.6955016257517979,0.6928235479807971,0.6948595151079504,0.6924812708596987,0.99651555343928,0.9934513409739983,0.9951856808326526,0.9921151817477597
Healthy_294.jpg,Healthy,116.83938581038205,212.34496973596487,155.679612427937,278.3115888113503,3.8452714606023015,4.83092360594447,4.138132607303159,5.226387017635839,0.44868422364617444,0.43769048933522536,0.44987967610776053,0.4325765929504506,0.24619474587749937,0.2419267516378639,0.24593342900371654,0.24102596527007483,0.9909707957665052,0.9834948458999268,0.9879691686053255,0.9783673911989569
Healthy_295.jpg,Healthy,57.788737187702,147.9188602224028,93.1411755285128,117.49544531359939,3.1229780589366785,4.393432403627867,3.6428971812943356,3.976211063966872,0.48380404527675563,0.4510913362274925,0.4643821755393392,0.45972784680853457,0.2815193787800258,0.27548164127752794,0.2794330210270387,0.2766444678504174,0.9916558700128233,0.9785513285751303,0.9865484983986654,0.982962813554256
Healthy_296.jpg,Healthy,119.41603939783111,221.586921112434,147.46264413838594,248.0372820688166,2.969770980141194,3.8739970640876504,3.2433536194750108,4.0636248466692475,0.6143446259594308,0.6025403996558766,0.6119761591380379,0.5970952140028719,0.48726461029335544,0.4833227984482703,0.4865396837841286,0.4828761308678112,0.9899821084429575,0.9814209027062634,0.9876292599792851,0.9792031552544009
Healthy_297.jpg,Healthy,47.63148622678195,108.439783627261,72.78711563101241,102.33453316978115,2.5904468289560647,3.3732429769352854,2.81966688020531,3.5588891793523896,0.664268505935959,0.6526553137124188,0.6642427664752542,0.6489181631171088,0.5884260690680859,0.5853249363709689,0.5878056559034999,0.5847798763351724,0.9967945056747484,0.992714048111831,0.9951015871099186,0.9931242532930948
Healthy_298.jpg,Healthy,160.41319666881466,301.7821391944275,133.70311499040153,220.197912686762,4.148342408712716,5.617929176135034,4.011611146701153,4.9306038729919415,0.5010140971790672,0.480346735121177,0.5016962187319973,0.48641109639730684,0.35583672840165786,0.35023097010299714,0.3556899304599558,0.3519680565135432,0.9846832577465907,0.971119764732587,0.9872336179733799,0.9789272899292129
Healthy_299.jpg,Healthy,79.17905188982108,123.64978181745317,52.18665919282913,112.68841118864398,2.1177130044845045,2.7355064449317585,1.865871236387087,2.5132216614050003,0.7592144459241809,0.748265792020459,0.7606200591485937,0.7528611293267246,0.6937455448370874,0.6911197654910205,0.6942667492511725,0.6915237082566956,0.9951354364865497,0.9924232046883277,0.9967937817877444,0.9930948764079945
Stem and Rot_300.jpg,Stem and Rot,78.38747197309876,154.70582557461208,76.80247037156077,107.96147117375939,4.714545964125961,5.633010919182324,4.38102578475372,5.692654185686719,0.3009397187131233,0.29408437137712534,0.3190395833893046,0.2810597886344119,0.11229467377642996,0.10994781149777313,0.11245716359163742,0.10941877650642282,0.993307151475546,0.9867685210402647,0.993452940976672,0.9907664114845539
Stem and Rot_301.jpg,Stem and Rot,81.61719250481103,130.0067968388655,51.98991031390553,102.33919845562787,4.42953235105755,5.328721671459662,3.843129404228443,5.146373343522214,0.3814580347174868,0.36769561347936974,0.3974227065637436,0.36919187412946197,0.21366698059497946,0.21083339298681614,0.21667149300952168,0.21066419396113392,0.9884721669515526,0.9816096463017795,0.9926704151723483,0.9855234179861891
Stem and Rot_302.jpg,Stem and Rot,168.796644779004,228.97138490618886,110.26157110827486,260.9656739528202,4.678211082639899,5.507088419232702,4.085522101217642,5.848337991916699,0.491074055712013,0.4770678468324481,0.49817054801685245,0.47475978107225425,0.3708120495678,0.36777273084718637,0.372219122694679,0.36718747042823413,0.9850253028921582,0.9796763533465325,0.9902180163769235,0.9768365197761486
Stem and Rot_303.jpg,Stem and Rot,217.3905749519864,291.7708178326546,113.06752482384492,295.79442578777434,5.242672966048364,6.196404512458195,4.1186939461889525,6.094130185606647,0.5152157146645612,0.5020165432338104,0.5255774203754837,0.5034389776092413,0.41101817174996563,0.40801594813903413,0.41319012855700016,0.4079591996090418,0.9794103590782195,0.9723929903946857,0.9892942515356533,0.9720122813700838
Stem and Rot_304.jpg,Stem and Rot,162.32258968611308,295.66892557661697,146.01981902627742,254.26354843250144,5.036715246637354,6.831989382453454,4.968089365791707,6.162721952985705,0.40515822391900835,0.38217466895312074,0.4045020286401357,0.3866770235861244,0.25551053059463497,0.25061205270380377,0.2562493215927921,0.25147315582907953,0.9858424703431194,0.9741518824541024,0.9872711941254698,0.9777716441634752
Stem and Rot_305.jpg,Stem and Rot,153.02146060219542,243.61280138350045,121.15645019219582,241.57769108568579,5.506886611147374,6.704116310402983,4.758107783472627,6.767902028997693,0.4316275173895672,0.4160758375217417,0.44172407844695905,0.4138717225790405,0.31112930939780326,0.30752828338122334,0.31214031016141613,0.3068381851474189,0.9733710274034125,0.9575376408277712,0.9789228397724579,0.9578923659650855
Stem and Rot_306.jpg,Stem and Rot,228.6042200512718,382.70488045203575,172.82405108906323,331.6651651953424,6.920083279949812,8.85666311407919,6.073290358745163,8.360333004887252,0.38938760453216176,0.3730982301429827,0.40153414916345587,0.37479286888430335,0.28327336787127555,0.27913271851148985,0.2844328866522267,0.2794976077927481,0.9786831881113679,0.9642397800067155,0.9838883615658791,0.9690089678044134
Stem and Rot_307.jpg,Stem and Rot,146.87067584882573,243.37352450280198,146.50540518899052,268.6176677592505,5.196788917361097,6.536507872670219,5.010690262652572,6.6563976754011325,0.41167159321528307,0.38867423020443786,0.41520985845258224,0.39259515120567406,0.2789806772713621,0.27503480280654746,0.2798081683202996,0.2745379129022548,0.9842720773815604,0.9738434583300601,0.9843178016364734,0.9711303469250321
Stem and Rot_308.jpg,Stem and Rot,119.32331037796999,196.28556777735042,101.68431694427198,195.70003418528103,4.7620916079440505,6.084678959963407,4.621256406150316,6.059542721551178,0.41396010876498723,0.39281172381929835,0.41411632358620604,0.392321283582789,0.2693830908600839,0.26501694690126226,0.2703035255715662,0.2651148971735556,0.9877122947213645,0.9797291100616724,0.989534370687422,0.9797895795456744
Stem and Rot_309.jpg,Stem and Rot,160.66051409354108,303.96714190913957,189.8763212684298,310.0129099720381,4.5988148622681475,6.070502121498923,4.8135009609228945,6.094230730559959,0.45227129231036955,0.43010915933004146,0.4520382775664949,0.4334453377038692,0.3044964214020708,0.29994324567997266,0.3038952153420348,0.2993483101860893,0.987524498518028,0.9763074037078103,0.985249573072767,0.9758361687543009
Stem and Rot_310.jpg,Stem and Rot,122.1087644138485,173.52822296848916,114.75676649584625,239.66363691206374,4.747817905189517,5.701079852802572,4.688300768738474,6.2993223270129235,0.4063361081939775,0.387742328618494,0.40582927616989617,0.38638989385669287,0.2528916077238148,0.24816181768071371,0.25260650125850204,0.24722949318603862,0.9824056929777141,0.9749440720041737,0.9834626593622343,0.9653947079791265
Stem and Rot_311.jpg,Stem and Rot,110.17180493274502,149.21860483822536,86.27154067906002,190.45136640592466,4.521540679052403,5.264171811217212,4.190502882767894,5.712320778620663,0.4415495320581149,0.4253159505884513,0.44348275321247066,0.42372153639431104,0.29576890460188354,0.2927876045575915,0.2975180189639812,0.2920577173082676,0.9761811182001906,0.967712377984232,0.9813518592777676,0.9587905158504273
Stem and Rot_312.jpg,Stem and Rot,126.44819026266144,208.42842204749698,101.84911515055208,191.26161796939408,4.967769058296418,6.225884292867732,4.721913036515455,6.224114701683496,0.3970841080019387,0.3808394806591795,0.3987884765303749,0.3754914675863462,0.2620062279423218,0.25836126058976383,0.26237413805185306,0.2584297482932253,0.9760684142679624,0.9604260924255186,0.9807125394781211,0.9636855208243011
Stem and Rot_313.jpg,Stem and Rot,143.38256726458386,218.98546119969927,96.66732062780774,195.17291721128237,5.000960922485997,6.183755957288894,4.637491992312982,6.038207082386863,0.38742402649990504,0.3673468775947794,0.38915232429383184,0.36587626700928466,0.23609141367185024,0.23172595751004008,0.23658101175233417,0.23216245037046004,0.9825414119210563,0.9732278210241037,0.9882343778342709,0.9761390357049256
Stem and Rot_314.jpg,Stem and Rot,137.62532030750793,211.5009551770613,116.97948030109825,236.6444328259184,4.5578555413201665,5.477065696073171,4.1915639013456865,5.759315489956062,0.4562170587631245,0.44378008955445547,0.46288085913084676,0.43871668418952037,0.3044947807915361,0.3010573298336731,0.3054838419968666,0.29982692814182665,0.9835115082705446,0.974593209735431,0.9859843837586262,0.9715728211863183
Stem and Rot_315.jpg,Stem and Rot,83.8495755925737,163.14058195419258,90.25580557335584,141.6939813790745,3.561819346572964,4.5728649279095785,3.5817584881488953,4.453015343160207,0.4868796195414285,0.47187780899047155,0.4907349624413221,0.4738183973143758,0.32559650123280853,0.32055849535742653,0.3255112629503396,0.3208584580816256,0.9829729685293569,0.9667770232069208,0.9816720784685606,0.9711445441797047
Stem and Rot_316.jpg,Stem and Rot,168.19979180013797,283.3024593295542,144.04436258809238,268.9082426752876,4.998478539398275,6.461340465322374,4.716367713004889,6.1134147077161565,0.43958493766256196,0.42091150404370514,0.44271086782094626,0.42466787038872367,0.30291266053274196,0.2977150889292271,0.3029794130428628,0.2984650982034807,0.9850439177562487,0.9747293991317861,0.9871917835892552,0.9760133643495318
Stem and Rot_317.jpg,Stem and Rot,181.36855381167973,268.30597840294297,135.42244554773904,291.09413018559997,5.130245035234455,6.302117476724335,4.846572709801981,6.706991896077293,0.4500585632468574,0.4308458060630485,0.44924252133237647,0.42736124238230466,0.32369966645581605,0.319253260823564,0.32395759049402384,0.3188059562189998,0.9794788058310319,0.9696114297753532,0.9846774413672227,0.9670304237356888
Stem and Rot_318.jpg,Stem and Rot,187.21448590648325,320.1204930724441,158.20107303012094,278.68330350499025,7.097733824472141,9.235576826399678,6.715326713645762,8.814253252629769,0.3669514546625182,0.34540848098376226,0.3699523276819993,0.348360634735661,0.2741843932708609,0.2705163908098115,0.2759712181156572,0.27034076460982787,0.9709574806196596,0.9501515172508358,0.9754836952666562,0.9566040283334866
Stem and Rot_319.jpg,Stem and Rot,112.0201793722036,234.31030183594567,118.05443225497284,166.6254499386627,4.282511210762675,5.66391843793398,4.46198350416437,5.440547768907826,0.4120236935626585,0.3934864090618004,0.40838818275048944,0.38213140991104905,0.24580096928685272,0.24116289791697423,0.24500847751235436,0.24130934833023632,0.9909705684618394,0.9810288776209428,0.9904775723647705,0.9865090361905445
Stem and Rot_320.jpg,Stem and Rot,146.76813741192422,226.0060930241857,126.34883488149315,253.86774316796118,5.226737668161849,6.590580948742476,5.108964606022219,6.767700939090092,0.40769362340597537,0.3897655900826369,0.40837362869584465,0.3880361651854271,0.28190568089434465,0.27784836448361927,0.2827824319840101,0.2774652028951301,0.9848974511372645,0.9766536188857378,0.9870065715744474,0.9737755163796361
Stem and Rot_321.jpg,Stem and Rot,170.0938100576756,307.20979710027655,165.57551249201248,295.2754328460143,6.1845771941073195,7.932795752981932,5.944426649584506,8.012588228197572,0.3544794832555443,0.333105044250376,0.353687812067925,0.33197352217096154,0.21140775868531825,0.206967311236405,0.21171472951655876,0.2067055634670769,0.9836261894498772,0.9703427873742443,0.9840629761697982,0.971494898998231
Stem and Rot_322.jpg,Stem and Rot,73.65214606022049,198.76253292846485,123.81514253684261,146.325805867799,4.287676169122509,5.9810171127514185,4.752402306214375,5.540308471918068,0.3968607102227459,0.37532607038317584,0.39483885697469745,0.37434458681285104,0.24214364449413706,0.23630485790407388,0.23952843036399019,0.23694767955030838,0.9934327124337895,0.9821824904246049,0.988935187140124,0.9868830336947131
Stem and Rot_323.jpg,Stem and Rot,174.32443145420342,276.2206961732482,143.3648102178144,277.0534899153271,5.610265855221485,7.02658408574488,5.363208680333331,7.099016670353585,0.39475807195833834,0.3753558049973487,0.3960909532698018,0.37427282237232967,0.26500153932818427,0.26085707729990615,0.26580433257970143,0.2604096799186963,0.9833640606335576,0.973497229220783,0.9863236712749266,0.973417324485324
Stem and Rot_324.jpg,Stem and Rot,112.74679692505738,180.30497295340996,83.72061178732241,169.9468720464935,5.199631646381046,6.557742966880995,4.808496156310524,6.445092400812928,0.3836032205580712,0.3664803547777462,0.39001230213364596,0.36882343278171725,0.2479560565371998,0.24461770699794103,0.2503455671955119,0.24482530964089452,0.9810592323362484,0.9696289312121195,0.9859658182903084,0.9713736784035212
Stem and Rot_325.jpg,Stem and Rot,150.60321909034082,212.4906995917881,128.60618193466792,279.2319974260504,5.1954676489435805,6.1718112167955645,4.870395579757074,6.808542299262584,0.4279369126229952,0.4147793293129757,0.43273369844801485,0.40843522343712846,0.2963072425892475,0.2916982494319155,0.2965800026239476,0.2913660272395198,0.9802679845394118,0.9720871019095401,0.9831500336739839,0.9633199274004832
Stem and Rot_326.jpg,Stem and Rot,132.207959641272,212.3548030324389,154.57827514415752,291.9173118301275,5.210762331839337,6.422932293028813,5.414397821909812,7.47664340726823,0.42852763258057136,0.41443747489810834,0.4285670194262149,0.40515958795829665,0.30266246703154415,0.2981905527801592,0.30265967406501665,0.29718624606999927,0.9682624969750062,0.9489628935047326,0.9628923365257382,0.929840932632873
Stem and Rot_327.jpg,Stem and Rot,123.99307335042751,225.3731223229922,110.84801409353915,183.83848458645932,4.874919923126675,6.41480826077391,4.736947469571216,5.944458967604819,0.43237800993024006,0.412441416900098,0.433483090326227,0.416213041597618,0.29804189295725686,0.2930578429217698,0.2980252645940703,0.2933109151150255,0.9754218033392956,0.9552108024146128,0.978027447693482,0.9634651278507793
Stem and Rot_328.jpg,Stem and Rot,99.99283311980328,192.48193207182848,99.26413356823316,154.39361338454378,4.3209481101862535,5.573206780752095,4.278347213325239,5.461561664220435,0.43580445523863137,0.41887166865356973,0.44015676408850596,0.41626881043442193,0.2929853195172157,0.287867951142167,0.29309539788536493,0.28824382400832577,0.983328206151555,0.9678796735756855,0.9834497021460425,0.9742356427620947
Stem and Rot_329.jpg,Stem and Rot,200.00428411277062,361.0588590158567,222.55261050610812,394.020028554755,6.172085201794516,8.129019284522906,6.097733824472241,8.122142009693297,0.3989747998657521,0.3802739044821021,0.40197079447990547,0.3821203110423919,0.27935401145124766,0.2740012359449911,0.27912120485846187,0.27416800318528456,0.9820663364790386,0.9675402741745759,0.9800445092952103,0.9645770162475131
Stem and Rot_330.jpg,Stem and Rot,136.09769378604827,260.3361016710578,125.07939622038538,197.13816887530277,5.212483984625901,6.762130748658391,4.9287716207565655,6.384805646605182,0.3867726724716659,0.36784960864965527,0.3954938331911962,0.3708813316183961,0.244392755553988,0.23943787843759665,0.24525522176573936,0.24026386598670477,0.9836680979034416,0.968728887751918,0.9849960979070682,0.9763201117028648
Stem and Rot_331.jpg,Stem and Rot,169.8147821909222,228.05642582799032,166.15246636773102,355.566168633998,5.150784753364031,6.230650123670881,5.03627482383154,6.798809547749444,0.4203285032009269,0.4004438566155599,0.42192169108577754,0.40131281970322175,0.2804576577416348,0.27586672166401455,0.28063044674499166,0.2753489005490897,0.9776980740963723,0.970005814354899,0.9781790492804504,0.9532356186307662
Stem and Rot_332.jpg,Stem and Rot,163.41894218451068,272.3152888656507,145.17885169764213,262.44390597035846,5.867332639334382,7.4579219368986225,5.620836002563048,7.286593335881095,0.34458820731689,0.3216557013679962,0.3452689546003047,0.32334194478230294,0.20661241623860715,0.20316240022709556,0.20787395125187283,0.20329178534124015,0.9819022699336473,0.9696856695020049,0.983934138994865,0.9707845588254975
Stem and Rot_333.jpg,Stem and Rot,145.4018657911752,254.51076836453396,125.99279308136913,216.23270124072346,4.427810698270898,5.66164612198164,4.222613709161241,5.418890385892024,0.46443373352509487,0.4444580606701249,0.46285724508612397,0.4425905078642879,0.3160257992392425,0.3112223802863093,0.3159431070555155,0.31109773613210745,0.9892078108702448,0.9810992057738762,0.9906484140040247,0.9839418590522765
Stem and Rot_334.jpg,Stem and Rot,119.06722453556232,200.90544752558893,84.12257767457346,150.6577047597988,4.887932415118984,6.056164411108695,4.3791840166563745,5.693719962195534,0.37778576172543626,0.3583055489755665,0.3818495932482345,0.36082688786182987,0.21970585286785432,0.21635779488736365,0.22194075286854772,0.2164044689227255,0.9814862098012427,0.9686625248472202,0.986945791154127,0.9765002286516704
Stem and Rot_335.jpg,Stem and Rot,88.27688581038709,174.50186008164613,113.4966768097497,179.633031028177,4.1572909993598905,5.681212169961755,4.600376361307504,5.643648575278562,0.4795976963365573,0.4583873211412781,0.474252998125832,0.4581424746514756,0.3455916698161538,0.3403651510313831,0.34446245290385225,0.34088892667515885,0.9844695559868925,0.9692773237208768,0.9800416550224027,0.9683739333280753
Stem and Rot_336.jpg,Stem and Rot,75.8419482703456,138.4157131653546,89.51177130045525,151.97983068229775,4.346592729020351,5.763256852139071,4.662115631006389,5.834683987211202,0.428953305391437,0.40728422852292134,0.42396943207409865,0.4070558577957393,0.29038562051124023,0.28488210220970417,0.2887395424437119,0.28568484139483774,0.9926034183483666,0.9864944496152844,0.9912651281171069,0.9851709664040235
Stem and Rot_337.jpg,Stem and Rot,164.9698510570228,247.2361599871218,137.7436138693189,271.5389209515448,4.345651825753077,5.167950290575144,4.2848934977579685,5.417060467735313,0.405572984617829,0.39222993271683504,0.40623711924780215,0.3868309361233114,0.21118413215519455,0.20732138997135216,0.21074996065193688,0.2066585494861974,0.9876913402887075,0.9814503595820344,0.9897147259444368,0.9796269714616345
Stem and Rot_338.jpg,Stem and Rot,97.8318385650315,147.33696635766307,73.8287155669497,151.95029057492025,4.109825432415578,4.826318647067509,3.6221572709804546,4.909931830521858,0.42779415744828936,0.41204489736561617,0.43187146013144917,0.41390363725728885,0.25091139095185755,0.24669498377076488,0.25191327175089573,0.24643634882041626,0.9716733269179803,0.9572822401029777,0.9786320838379994,0.9559446879522072
Stem and Rot_339.jpg,Stem and Rot,221.578074951982,415.6304972953253,225.28201073033188,376.67222345109224,7.214285714286983,9.766313418730496,7.340066463806452,9.39811779846863,0.3707429941792014,0.3522302515250814,0.37228549026673213,0.3534175134857154,0.26987135218302805,0.2652170453443044,0.26963179579691554,0.26506196124454706,0.9755312693760971,0.9540307398900569,0.9751193714705209,0.9583395743847185
Stem and Rot_340.jpg,Stem and Rot,153.80309096734297,285.4905588288483,143.1882206918772,235.77594562528546,5.812299807816104,7.7072130949753115,5.689822229340714,7.315329083633785,0.4056543188657238,0.38508595907918325,0.40789927317005586,0.3881819797479372,0.2975007537693624,0.2928245603488382,0.2976474728037235,0.2926124216962264,0.9821692573911924,0.9668057656125895,0.9833998634766628,0.9725861267212825
Stem and Rot_341.jpg,Stem and Rot,53.40779147982262,140.9953146051611,96.98422485586732,119.45806269983524,4.23126201153124,6.115666914677871,5.16367713004528,5.875404693438745,0.3582228794455339,0.32741817270494983,0.34157172468205854,0.3294675183826184,0.19220776752851987,0.1858696791453122,0.18786809404613034,0.18606642608956345,0.9869454035424381,0.9653228408039454,0.976227506328556,0.9706198303887257
Stem and Rot_342.jpg,Stem and Rot,141.08920563742376,195.53867964367,103.21722853940607,236.95270365380458,5.028707559257386,6.173359609081709,4.65208600256287,6.489674033260819,0.418172557614069,0.39821669298465157,0.4188214289448596,0.3945096812338305,0.2801301290948587,0.2758468480664768,0.28102972192811526,0.27548043872159733,0.9739722969578458,0.9638342704829678,0.9809671180597589,0.9561745665650977
Stem and Rot_343.jpg,Stem and Rot,179.2489189622252,363.1459108367275,176.36040598977345,283.41613545415936,6.143818065343688,8.69748034346252,5.970671844972146,7.490538719862465,0.3736006129541961,0.34961326518765357,0.3810106829772003,0.36282258240572235,0.23493753717263147,0.22924013679254424,0.23529960754960497,0.22986031444978128,0.9785256392491553,0.9563135676034896,0.9788730477159033,0.9659050550422776
Stem and Rot_344.jpg,Stem and Rot,123.45719891096478,193.2939130085046,104.15160554132876,198.5496390436141,4.865951313261242,5.796034507028564,4.560317905189461,6.043938144745044,0.39977403042891857,0.38198726214698275,0.4026864338639388,0.38151258628039575,0.23925391223480663,0.23499430923735434,0.23998446659648792,0.23581105822447884,0.9847849482752752,0.9761137661079892,0.987171948080473,0.9754642914328943
Stem and Rot_345.jpg,Stem and Rot,202.35149743756256,330.09722697017753,161.30575352339733,301.13513241770266,5.693105381166638,7.146433670494749,5.247897982063428,6.975989865069338,0.3884445900747842,0.36656512495752686,0.3902863215968633,0.3693360920244428,0.24656887657436805,0.24233324662816152,0.24823224925639734,0.24322010455116871,0.976732891218937,0.9619504634787237,0.9814701278975329,0.9652888564865176
Stem and Rot_346.jpg,Stem and Rot,173.46102258169628,317.4436445534804,161.43369634851177,264.4774075489169,6.267116431775241,8.32719338816457,6.27626521460678,7.913310140964746,0.35783722756225006,0.3334462683898204,0.3587649147513683,0.33811567455285524,0.24178452484784158,0.23686440486989777,0.24132034706835587,0.23737125053850575,0.9726521107606926,0.9497950879429072,0.9745390912449756,0.9581718984931719
Stem and Rot_347.jpg,Stem and Rot,234.15256646382522,348.12501759535616,131.18345611788283,310.39190412032445,6.548546604741337,8.172716121378523,5.421885009609725,7.777654889501626,0.3284099898523268,0.31027320586840473,0.34234804873196634,0.31425596463325917,0.19946972205741792,0.196616211386304,0.20325498541829184,0.19734728889067124,0.9762917877694754,0.9646393728423223,0.986777263136664,0.9684720952542453
Stem and Rot_348.jpg,Stem and Rot,81.04992793081898,185.72145026040755,150.7513613068655,227.31026161796547,3.629964766175846,5.0527056647030495,4.430413196669255,5.315449737578061,0.4490881209503582,0.4308480930518469,0.4348583866465391,0.4221104511348433,0.2709589599045255,0.26552246101179083,0.2680241517685652,0.2647492355693377,0.9914660734799632,0.9803957647362915,0.984098754614931,0.9760057664832605
Stem and Rot_349.jpg,Stem and Rot,49.23780829596825,124.71770998813538,112.96480621397653,162.13651993806184,3.8362227738632777,5.72915200386135,5.121196348495197,5.95899776790246,0.37832629038361326,0.33947085967471347,0.3552344659580941,0.34183514420071165,0.2009463069315072,0.19453874718024794,0.19601002795733108,0.1943059914929526,0.9929495790912274,0.9820908475718275,0.9837714805500184,0.9767175996895604
Stem and Rot_350.jpg,Stem and Rot,83.20549727739342,122.08962577168636,85.94646860987378,171.29632608739809,4.171424567585359,4.881196082769029,4.1952674567589225,5.568762693800963,0.4333809756341455,0.4238277258751712,0.43242934871597133,0.4127743075745083,0.2690265206537771,0.2636070103457327,0.26735283990455255,0.26378523966864087,0.9827450175346625,0.9746148072863268,0.9821666645356214,0.9643836221022951
Stem and Rot_351.jpg,Stem and Rot,83.91930253043549,199.1928452210967,167.01169122358925,249.5054998089627,3.610486066624269,5.072271712683139,4.521380525304757,5.430292183635736,0.44344948266505835,0.4254003686307371,0.4308990643209575,0.4152231671526449,0.2605945903743748,0.25508541512148847,0.25757520460952044,0.25426889525043805,0.9913827888008244,0.9794832463210215,0.9828170133534103,0.9743010705256563
Stem and Rot_352.jpg,Stem and Rot,77.68970211403497,143.77670976693295,108.93357623319322,186.0785054998039,4.094851057015152,5.479257576062604,4.559857463165111,5.704196746365645,0.41602127665096833,0.39136848223068676,0.4099459046465685,0.3909061796303445,0.25864176660167787,0.25342781777651185,0.25733858009785454,0.25291034471274115,0.9890164176194032,0.9796239100951465,0.9845957339572698,0.9736288835405312
Stem and Rot_353.jpg,Stem and Rot,93.6192745035317,143.57356874258522,99.21913036515943,191.63478051036898,4.302490390775641,5.130406804882861,4.37916399743802,5.756681212170532,0.4232006616166601,0.4100997995880027,0.4233591822805667,0.4042299882745274,0.2562063483895139,0.25077927176451603,0.25426582654732016,0.2509034564584891,0.9830791092976524,0.9739629854527116,0.9820521899836343,0.9652471021538707
Stem and Rot_354.jpg,Stem and Rot,119.00352338245743,236.68841118863384,149.3595451633693,241.040921796128,5.334160794363123,7.162138792254485,5.7805493273549,7.379677853968981,0.3922003455845099,0.3698190877969578,0.38919175402115924,0.36883925674764134,0.2568336769199017,0.2513709085806541,0.2556671932988615,0.2515239963879922,0.9895868139561186,0.9792312883045611,0.986923414428902,0.978849368304751
Stem and Rot_355.jpg,Stem and Rot,117.84457078796476,209.31528886565326,124.2391095451724,215.71417080576822,5.047125240231083,6.55255484727259,4.943545803972225,6.348730117235841,0.39780578059501115,0.37568461798731495,0.40339106033698463,0.3851581187393678,0.25803700350872366,0.2528809601178431,0.2581545886887687,0.2529051195419777,0.9766791031170865,0.9583813313671846,0.975413653398244,0.9571090260877668
Stem and Rot_356.jpg,Stem and Rot,161.13973414478903,211.92953809647744,111.23038116592701,257.0430533491481,4.786074631646769,5.4953045506649305,4.461242793081739,6.148042389752877,0.40655514706115753,0.3901823337478822,0.4083592628250222,0.3832207766978282,0.2470411310908619,0.24442467313107105,0.2490152609082416,0.2430988818157599,0.9862027534727354,0.9817821352267614,0.9904873703948253,0.9779040919502133
Stem and Rot_357.jpg,Stem and Rot,132.92893177451748,245.85537613866984,138.35918481744224,230.11293209193693,5.0699471492639425,6.6393854692439405,5.0233023702762525,6.48619517786466,0.4209616705989775,0.39965804454478804,0.42309172484448104,0.4021417510730191,0.28906711192745765,0.2837158909485347,0.2889544011978515,0.28430039071723845,0.9863801734252097,0.9747949755335454,0.9858237926304932,0.9764088864985643
Stem and Rot_358.jpg,Stem and Rot,128.48350416400848,244.0317319873726,146.3218689942483,236.70852017937113,4.438340807175358,5.906734500995878,4.627962844331086,5.770154235959344,0.4112455791597165,0.38960385390330593,0.4126595862413544,0.3926996504363946,0.2530358530069727,0.24742462973097834,0.2513194939661933,0.24779078808195407,0.9829942549662024,0.9676255381294004,0.9806174018009789,0.9685970717882312
Stem and Rot_359.jpg,Stem and Rot,35.489389814223095,128.5493172997657,120.2462163677215,144.52188863640706,3.2383488148623774,4.738703774457862,4.633187860346341,5.132437812946505,0.36919111514847286,0.3390484540752533,0.3408782497764103,0.3301787130707634,0.13987699478405738,0.13454953196469346,0.13502338509276995,0.133508131241069,0.9961231594012796,0.9858178788152603,0.9867651317166111,0.9840557151018743
Stem and Rot_360.jpg,Stem and Rot,114.59569186419719,191.13127149148193,102.41261611147422,184.57626334734155,4.825312299808283,6.084960485833649,4.770359545163794,6.249291158077191,0.41230249182096845,0.39266861059243724,0.4128469894369953,0.3907301659906309,0.2781601012609803,0.27410874140270786,0.27890461390123633,0.27340035337400537,0.9782849842778085,0.9636812977056112,0.9805956127591352,0.9649268782297501
Stem and Rot_361.jpg,Stem and Rot,104.85105701474072,190.70099941683762,96.23818866112005,162.20181383096173,4.842488789238076,6.208851977719582,4.6198750800772475,6.011100162883152,0.4016598788311458,0.38589727397563983,0.40820585678435173,0.38448906676300343,0.259469894662169,0.2540020126798596,0.25964907344196475,0.25458177753953837,0.9828507514715421,0.9687093647544497,0.9842594565828184,0.9733855731838321
Stem and Rot_362.jpg,Stem and Rot,95.83554212044208,116.57905849705357,87.64972373479182,197.34372297853952,4.343589846252828,5.016268173500647,4.096953074952308,5.503669890808503,0.4079751586185167,0.3934420663219232,0.4175575453157873,0.3999735661195225,0.25284098664443044,0.24972498199944346,0.2545651028500305,0.25109863054972315,0.9907448580515003,0.9887290474594035,0.9915392299775647,0.9809206579247384
Stem and Rot_363.jpg,Stem and Rot,71.24663677130529,141.99018681252463,70.27378283152149,89.34239578515499,4.3527786675211635,5.425083955036586,4.354460281870769,5.063926481530105,0.30409700017980185,0.28682313629090617,0.30178389667702027,0.2819789869255729,0.09410195950313514,0.09198268796394919,0.09301189685152011,0.09087246569701198,0.9913385004123224,0.9826980067715442,0.9914604966693894,0.9891133214091052
Stem and Rot_364.jpg,Stem and Rot,152.29075912877838,196.04051961631959,115.68059336964636,276.60932252810335,4.784593209481689,5.724486718012146,4.4344770980146215,6.241086689859647,0.43509102036262054,0.4198092866650807,0.43834179207793644,0.41369200846082355,0.2933301970540863,0.28906816964985665,0.2938530978822487,0.28817691499772174,0.9815114222921583,0.9761845629355681,0.9859551049942908,0.9663968860876424
Stem and Rot_365.jpg,Stem and Rot,135.68253523383675,242.8234430613946,132.28505365151835,229.33071246154103,4.959561178732107,6.414788151783241,4.772881966688518,6.1279535080139205,0.37141675941922064,0.34853860086743343,0.3765277640736891,0.3515350014995199,0.20974194881484642,0.20400852312036233,0.207837653593871,0.2047598768531939,0.9824116742838322,0.9683383683017825,0.9828163116378913,0.97009767894111
Stem and Rot_366.jpg,Stem and Rot,139.36557094812363,280.27229584346816,167.6076633568396,253.10263628868313,5.780809577194812,7.756258923365351,6.040118513773937,7.437209676446956,0.35553429358101407,0.3331084273447452,0.3538170351583738,0.33236382029516137,0.22210634185535436,0.2176021297064344,0.2214459925021682,0.21778171716142863,0.9835392497195306,0.96681922865214,0.9802113101991324,0.9700357801081909
Stem and Rot_367.jpg,Stem and Rot,164.76765695069307,240.17293732027545,128.11326873800311,272.4445293490673,5.990390775145088,7.470932453900868,5.554332158873375,7.46666934786613,0.38674574046121607,0.3676367385336112,0.3903615571388042,0.3712677123960103,0.2597016676083533,0.2557842061270919,0.26064777869173283,0.2550689863578696,0.9801220603065315,0.9710272229300243,0.9845566295574717,0.9671342046242383
Stem and Rot_368.jpg,Stem and Rot,104.71142296605714,207.18114178849592,127.52450352339521,203.38303605542066,5.076213164638624,6.721892658208078,5.125120115311313,6.671781053309411,0.43036692782919744,0.4098381195262264,0.4327605719389529,0.4082531633963024,0.31300904148900405,0.3083246737630011,0.31233595035887013,0.3076779939629674,0.9820419115195216,0.9644066743380959,0.9781285770287609,0.9650591816709895
Stem and Rot_369.jpg,Stem and Rot,89.4788597053249,178.29250537915797,110.07583279949752,170.40632226668748,5.006526265215101,6.718373584830348,5.2644939141581455,6.5847694504218035,0.41148487662473876,0.3893982265581063,0.40988698622699404,0.3900361765341628,0.2804465393222854,0.2752164700985641,0.2802961562155295,0.2755594469015192,0.9782940988973976,0.9566599668268785,0.9732976576992414,0.9585769707804433
Stem and Rot_370.jpg,Stem and Rot,82.69740951313959,152.8053650787305,102.82745435619154,167.04980997004284,4.5691263613073385,5.957690683505149,4.908732383088299,5.970600655553641,0.383954896931762,0.36348948686184185,0.38170998046922056,0.36291037281007255,0.2129772985787303,0.20864676558318274,0.21299968076726866,0.2086048642333066,0.9749861525196369,0.953595290751444,0.9688959035737867,0.949269465390225
Stem and Rot_371.jpg,Stem and Rot,120.01653587444986,193.9629592390749,96.39385810378825,189.40750869713563,4.363629083921056,5.4860141969479885,4.220892056374597,5.546864002896196,0.4380759385164807,0.42620108154419345,0.4390083021633924,0.4194387574706412,0.27759015268418163,0.2731824264414245,0.27803032967434815,0.27258450382336713,0.9867876641235507,0.9786152952590655,0.9893895345186176,0.9791175404567225
Stem and Rot_372.jpg,Stem and Rot,190.7348054132166,307.5471455287658,168.88142616913908,324.824187094049,5.0518697950039,6.377566409942522,4.759429051890401,6.2458123026810775,0.41603539120775196,0.3976455400177087,0.42001273857785476,0.3974824914714931,0.25027207676924507,0.24564081758418255,0.2502645808140032,0.245398045475395,0.9815692374308476,0.9702180303587163,0.9836828822432189,0.9685449719841954
Stem and Rot_373.jpg,Stem and Rot,145.4300128123127,247.41124896941346,137.435217809108,241.77695107482222,4.173766816143919,5.276116551710699,4.067264573991443,5.066419996380731,0.4629813471471694,0.4473553133354001,0.46352518335669063,0.4456998221365733,0.3006487499806827,0.2959575003677043,0.3009883661904842,0.2961608582374252,0.9887671750739717,0.9808663487677693,0.9893846826355456,0.9813020795249658
Stem and Rot_374.jpg,Stem and Rot,89.18731982704014,184.841581371029,107.0588164638131,158.4693237346409,3.4485305893660847,4.6008767519961715,3.91431774503561,4.564278388867965,0.4611082534244765,0.44346994838608556,0.4492643605040648,0.43474626779108416,0.2668003389171507,0.2614696250755089,0.2648705397685949,0.2617738897160101,0.9931078872649493,0.9856926328587935,0.9917233043290866,0.9877339353057059
Stem and Rot_375.jpg,Stem and Rot,108.55257046766125,219.38148766313225,146.34088725177978,235.28838303605443,5.5499679692511785,7.587966779948023,6.179051889815148,7.750407207063086,0.40270366040359384,0.3818158190571091,0.3948092454602044,0.37856149936781447,0.28606105075694194,0.2809534035628931,0.285345592584208,0.2810086727176901,0.9858201441258531,0.9712925018055636,0.9808820571442376,0.969210980821004
Stem and Rot_376.jpg,Stem and Rot,173.10165759130447,307.2683544812789,168.4437459961732,298.8648072553165,5.547245355541879,7.456695288463987,5.475376361307467,6.998733133584501,0.41179041415081047,0.38988313052788515,0.4128821610269844,0.3953260295473651,0.28328360820759135,0.277970966708348,0.2825497389597689,0.278303105817463,0.9816430806125266,0.9672943090829469,0.9821342971377242,0.9681887839423723
Stem and Rot_377.jpg,Stem and Rot,337.3518577835344,550.4511653159976,287.52190102503994,559.9513764603948,9.758368033313866,12.452774035272473,9.112628122999944,12.471435178669672,0.3281029620620902,0.3133291830863347,0.3369606014709941,0.3127102713603343,0.23875999628867392,0.2332160102887979,0.23975187689257715,0.23309350374408563,0.9549682468167192,0.9264254614543709,0.9616264865494758,0.9251556419043844
Stem and Rot_378.jpg,Stem and Rot,136.3979820627951,256.44959681473637,113.14149583601353,184.9501095940003,4.954756566304286,6.42779866878542,4.681414157591839,6.042228880533037,0.4576409034552193,0.44275921701301757,0.46148069481288156,0.442175808145534,0.33196239905538044,0.3270316024726719,0.33200708324314243,0.32759336247473697,0.9819088786273056,0.9659531748161222,0.9849934984190885,0.9754456075295183
Stem and Rot_379.jpg,Stem and Rot,124.98922966048607,277.61754710531346,174.18547805895656,254.48352068209996,4.64389814221711,6.318747612057985,4.836503042921851,6.113957650466104,0.4499788037080316,0.42786602478429503,0.45029778940568693,0.429907264570755,0.3142979785848638,0.30941553090650326,0.3146484867356319,0.309559728755688,0.9833760846554798,0.9630353080241593,0.9768344348348925,0.9661155966075454
Stem and Rot_380.jpg,Stem and Rot,128.1332278987917,296.0539122041469,163.1036194747093,208.9117215306945,4.141635970532062,5.824991453679393,4.625680653427764,5.32190472360232,0.4356914294034783,0.40537505826896,0.42766423969323314,0.4166486082176094,0.2526405412508678,0.24692031150065236,0.2507582762327159,0.24766374909449682,0.9877354923350041,0.971576785734586,0.9843777951312301,0.979943036119957
Stem and Rot_381.jpg,Stem and Rot,112.6045003203162,242.17329928210887,154.18149423447886,226.28623137404614,4.175248238309158,5.797663335277623,4.688981422165772,5.693096583482899,0.43295783108725444,0.4112853124690573,0.42432152916337434,0.4107512244973864,0.25934241981740935,0.254135374633763,0.2583985194831977,0.25393734372688614,0.9876119299982797,0.973267730883672,0.9830300356833839,0.9750214228721956
Stem and Rot_382.jpg,Stem and Rot,81.98794843049907,136.44845060226385,58.6299047085241,106.65750366989072,3.768417680974072,4.489472943353268,3.498218289558268,4.504474250437624,0.4174134397825379,0.4095535716749674,0.42076508115546246,0.4007621131990491,0.21907275157148515,0.21507525465175392,0.2206247240385455,0.21534571941011435,0.9885159695153609,0.9807978607881302,0.9917996939993624,0.984990285896109
Stem and Rot_383.jpg,Stem and Rot,57.52258167841551,124.3556878280298,91.82459160795088,141.2848438536874,4.075472453555766,5.80381668644096,4.807174887892891,5.652315550282937,0.38007198379887625,0.3461278838974434,0.36282813546678755,0.35427253649480656,0.19925164528859568,0.19288081324370593,0.19491109314206634,0.19322777115557618,0.9915186469768319,0.9816062043565466,0.9864230795844888,0.9791021658055921
Stem and Rot_384.jpg,Stem and Rot,72.60972533632885,178.85129401355363,126.73364429854094,174.1015504031866,3.9494114349779785,5.3560296808707974,4.719070307495901,5.795370910334592,0.46378290035785186,0.4456549708596327,0.45442505227151964,0.43775036684137825,0.32053089088985276,0.3156600571551011,0.31921140810599435,0.31523653644302463,0.9885014541238766,0.971638239680428,0.9799257913399243,0.9723914413310001
Stem and Rot_385.jpg,Stem and Rot,140.97121236387943,225.8182147237975,121.41704035875296,238.92171569908484,4.495916079436685,5.7834663878224,4.385690262652548,5.679945303545592,0.4439284927212284,0.4251590812740012,0.44457457624612257,0.42883666373888046,0.29747848706915786,0.29242108820590806,0.2973441172855783,0.2924723141294584,0.9869973646558928,0.9791260709611818,0.9888009652901905,0.9779148243403104
Stem and Rot_386.jpg,Stem and Rot,153.39301729662108,242.10400370005382,116.28251121077218,233.1562267489781,4.553811659193414,5.733837398701456,4.296644778988332,5.701301051700682,0.47849134007414473,0.46113449246312216,0.47897514815084624,0.45938120305434255,0.3451224839447689,0.3403855932287604,0.34502346700157926,0.3405055112285188,0.9818307279943533,0.9712883776170208,0.9862264357731317,0.9723495132821031
Stem and Rot_387.jpg,Stem and Rot,165.45753923768422,296.958736351015,153.739269698928,263.4212029198183,5.009188821269055,6.496470872127528,5.064581998719421,6.534517082588197,0.41651911280594006,0.3977173950208446,0.41548569017797543,0.3958117607549973,0.2663430144335645,0.26094847684215644,0.26556154699378276,0.2612257908631108,0.9848404780109723,0.972756042782155,0.985914058244505,0.9758328848283462
Stem and Rot_388.jpg,Stem and Rot,183.6968289558165,311.40845381969564,155.65725096093786,290.27438717850083,4.8542200512498,6.182127129039876,4.659292921204933,6.176858573468736,0.45129967202007776,0.4355017317081254,0.455007064004615,0.4335459190435062,0.3112885056040795,0.30668294050589384,0.31167188621451014,0.3068599729763342,0.9822005344195983,0.969774424223038,0.9849176100943746,0.9718257151398526
Stem and Rot_389.jpg,Stem and Rot,59.26983904548759,172.49482193488598,129.03247117233806,151.06225743529845,3.2981862588087134,4.8130266041951,4.45767937219779,4.8776971183819615,0.43693415678649394,0.4116388883856099,0.4186730557610523,0.405233004490228,0.23894922243647118,0.23297429614044624,0.2353714251615592,0.2336169023400114,0.9931948394662243,0.9801171187537844,0.9851483812848231,0.9825875763012366
Stem and Rot_390.jpg,Stem and Rot,96.81081838565838,269.90363771642876,159.99315342730807,170.24496772507212,4.112668161435386,6.057632367431981,4.889373798847455,5.31094532365462,0.40541637764083577,0.3760262846479139,0.39619141521183626,0.3859413793582686,0.24306727095782044,0.23707752410071528,0.24016628227355566,0.2378982490037975,0.9832010247663951,0.9530208143453917,0.9722273859856941,0.9703673132634185
Stem and Rot_391.jpg,Stem and Rot,174.35782351059007,288.81244344346646,159.4809016656154,302.52114460375265,4.636410954517034,5.956323272135616,4.458720371557223,5.793480665205911,0.46524747919353865,0.449264709393636,0.469372547657217,0.45015404132258613,0.31480652424966177,0.3101511787233752,0.3147735125848642,0.30993579012474554,0.9828821481762269,0.9716176396709255,0.9843427132292212,0.9702704494621619
Stem and Rot_392.jpg,Stem and Rot,109.75872837925232,154.66432061774884,85.03511370916688,187.3187476120595,4.531870595772319,5.582296044561878,4.303331197950401,5.862052323594299,0.42502041557112274,0.40519390183589327,0.42456501544424535,0.40058110926739576,0.2785400179830436,0.2740990431154278,0.27919684175012516,0.273711465848773,0.9746556473619877,0.9641914049925451,0.9803728200272801,0.956631101835547
Stem and Rot_393.jpg,Stem and Rot,105.76749679693407,164.42401817853116,86.98987027547138,173.68899434937637,4.337243754004245,5.326268374590671,3.8054131966691096,5.194675139255137,0.5084125052990621,0.4959616336289291,0.519722339105298,0.5017165575737478,0.39960881906204493,0.3955236614746974,0.40027348745906993,0.39561191384953753,0.9793748012076025,0.9679090008409119,0.9830365337018298,0.9661007349573631
Stem and Rot_394.jpg,Stem and Rot,98.54440262653016,141.1777031510823,66.1831358103833,145.15067666754277,3.9583199871881276,4.557742966880867,3.323470531710761,4.645619256369933,0.46705582519837363,0.4545262773702966,0.4758223182078676,0.4535121772252794,0.3078996662272707,0.3041753831124738,0.309182003426156,0.3038542043915036,0.9718789574858079,0.9596961396064627,0.9811196684843735,0.9585619224717524
Stem and Rot_395.jpg,Stem and Rot,102.11635169764024,181.8184962496761,108.37540038437993,189.7619899857269,4.6775704676495335,6.156367511915145,4.838765214606641,6.1465141064575395,0.41853425299974595,0.40004886626428454,0.41737684469503994,0.39804126403419116,0.2690533667077661,0.26352940721773627,0.26910973068288013,0.26415296554093504,0.9798684169040774,0.9640903809357182,0.9786344856418956,0.9625215205613191
Stem and Rot_396.jpg,Stem and Rot,163.88008488150007,268.65704116310246,106.17248558617085,200.3149470128072,5.869995195388229,7.215789579521649,5.112227738629581,6.827645840455813,0.32424150070610364,0.3050243054973044,0.33403855510057323,0.3040834861240339,0.17351394717964563,0.17079578822959504,0.17602256621620285,0.17085626072940563,0.9806439555717564,0.9681541574604733,0.987495610615098,0.9762552351754308
Stem and Rot_397.jpg,Stem and Rot,100.80200992954093,217.97946872046234,130.6282230941825,179.6693478654293,4.23470531710489,5.664401053711618,4.546544682896086,5.403145046150608,0.4023264301804512,0.37880276713633304,0.39564375375862504,0.3792254959527771,0.23011145399594599,0.22479754393347037,0.22787714868622785,0.22455353936548342,0.9919706369125713,0.9826048708645211,0.989591275358335,0.9856620831028103
Stem and Rot_398.jpg,Stem and Rot,170.6296444587019,219.31339862052565,158.2418721973275,350.68382633875945,5.264774183216759,6.218826037121791,4.959681294043057,6.80894447907723,0.41560465260937135,0.3979569649360626,0.42427286880804893,0.4000951757158714,0.27918592791937125,0.2759977863195949,0.28066165690872,0.2751788523552474,0.9769314426202438,0.9703301761132922,0.9786158559470032,0.9525577213575049
Stem and Rot_399.jpg,Stem and Rot,189.57859545165473,328.9307647449147,157.7827914798388,278.91652757947935,5.964485906471096,7.882121096342958,5.807415118514483,7.532063785719268,0.43005895940344724,0.4088211073410913,0.4289722593215082,0.41193202832201575,0.3320117164012065,0.3271587072460118,0.332208726487845,0.3276424746950676,0.9750609604368298,0.9566704322161115,0.9792436943119645,0.9632587344112593
